[2025-07-10 18:03:03] [info] ➡️ GET /login 요청 from ::1
[2025-07-10 18:03:03] [info] ➡️ GET /assets/index-DbB911Mp.js 요청 from ::1
[2025-07-10 18:03:03] [info] ➡️ GET /assets/index-fpdiA0QG.css 요청 from ::1
[2025-07-10 18:03:04] [info] ➡️ GET /vite.svg 요청 from ::1
[2025-07-10 18:03:04] [info] ➡️ GET /assets/Login-Dd9De6b7.js 요청 from ::1
[2025-07-10 18:03:04] [info] ➡️ GET /assets/Login-CunE_drh.css 요청 from ::1
[2025-07-10 18:03:04] [info] ➡️ GET /api/exchange-rate 요청 from ::1
[2025-07-10 18:03:04] [info] ➡️ GET /vite.svg 요청 from ::1
[2025-07-10 18:03:09] [info] ➡️ POST /api/users/login 요청 from ::1
[2025-07-10 18:03:09] [info] ➡️ GET /assets/Home-CGODEu8m.css 요청 from ::1
[2025-07-10 18:03:09] [info] ➡️ GET /assets/Home-BuIgyUhK.js 요청 from ::1
[2025-07-10 18:03:09] [info] ➡️ GET /assets/home003-B-T2BtG4.jpg 요청 from ::1
[2025-07-10 18:03:09] [info] ➡️ GET /assets/home002-CvIupPnz.jpg 요청 from ::1
[2025-07-10 18:03:09] [info] ➡️ GET /assets/home004-CYRkFF-x.png 요청 from ::1
[2025-07-10 18:03:09] [info] ➡️ GET /api/users/notices 요청 from ::1
[2025-07-10 18:03:09] [info] ➡️ GET /api/exchange-rate 요청 from ::1
[2025-07-10 18:03:09] [info] ➡️ GET /api/exchange-rate 요청 from ::1
[2025-07-14 15:55:13] [info] ➡️ GET / 요청 from ::1
[2025-07-14 15:55:13] [info] ➡️ GET /assets/index-fpdiA0QG.css 요청 from ::1
[2025-07-14 15:55:13] [info] ➡️ GET /assets/index-DbB911Mp.js 요청 from ::1
[2025-07-14 15:55:13] [info] ➡️ GET /assets/Home-BuIgyUhK.js 요청 from ::1
[2025-07-14 15:55:13] [info] ➡️ GET /assets/Home-CGODEu8m.css 요청 from ::1
[2025-07-14 15:55:13] [info] ➡️ GET /vite.svg 요청 from ::1
[2025-07-14 15:55:14] [info] ➡️ GET /assets/home003-B-T2BtG4.jpg 요청 from ::1
[2025-07-14 15:55:14] [info] ➡️ GET /assets/home002-CvIupPnz.jpg 요청 from ::1
[2025-07-14 15:55:14] [info] ➡️ GET /assets/home004-CYRkFF-x.png 요청 from ::1
[2025-07-14 15:55:14] [info] ➡️ GET /api/exchange-rate 요청 from ::1
[2025-07-14 15:55:14] [info] ➡️ GET /api/users/notices 요청 from ::1
[2025-07-14 15:55:17] [info] ➡️ GET / 요청 from ::1
[2025-07-14 15:55:17] [info] ➡️ GET /assets/index-DbB911Mp.js 요청 from ::1
[2025-07-14 15:55:17] [info] ➡️ GET /assets/index-fpdiA0QG.css 요청 from ::1
[2025-07-14 15:55:18] [info] ➡️ GET /assets/Home-BuIgyUhK.js 요청 from ::1
[2025-07-14 15:55:18] [info] ➡️ GET /assets/Home-CGODEu8m.css 요청 from ::1
[2025-07-14 15:55:18] [info] ➡️ GET /vite.svg 요청 from ::1
[2025-07-14 15:55:18] [info] ➡️ GET /assets/home003-B-T2BtG4.jpg 요청 from ::1
[2025-07-14 15:55:18] [info] ➡️ GET /assets/home002-CvIupPnz.jpg 요청 from ::1
[2025-07-14 15:55:18] [info] ➡️ GET /assets/home004-CYRkFF-x.png 요청 from ::1
[2025-07-14 15:55:18] [info] ➡️ GET /api/exchange-rate 요청 from ::1
[2025-07-14 15:55:18] [info] ➡️ GET /api/users/notices 요청 from ::1
[2025-07-14 15:55:18] [info] ➡️ GET /api/exchange-rate 요청 from ::1
[2025-07-14 15:55:24] [info] ➡️ GET / 요청 from ::1
[2025-07-14 15:55:24] [info] ➡️ GET /assets/Login-Dd9De6b7.js 요청 from ::1
[2025-07-14 15:55:24] [info] ➡️ GET /assets/Login-CunE_drh.css 요청 from ::1
[2025-07-14 15:55:24] [info] ➡️ GET /assets/index-fpdiA0QG.css 요청 from ::1
[2025-07-14 15:55:24] [info] ➡️ GET /assets/index-DbB911Mp.js 요청 from ::1
[2025-07-14 15:55:24] [info] ➡️ GET /vite.svg 요청 from ::1
[2025-07-14 15:55:24] [info] ➡️ GET /assets/Home-BuIgyUhK.js 요청 from ::1
[2025-07-14 15:55:24] [info] ➡️ GET /assets/Home-CGODEu8m.css 요청 from ::1
[2025-07-14 15:55:24] [info] ➡️ GET /assets/home003-B-T2BtG4.jpg 요청 from ::1
[2025-07-14 15:55:24] [info] ➡️ GET /assets/home002-CvIupPnz.jpg 요청 from ::1
[2025-07-14 15:55:24] [info] ➡️ GET /assets/home004-CYRkFF-x.png 요청 from ::1
[2025-07-14 15:55:24] [info] ➡️ GET /api/exchange-rate 요청 from ::1
[2025-07-14 15:55:24] [info] ➡️ GET /api/users/notices 요청 from ::1
[2025-07-14 15:55:25] [info] ➡️ GET /api/exchange-rate 요청 from ::1
[2025-07-14 15:55:25] [info] ➡️ GET /assets/Login-CunE_drh.css 요청 from ::1
[2025-07-14 15:55:25] [info] ➡️ GET /assets/Login-Dd9De6b7.js 요청 from ::1
[2025-07-14 15:55:25] [info] ➡️ GET /api/exchange-rate 요청 from ::1
[2025-07-14 16:06:22] [info] ➡️ POST /api/users/login 요청 from ::1
[2025-07-14 16:26:29] [info] ➡️ GET /login 요청 from ::1
[2025-07-14 16:26:29] [info] ➡️ GET /assets/index-DbB911Mp.js 요청 from ::1
[2025-07-14 16:26:29] [info] ➡️ GET /assets/index-fpdiA0QG.css 요청 from ::1
[2025-07-14 16:26:29] [info] ➡️ GET /vite.svg 요청 from ::1
[2025-07-14 16:26:29] [info] ➡️ GET /assets/Login-Dd9De6b7.js 요청 from ::1
[2025-07-14 16:26:29] [info] ➡️ GET /assets/Login-CunE_drh.css 요청 from ::1
[2025-07-14 16:26:29] [info] ➡️ GET /api/exchange-rate 요청 from ::1
[2025-07-14 16:26:29] [info] ➡️ GET /vite.svg 요청 from ::1
[2025-07-14 16:26:44] [info] ➡️ POST /api/users/login 요청 from ::1
[2025-07-14 16:27:22] [info] ➡️ POST /api/users/login 요청 from ::1
[2025-07-14 16:27:22] [info] ➡️ GET /assets/Home-CGODEu8m.css 요청 from ::1
[2025-07-14 16:27:22] [info] ➡️ GET /assets/Home-BuIgyUhK.js 요청 from ::1
[2025-07-14 16:27:22] [info] ➡️ GET /assets/home003-B-T2BtG4.jpg 요청 from ::1
[2025-07-14 16:27:22] [info] ➡️ GET /assets/home002-CvIupPnz.jpg 요청 from ::1
[2025-07-14 16:27:22] [info] ➡️ GET /assets/home004-CYRkFF-x.png 요청 from ::1
[2025-07-14 16:27:22] [info] ➡️ GET /api/exchange-rate 요청 from ::1
[2025-07-14 16:27:22] [info] ➡️ GET /api/users/notices 요청 from ::1
[2025-07-14 16:27:23] [info] ➡️ GET /api/exchange-rate 요청 from ::1
[2025-07-14 16:28:25] [info] ➡️ GET / 요청 from ::1
[2025-07-14 16:28:25] [info] ➡️ GET /api/exchange-rate 요청 from ::1
[2025-07-14 16:28:25] [info] ➡️ GET /api/users/notices?limit=3&lang=ko 요청 from ::1
[2025-07-14 16:28:26] [info] ➡️ GET /api/exchange-rate 요청 from ::1
[2025-07-14 16:28:30] [info] ➡️ GET /api/users/info?lang=ko 요청 from ::1
[2025-07-14 16:28:30] [info] ➡️ GET /api/exchange-rate 요청 from ::1
[2025-07-14 16:28:45] [info] ➡️ PATCH /api/users/4/bank-info 요청 from ::1
[2025-07-14 16:28:46] [info] ➡️ GET /api/users/info?lang=ko 요청 from ::1
[2025-07-14 16:29:25] [info] ➡️ GET /api/users/me 요청 from ::1
[2025-07-14 16:29:25] [info] ➡️ GET /api/exchange-rate 요청 from ::1
[2025-07-14 16:29:25] [info] ➡️ GET /api/users/me 요청 from ::1
[2025-07-14 16:29:25] [info] ➡️ GET /api/platforms?lang=ko 요청 from ::1
[2025-07-14 16:29:25] [info] ➡️ GET /api/platforms?lang=ko 요청 from ::1
[2025-07-14 16:29:25] [info] ➡️ GET /api/users/me/withdraws 요청 from ::1
[2025-07-14 16:29:25] [info] ➡️ GET /api/users/me/withdraws 요청 from ::1
[2025-07-14 16:29:26] [info] ➡️ GET /api/exchange-rate 요청 from ::1
[2025-07-14 16:29:26] [info] ➡️ GET /api/exchange-rate 요청 from ::1
[2025-07-14 16:29:26] [info] ➡️ GET /api/users/me/withdraws 요청 from ::1
[2025-07-14 16:29:27] [info] ➡️ GET /api/users/me/withdraws 요청 from ::1
[2025-07-14 16:56:05] [info] 🚀 서버 실행 중: http://localhost:3000
[2025-07-14 16:56:39] [info] 🚀 서버 실행 중: http://localhost:3000
[2025-07-14 17:02:08] [info] ➡️ GET / 요청 from ::1
[2025-07-14 17:02:08] [info] ➡️ GET /api/exchange-rate 요청 from ::1
[2025-07-14 17:02:08] [info] ➡️ GET /api/users/notices?limit=3&lang=ko 요청 from ::1
[2025-07-14 17:02:09] [info] ➡️ GET /api/exchange-rate 요청 from ::1
[2025-07-14 17:02:10] [info] ➡️ GET /api/exchange-rate 요청 from ::1
[2025-07-14 17:02:17] [info] ➡️ POST /api/users/login 요청 from ::1
[2025-07-14 17:02:17] [info] ➡️ GET /api/exchange-rate 요청 from ::1
[2025-07-14 17:02:17] [info] ➡️ GET /api/users/notices?limit=3&lang=ko 요청 from ::1
[2025-07-14 17:02:18] [info] ➡️ GET /api/exchange-rate 요청 from ::1
[2025-07-14 17:03:39] [info] ➡️ GET /api/users/me 요청 from ::1
[2025-07-14 17:03:39] [info] ➡️ GET /api/exchange-rate 요청 from ::1
[2025-07-14 17:03:39] [info] ➡️ GET /api/users/me 요청 from ::1
[2025-07-14 17:03:39] [info] ➡️ GET /api/platforms?lang=ko 요청 from ::1
[2025-07-14 17:03:39] [info] ➡️ GET /api/platforms?lang=ko 요청 from ::1
[2025-07-14 17:03:39] [info] ➡️ GET /api/users/me/withdraws 요청 from ::1
[2025-07-14 17:03:39] [info] ➡️ GET /api/users/me/withdraws 요청 from ::1
[2025-07-14 17:03:40] [info] ➡️ GET /api/exchange-rate 요청 from ::1
[2025-07-14 17:03:40] [info] ➡️ GET /api/exchange-rate 요청 from ::1
[2025-07-14 17:03:40] [info] ➡️ GET /api/users/me/withdraws 요청 from ::1
[2025-07-14 17:03:40] [info] ➡️ GET /api/users/me 요청 from ::1
[2025-07-14 17:03:40] [info] ➡️ GET /api/platforms?lang=ko 요청 from ::1
[2025-07-14 17:03:40] [info] ➡️ GET /api/users/me/withdraws 요청 from ::1
[2025-07-14 17:03:41] [info] ➡️ GET /api/users/me/withdraws 요청 from ::1
[2025-07-14 17:03:52] [info] ➡️ GET /api/users/me 요청 from ::1
[2025-07-14 17:03:52] [info] ➡️ GET /api/platforms?lang=ko 요청 from ::1
[2025-07-14 17:03:52] [info] ➡️ GET /api/users/me/withdraws 요청 from ::1
[2025-07-14 17:03:52] [info] ➡️ GET /api/exchange-rate 요청 from ::1
[2025-07-14 17:03:53] [info] ➡️ GET /api/users/me/withdraws 요청 from ::1
[2025-07-14 17:03:57] [info] ➡️ GET /api/platforms?lang=ko 요청 from ::1
[2025-07-14 17:03:57] [info] ➡️ GET /api/exchange-rate 요청 from ::1
[2025-07-14 17:03:57] [info] ➡️ GET /api/platforms?lang=ko 요청 from ::1
[2025-07-14 17:03:57] [info] ➡️ GET /api/users/me 요청 from ::1
[2025-07-14 17:03:57] [info] ➡️ GET /api/users/me 요청 from ::1
[2025-07-14 17:03:57] [info] ➡️ GET /api/users/me/transactions?type=charge&lang=ko 요청 from ::1
[2025-07-14 17:03:57] [info] ➡️ GET /api/users/me/transactions?type=charge&lang=ko 요청 from ::1
[2025-07-14 17:03:59] [info] ➡️ GET /api/platforms?lang=ko 요청 from ::1
[2025-07-14 17:03:59] [info] ➡️ GET /api/exchange-rate 요청 from ::1
[2025-07-14 17:03:59] [info] ➡️ GET /api/platforms?lang=ko 요청 from ::1
[2025-07-14 17:03:59] [info] ➡️ GET /api/users/me/transactions 요청 from ::1
[2025-07-14 17:03:59] [info] ➡️ GET /api/users/me/transactions 요청 from ::1
[2025-07-14 17:04:01] [info] ➡️ GET /api/platforms?lang=ko 요청 from ::1
[2025-07-14 17:04:01] [info] ➡️ GET /api/exchange-rate 요청 from ::1
[2025-07-14 17:04:01] [info] ➡️ GET /api/platforms?lang=ko 요청 from ::1
[2025-07-14 17:04:01] [info] ➡️ GET /api/users/me 요청 from ::1
[2025-07-14 17:04:01] [info] ➡️ GET /api/users/me 요청 from ::1
[2025-07-14 17:04:01] [info] ➡️ GET /api/users/me/transactions?type=charge&lang=ko 요청 from ::1
[2025-07-14 17:04:01] [info] ➡️ GET /api/users/me/transactions?type=charge&lang=ko 요청 from ::1
[2025-07-14 17:04:07] [info] ➡️ GET /api/users/me 요청 from ::1
[2025-07-14 17:04:07] [info] ➡️ GET /api/exchange-rate 요청 from ::1
[2025-07-14 17:04:07] [info] ➡️ GET /api/users/me 요청 from ::1
[2025-07-14 17:04:07] [info] ➡️ GET /api/platforms?lang=ko 요청 from ::1
[2025-07-14 17:04:07] [info] ➡️ GET /api/platforms?lang=ko 요청 from ::1
[2025-07-14 17:04:07] [info] ➡️ GET /api/users/me/withdraws 요청 from ::1
[2025-07-14 17:04:07] [info] ➡️ GET /api/users/me/withdraws 요청 from ::1
[2025-07-14 17:04:08] [info] ➡️ GET /api/exchange-rate 요청 from ::1
[2025-07-14 17:04:08] [info] ➡️ GET /api/exchange-rate 요청 from ::1
[2025-07-14 17:04:08] [info] ➡️ GET /api/users/me/withdraws 요청 from ::1
[2025-07-14 17:04:08] [info] ➡️ GET /api/users/me/withdraws 요청 from ::1
[2025-07-14 17:04:11] [info] ➡️ GET /.well-known/appspecific/com.chrome.devtools.json 요청 from ::1
[2025-07-14 17:05:42] [info] ➡️ GET /trade/withdraw 요청 from ::1
[2025-07-14 17:05:42] [info] ➡️ GET /.well-known/appspecific/com.chrome.devtools.json 요청 from ::1
[2025-07-14 17:05:42] [info] ➡️ GET /api/users/me 요청 from ::1
[2025-07-14 17:05:42] [info] ➡️ GET /api/exchange-rate 요청 from ::1
[2025-07-14 17:05:42] [info] ➡️ GET /api/users/me 요청 from ::1
[2025-07-14 17:05:42] [info] ➡️ GET /api/platforms?lang=ko 요청 from ::1
[2025-07-14 17:05:42] [info] ➡️ GET /api/platforms?lang=ko 요청 from ::1
[2025-07-14 17:05:42] [info] ➡️ GET /api/users/me/withdraws 요청 from ::1
[2025-07-14 17:05:42] [info] ➡️ GET /api/users/me/withdraws 요청 from ::1
[2025-07-14 17:05:42] [info] ➡️ GET /api/exchange-rate 요청 from ::1
[2025-07-14 17:05:42] [info] ➡️ GET /api/exchange-rate 요청 from ::1
[2025-07-14 17:05:43] [info] ➡️ GET /api/users/me/withdraws 요청 from ::1
[2025-07-14 17:05:43] [info] ➡️ GET /api/users/me/withdraws 요청 from ::1
[2025-07-14 17:05:46] [info] ➡️ GET /api/platforms?lang=ko 요청 from ::1
[2025-07-14 17:05:46] [info] ➡️ GET /api/exchange-rate 요청 from ::1
[2025-07-14 17:05:46] [info] ➡️ GET /api/platforms?lang=ko 요청 from ::1
[2025-07-14 17:05:46] [info] ➡️ GET /api/users/me/transactions 요청 from ::1
[2025-07-14 17:05:46] [info] ➡️ GET /api/users/me/transactions 요청 from ::1
[2025-07-14 17:05:56] [info] ➡️ GET /api/users/me 요청 from ::1
[2025-07-14 17:05:56] [info] ➡️ GET /api/exchange-rate 요청 from ::1
[2025-07-14 17:05:56] [info] ➡️ GET /api/users/me 요청 from ::1
[2025-07-14 17:05:56] [info] ➡️ GET /api/platforms?lang=ko 요청 from ::1
[2025-07-14 17:05:56] [info] ➡️ GET /api/platforms?lang=ko 요청 from ::1
[2025-07-14 17:05:56] [info] ➡️ GET /api/users/me/withdraws 요청 from ::1
[2025-07-14 17:05:56] [info] ➡️ GET /api/users/me/withdraws 요청 from ::1
[2025-07-14 17:05:57] [info] ➡️ GET /api/exchange-rate 요청 from ::1
[2025-07-14 17:05:57] [info] ➡️ GET /api/exchange-rate 요청 from ::1
[2025-07-14 17:05:57] [info] ➡️ GET /api/users/me/withdraws 요청 from ::1
[2025-07-14 17:05:57] [info] ➡️ GET /api/users/me/withdraws 요청 from ::1
[2025-07-14 17:05:58] [info] ➡️ GET /api/platforms?lang=ko 요청 from ::1
[2025-07-14 17:05:58] [info] ➡️ GET /api/exchange-rate 요청 from ::1
[2025-07-14 17:05:58] [info] ➡️ GET /api/platforms?lang=ko 요청 from ::1
[2025-07-14 17:05:58] [info] ➡️ GET /api/users/me/transactions 요청 from ::1
[2025-07-14 17:05:58] [info] ➡️ GET /api/users/me/transactions 요청 from ::1
[2025-07-14 17:06:12] [info] ➡️ GET /api/platforms?lang=ko 요청 from ::1
[2025-07-14 17:06:12] [info] ➡️ GET /api/users/me/withdraws 요청 from ::1
[2025-07-14 17:06:13] [info] ➡️ GET /api/platforms?lang=ko 요청 from ::1
[2025-07-14 17:06:13] [info] ➡️ GET /api/users/me/transactions 요청 from ::1
[2025-07-14 17:06:15] [info] ➡️ GET /api/platforms?lang=ko 요청 from ::1
[2025-07-14 17:06:15] [info] ➡️ GET /api/users/me/withdraws 요청 from ::1
[2025-07-14 17:06:16] [info] ➡️ GET /api/platforms?lang=ko 요청 from ::1
[2025-07-14 17:06:16] [info] ➡️ GET /api/users/me/transactions 요청 from ::1
[2025-07-14 17:06:16] [info] ➡️ GET /api/platforms?lang=ko 요청 from ::1
[2025-07-14 17:06:16] [info] ➡️ GET /api/users/me/withdraws 요청 from ::1
[2025-07-14 17:06:17] [info] ➡️ GET /api/platforms?lang=ko 요청 from ::1
[2025-07-14 17:06:17] [info] ➡️ GET /api/users/me/transactions 요청 from ::1
[2025-07-14 17:07:33] [info] ➡️ GET /.well-known/appspecific/com.chrome.devtools.json 요청 from ::1
[2025-07-14 17:08:58] [info] ➡️ GET /trade/history?tab=withdraw 요청 from ::1
[2025-07-14 17:08:59] [info] ➡️ GET /api/platforms?lang=ko 요청 from ::1
[2025-07-14 17:08:59] [info] ➡️ GET /api/exchange-rate 요청 from ::1
[2025-07-14 17:08:59] [info] ➡️ GET /api/platforms?lang=ko 요청 from ::1
[2025-07-14 17:08:59] [info] ➡️ GET /api/users/me/transactions 요청 from ::1
[2025-07-14 17:08:59] [info] ➡️ GET /api/users/me/transactions 요청 from ::1
[2025-07-14 17:09:13] [info] ➡️ GET /api/platforms?lang=ko 요청 from ::1
[2025-07-14 17:09:13] [info] ➡️ GET /api/users/me/withdraws 요청 from ::1
[2025-07-14 17:09:14] [info] ➡️ GET /api/platforms?lang=ko 요청 from ::1
[2025-07-14 17:09:14] [info] ➡️ GET /api/users/me/transactions 요청 from ::1
[2025-07-14 17:09:22] [info] ➡️ GET /.well-known/appspecific/com.chrome.devtools.json 요청 from ::1
[2025-07-14 17:10:44] [info] ➡️ GET /trade/history?tab=withdraw 요청 from ::1
[2025-07-14 17:10:44] [info] ➡️ GET /.well-known/appspecific/com.chrome.devtools.json 요청 from ::1
[2025-07-14 17:10:45] [info] ➡️ GET /api/platforms?lang=ko 요청 from ::1
[2025-07-14 17:10:45] [info] ➡️ GET /api/exchange-rate 요청 from ::1
[2025-07-14 17:10:45] [info] ➡️ GET /api/platforms?lang=ko 요청 from ::1
[2025-07-14 17:10:45] [info] ➡️ GET /api/users/me/transactions 요청 from ::1
[2025-07-14 17:10:45] [info] ➡️ GET /api/users/me/transactions 요청 from ::1
[2025-07-14 17:19:01] [info] ➡️ GET /trade/history?tab=withdraw 요청 from ::1
[2025-07-14 17:19:01] [info] ➡️ GET /.well-known/appspecific/com.chrome.devtools.json 요청 from ::1
[2025-07-14 17:19:02] [info] ➡️ GET /api/platforms?lang=ko 요청 from ::1
[2025-07-14 17:19:02] [info] ➡️ GET /api/exchange-rate 요청 from ::1
[2025-07-14 17:19:02] [info] ➡️ GET /api/platforms?lang=ko 요청 from ::1
[2025-07-14 17:19:02] [info] ➡️ GET /api/users/me/transactions 요청 from ::1
[2025-07-14 17:19:02] [info] ➡️ GET /api/users/me/transactions 요청 from ::1
[2025-07-14 17:19:14] [info] ➡️ GET /api/exchange-rate 요청 from ::1
[2025-07-14 17:19:14] [info] ➡️ GET /api/users/info?lang=ko 요청 from ::1
[2025-07-14 17:19:18] [info] ➡️ GET /api/users/me 요청 from ::1
[2025-07-14 17:19:18] [info] ➡️ GET /api/exchange-rate 요청 from ::1
[2025-07-14 17:19:18] [info] ➡️ GET /api/users/me 요청 from ::1
[2025-07-14 17:19:18] [info] ➡️ GET /api/platforms?lang=ko 요청 from ::1
[2025-07-14 17:19:18] [info] ➡️ GET /api/platforms?lang=ko 요청 from ::1
[2025-07-14 17:19:18] [info] ➡️ GET /api/users/me/withdraws 요청 from ::1
[2025-07-14 17:19:18] [info] ➡️ GET /api/users/me/withdraws 요청 from ::1
[2025-07-14 17:19:18] [info] ➡️ GET /api/exchange-rate 요청 from ::1
[2025-07-14 17:19:18] [info] ➡️ GET /api/exchange-rate 요청 from ::1
[2025-07-14 17:19:19] [info] ➡️ GET /api/users/me/withdraws 요청 from ::1
[2025-07-14 17:19:19] [info] ➡️ GET /api/users/me/withdraws 요청 from ::1
[2025-07-14 17:19:19] [info] ➡️ GET /api/users/me 요청 from ::1
[2025-07-14 17:19:19] [info] ➡️ GET /api/platforms?lang=ko 요청 from ::1
[2025-07-14 17:19:19] [info] ➡️ GET /api/users/me/withdraws 요청 from ::1
[2025-07-14 17:19:22] [info] ➡️ GET /api/exchange-rate 요청 from ::1
[2025-07-14 17:19:25] [info] ➡️ GET /api/users/me 요청 from ::1
[2025-07-14 17:19:25] [info] ➡️ GET /api/platforms?lang=ko 요청 from ::1
[2025-07-14 17:19:25] [info] ➡️ GET /api/users/me/withdraws 요청 from ::1
[2025-07-14 17:19:25] [info] ➡️ GET /api/exchange-rate 요청 from ::1
[2025-07-14 17:19:25] [info] ➡️ GET /api/users/me/withdraws 요청 from ::1
[2025-07-14 17:19:27] [info] ➡️ GET /api/exchange-rate 요청 from ::1
[2025-07-14 17:19:41] [info] ➡️ GET /trade/withdraw 요청 from ::1
[2025-07-14 17:19:41] [info] ➡️ GET /.well-known/appspecific/com.chrome.devtools.json 요청 from ::1
[2025-07-14 17:19:42] [info] ➡️ GET /api/users/me 요청 from ::1
[2025-07-14 17:19:42] [info] ➡️ GET /api/exchange-rate 요청 from ::1
[2025-07-14 17:19:42] [info] ➡️ GET /api/users/me 요청 from ::1
[2025-07-14 17:19:42] [info] ➡️ GET /api/platforms?lang=en 요청 from ::1
[2025-07-14 17:19:42] [info] ➡️ GET /api/platforms?lang=en 요청 from ::1
[2025-07-14 17:19:42] [info] ➡️ GET /api/users/me/withdraws 요청 from ::1
[2025-07-14 17:19:42] [info] ➡️ GET /api/users/me/withdraws 요청 from ::1
[2025-07-14 17:19:42] [info] ➡️ GET /api/exchange-rate 요청 from ::1
[2025-07-14 17:19:42] [info] ➡️ GET /api/exchange-rate 요청 from ::1
[2025-07-14 17:19:42] [info] ➡️ GET /api/users/me/withdraws 요청 from ::1
[2025-07-14 17:19:42] [info] ➡️ GET /api/users/me/withdraws 요청 from ::1
[2025-07-14 17:32:17] [info] ➡️ GET /trade/withdraw 요청 from ::1
[2025-07-14 17:32:17] [info] ➡️ GET /.well-known/appspecific/com.chrome.devtools.json 요청 from ::1
[2025-07-14 17:32:17] [info] ➡️ GET /api/users/me 요청 from ::1
[2025-07-14 17:32:17] [info] ➡️ GET /api/exchange-rate 요청 from ::1
[2025-07-14 17:32:17] [info] ➡️ GET /api/users/me 요청 from ::1
[2025-07-14 17:32:17] [info] ➡️ GET /api/platforms?lang=en 요청 from ::1
[2025-07-14 17:32:17] [info] ➡️ GET /api/platforms?lang=en 요청 from ::1
[2025-07-14 17:32:17] [info] ➡️ GET /api/users/me/withdraws 요청 from ::1
[2025-07-14 17:32:17] [info] ➡️ GET /api/users/me/withdraws 요청 from ::1
[2025-07-14 17:32:17] [info] ➡️ GET /api/exchange-rate 요청 from ::1
[2025-07-14 17:32:17] [info] ➡️ GET /api/exchange-rate 요청 from ::1
[2025-07-14 17:32:18] [info] ➡️ GET /api/users/me/withdraws 요청 from ::1
[2025-07-14 17:32:18] [info] ➡️ GET /api/users/me/withdraws 요청 from ::1
[2025-07-14 17:32:20] [info] ➡️ GET /api/exchange-rate 요청 from ::1
[2025-07-14 17:33:27] [info] ➡️ GET /trade/withdraw 요청 from ::1
[2025-07-14 17:33:27] [info] ➡️ GET /.well-known/appspecific/com.chrome.devtools.json 요청 from ::1
[2025-07-14 17:33:27] [info] ➡️ GET /api/users/me 요청 from ::1
[2025-07-14 17:33:27] [info] ➡️ GET /api/exchange-rate 요청 from ::1
[2025-07-14 17:33:27] [info] ➡️ GET /api/users/me 요청 from ::1
[2025-07-14 17:33:27] [info] ➡️ GET /api/platforms?lang=en 요청 from ::1
[2025-07-14 17:33:27] [info] ➡️ GET /api/platforms?lang=en 요청 from ::1
[2025-07-14 17:33:27] [info] ➡️ GET /api/users/me/withdraws 요청 from ::1
[2025-07-14 17:33:27] [info] ➡️ GET /api/users/me/withdraws 요청 from ::1
[2025-07-14 17:33:27] [info] ➡️ GET /api/exchange-rate 요청 from ::1
[2025-07-14 17:33:27] [info] ➡️ GET /api/exchange-rate 요청 from ::1
[2025-07-14 17:33:28] [info] ➡️ GET /api/users/me/withdraws 요청 from ::1
[2025-07-14 17:33:28] [info] ➡️ GET /api/users/me/withdraws 요청 from ::1
[2025-07-14 17:33:30] [info] ➡️ GET /api/exchange-rate 요청 from ::1
[2025-07-14 17:33:39] [info] ➡️ GET /api/users/me 요청 from ::1
[2025-07-14 17:33:39] [info] ➡️ GET /api/platforms?lang=en 요청 from ::1
[2025-07-14 17:33:39] [info] ➡️ GET /api/users/me/withdraws 요청 from ::1
[2025-07-14 17:33:42] [info] ➡️ GET /api/exchange-rate 요청 from ::1
[2025-07-14 17:33:48] [info] ➡️ GET /api/users/me 요청 from ::1
[2025-07-14 17:33:48] [info] ➡️ GET /api/platforms?lang=en 요청 from ::1
[2025-07-14 17:33:48] [info] ➡️ GET /api/users/me/withdraws 요청 from ::1
[2025-07-14 17:33:48] [info] ➡️ GET /api/exchange-rate 요청 from ::1
[2025-07-14 17:33:49] [info] ➡️ GET /api/users/me/withdraws 요청 from ::1
[2025-07-14 17:34:19] [info] ➡️ GET /trade/withdraw 요청 from ::1
[2025-07-14 17:34:19] [info] ➡️ GET /.well-known/appspecific/com.chrome.devtools.json 요청 from ::1
[2025-07-14 17:34:20] [info] ➡️ GET /api/users/me 요청 from ::1
[2025-07-14 17:34:20] [info] ➡️ GET /api/users/me 요청 from ::1
[2025-07-14 17:34:20] [info] ➡️ GET /api/exchange-rate 요청 from ::1
[2025-07-14 17:34:20] [info] ➡️ GET /api/platforms?lang=en 요청 from ::1
[2025-07-14 17:34:20] [info] ➡️ GET /api/platforms?lang=en 요청 from ::1
[2025-07-14 17:34:20] [info] ➡️ GET /api/users/me/withdraws 요청 from ::1
[2025-07-14 17:34:20] [info] ➡️ GET /api/users/me/withdraws 요청 from ::1
[2025-07-14 17:34:20] [info] ➡️ GET /api/exchange-rate 요청 from ::1
[2025-07-14 17:34:20] [info] ➡️ GET /api/exchange-rate 요청 from ::1
[2025-07-14 17:34:21] [info] ➡️ GET /api/users/me/withdraws 요청 from ::1
[2025-07-14 17:34:21] [info] ➡️ GET /api/users/me/withdraws 요청 from ::1
[2025-07-14 17:34:22] [info] ➡️ GET /api/exchange-rate 요청 from ::1
[2025-07-14 17:34:31] [info] ➡️ GET /api/exchange-rate 요청 from ::1
[2025-07-14 17:34:31] [info] ➡️ GET /api/users/info?lang=en 요청 from ::1
[2025-07-14 17:42:42] [info] ➡️ GET /api/users/me 요청 from ::1
[2025-07-14 17:42:42] [info] ➡️ GET /api/users/me 요청 from ::1
[2025-07-14 17:42:42] [info] ➡️ GET /api/exchange-rate 요청 from ::1
[2025-07-14 17:42:42] [info] ➡️ GET /api/platforms?lang=en 요청 from ::1
[2025-07-14 17:42:42] [info] ➡️ GET /api/platforms?lang=en 요청 from ::1
[2025-07-14 17:42:42] [info] ➡️ GET /api/users/me/withdraws 요청 from ::1
[2025-07-14 17:42:42] [info] ➡️ GET /api/users/me/withdraws 요청 from ::1
[2025-07-14 17:42:42] [info] ➡️ GET /api/exchange-rate 요청 from ::1
[2025-07-14 17:42:42] [info] ➡️ GET /api/exchange-rate 요청 from ::1
[2025-07-14 17:42:43] [info] ➡️ GET /api/users/me 요청 from ::1
[2025-07-14 17:42:43] [info] ➡️ GET /api/platforms?lang=en 요청 from ::1
[2025-07-14 17:42:43] [info] ➡️ GET /api/users/me/withdraws 요청 from ::1
[2025-07-14 17:42:43] [info] ➡️ GET /api/users/me/withdraws 요청 from ::1
[2025-07-14 17:42:43] [info] ➡️ GET /api/users/me/withdraws 요청 from ::1
[2025-07-14 17:42:45] [info] ➡️ GET /api/exchange-rate 요청 from ::1
[2025-07-14 17:42:49] [info] ➡️ GET /api/users/me 요청 from ::1
[2025-07-14 17:42:49] [info] ➡️ GET /api/platforms?lang=en 요청 from ::1
[2025-07-14 17:42:49] [info] ➡️ GET /api/users/me/withdraws 요청 from ::1
[2025-07-14 17:42:49] [info] ➡️ GET /api/exchange-rate 요청 from ::1
[2025-07-14 17:42:50] [info] ➡️ GET /api/users/me/withdraws 요청 from ::1
[2025-07-14 17:42:52] [info] ➡️ GET /api/exchange-rate 요청 from ::1
[2025-07-14 17:42:53] [info] ➡️ GET /api/users/me 요청 from ::1
[2025-07-14 17:42:53] [info] ➡️ GET /api/platforms?lang=en 요청 from ::1
[2025-07-14 17:42:53] [info] ➡️ GET /api/users/me/withdraws 요청 from ::1
[2025-07-14 17:42:54] [info] ➡️ GET /api/exchange-rate 요청 from ::1
[2025-07-14 17:43:19] [info] 🚀 서버 실행 중: http://localhost:3000
[2025-07-14 17:43:21] [info] ➡️ GET /trade/withdraw 요청 from ::1
[2025-07-14 17:43:21] [info] ➡️ GET /.well-known/appspecific/com.chrome.devtools.json 요청 from ::1
[2025-07-14 17:43:22] [info] ➡️ GET /api/users/me 요청 from ::1
[2025-07-14 17:43:22] [info] ➡️ GET /api/users/me 요청 from ::1
[2025-07-14 17:43:22] [info] ➡️ GET /api/exchange-rate 요청 from ::1
[2025-07-14 17:43:22] [info] ➡️ GET /api/platforms?lang=en 요청 from ::1
[2025-07-14 17:43:22] [info] ➡️ GET /api/platforms?lang=en 요청 from ::1
[2025-07-14 17:43:22] [info] ➡️ GET /api/users/me/withdraws 요청 from ::1
[2025-07-14 17:43:22] [info] ➡️ GET /api/users/me/withdraws 요청 from ::1
[2025-07-14 17:43:22] [info] ➡️ GET /api/exchange-rate 요청 from ::1
[2025-07-14 17:43:22] [info] ➡️ GET /api/exchange-rate 요청 from ::1
[2025-07-14 17:43:23] [info] ➡️ GET /api/users/me/withdraws 요청 from ::1
[2025-07-14 17:43:23] [info] ➡️ GET /api/users/me/withdraws 요청 from ::1
[2025-07-14 17:43:23] [info] ➡️ GET /api/exchange-rate 요청 from ::1
[2025-07-14 17:43:51] [info] ➡️ GET /api/exchange-rate 요청 from ::1
[2025-07-14 17:43:52] [info] ➡️ GET /api/exchange-rate 요청 from ::1
[2025-07-28 13:51:44] [info] 🚀 서버 실행 중: http://localhost:3000
[2025-07-28 13:54:16] [info] ➡️ GET / 요청 from ::1
[2025-07-28 13:54:17] [info] ➡️ GET /api/exchange-rate 요청 from ::1
[2025-07-28 13:54:17] [info] ➡️ GET /api/users/notices?limit=3&lang=en 요청 from ::1
[2025-07-28 13:54:18] [info] ➡️ GET /api/exchange-rate 요청 from ::1
[2025-07-28 13:54:21] [info] ➡️ GET /api/exchange-rate 요청 from ::1
[2025-07-28 13:54:23] [info] ➡️ GET /api/platforms?lang=en 요청 from ::1
[2025-07-28 13:54:23] [info] ➡️ GET /api/exchange-rate 요청 from ::1
[2025-07-28 13:54:27] [info] ➡️ POST /api/users/check-username 요청 from ::1
[2025-07-28 13:54:49] [info] ➡️ POST /api/auth/send-email-code 요청 from ::1
[2025-07-28 13:55:43] [info] ➡️ GET /api/exchange-rate 요청 from ::1
[2025-07-28 13:55:54] [info] ➡️ POST /api/users/login 요청 from ::1
[2025-07-28 13:55:55] [info] ➡️ GET /api/exchange-rate 요청 from ::1
[2025-07-28 13:55:55] [info] ➡️ GET /api/users/notices?limit=3&lang=en 요청 from ::1
[2025-07-28 13:55:55] [info] ➡️ GET /api/exchange-rate 요청 from ::1
[2025-07-28 13:55:57] [info] ➡️ GET /api/platforms?lang=en 요청 from ::1
[2025-07-28 13:55:57] [info] ➡️ GET /api/exchange-rate 요청 from ::1
[2025-07-28 13:55:57] [info] ➡️ GET /api/platforms?lang=en 요청 from ::1
[2025-07-28 13:55:58] [info] ➡️ GET /api/users/me 요청 from ::1
[2025-07-28 13:55:58] [info] ➡️ GET /api/users/me 요청 from ::1
[2025-07-28 13:55:58] [info] ➡️ GET /api/users/me/transactions?type=charge&lang=en 요청 from ::1
[2025-07-28 13:55:58] [info] ➡️ GET /api/users/me/transactions?type=charge&lang=en 요청 from ::1
[2025-07-28 13:57:47] [info] ➡️ GET /api/exchange-rate 요청 from ::1
[2025-07-28 13:57:47] [info] ➡️ GET /api/users/notices?limit=3&lang=en 요청 from ::1
[2025-07-28 13:57:48] [info] ➡️ GET /api/exchange-rate 요청 from ::1
[2025-07-28 13:57:48] [info] ➡️ GET /api/platforms?lang=en 요청 from ::1
[2025-07-28 13:57:48] [info] ➡️ GET /api/platforms?lang=en 요청 from ::1
[2025-07-28 13:57:48] [info] ➡️ GET /api/users/me 요청 from ::1
[2025-07-28 13:57:48] [info] ➡️ GET /api/users/me 요청 from ::1
[2025-07-28 13:57:48] [info] ➡️ GET /api/users/me/transactions?type=charge&lang=en 요청 from ::1
[2025-07-28 13:57:48] [info] ➡️ GET /api/users/me/transactions?type=charge&lang=en 요청 from ::1
[2025-07-28 13:57:48] [info] ➡️ GET /api/exchange-rate 요청 from ::1
[2025-07-28 13:57:57] [info] ➡️ GET /trade/recharge 요청 from ::1
[2025-07-28 13:57:57] [info] ➡️ GET /api/platforms?lang=en 요청 from ::1
[2025-07-28 13:57:57] [info] ➡️ GET /api/exchange-rate 요청 from ::1
[2025-07-28 13:57:57] [info] ➡️ GET /api/platforms?lang=en 요청 from ::1
[2025-07-28 13:57:57] [info] ➡️ GET /api/users/me 요청 from ::1
[2025-07-28 13:57:57] [info] ➡️ GET /api/users/me 요청 from ::1
[2025-07-28 13:57:57] [info] ➡️ GET /api/users/me/transactions?type=charge&lang=en 요청 from ::1
[2025-07-28 13:57:57] [info] ➡️ GET /api/users/me/transactions?type=charge&lang=en 요청 from ::1
[2025-07-28 13:57:59] [info] ➡️ GET /trade/recharge 요청 from ::1
[2025-07-28 13:58:00] [info] ➡️ GET /api/platforms?lang=en 요청 from ::1
[2025-07-28 13:58:00] [info] ➡️ GET /api/exchange-rate 요청 from ::1
[2025-07-28 13:58:00] [info] ➡️ GET /api/platforms?lang=en 요청 from ::1
[2025-07-28 13:58:00] [info] ➡️ GET /api/users/me 요청 from ::1
[2025-07-28 13:58:00] [info] ➡️ GET /api/users/me 요청 from ::1
[2025-07-28 13:58:00] [info] ➡️ GET /api/users/me/transactions?type=charge&lang=en 요청 from ::1
[2025-07-28 13:58:00] [info] ➡️ GET /api/users/me/transactions?type=charge&lang=en 요청 from ::1
[2025-07-28 15:06:21] [info] ➡️ GET /.well-known/appspecific/com.chrome.devtools.json 요청 from ::1
[2025-07-28 15:53:03] [info] ➡️ GET / 요청 from ::1
[2025-07-28 15:53:03] [info] ➡️ GET /.well-known/appspecific/com.chrome.devtools.json 요청 from ::1
[2025-07-28 15:53:03] [info] ➡️ GET /api/exchange-rate 요청 from ::1
[2025-07-28 15:53:03] [info] ➡️ GET /api/exchange-rate 요청 from ::1
[2025-07-28 15:53:03] [info] ➡️ GET /api/users/notices?limit=3&lang=ko 요청 from ::1
[2025-07-28 15:53:13] [info] ➡️ GET /api/exchange-rate 요청 from ::1
[2025-07-28 15:53:14] [info] ➡️ GET /api/exchange-rate 요청 from ::1
[2025-07-28 15:53:17] [info] ➡️ POST /api/api/transactions/wallet/charge 요청 from ::1
[2025-07-28 15:54:15] [info] ➡️ GET / 요청 from ::1
[2025-07-28 15:54:15] [info] ➡️ GET /api/exchange-rate 요청 from ::1
[2025-07-28 15:54:15] [info] ➡️ GET /api/users/notices?limit=3&lang=en 요청 from ::1
[2025-07-28 15:54:16] [info] ➡️ GET /api/exchange-rate 요청 from ::1
[2025-07-28 15:54:16] [info] ➡️ GET /api/exchange-rate 요청 from ::1
[2025-07-28 15:54:20] [info] ➡️ POST /api/users/login 요청 from ::1
[2025-07-28 15:54:20] [info] ➡️ GET /api/exchange-rate 요청 from ::1
[2025-07-28 15:54:20] [info] ➡️ GET /api/users/notices?limit=3&lang=en 요청 from ::1
[2025-07-28 15:54:21] [info] ➡️ GET /api/exchange-rate 요청 from ::1
[2025-07-28 15:54:25] [info] ➡️ GET /api/exchange-rate 요청 from ::1
[2025-07-28 15:54:26] [info] ➡️ GET /api/exchange-rate 요청 from ::1
[2025-07-28 15:54:28] [info] ➡️ POST /api/api/transactions/wallet/charge 요청 from ::1
[2025-07-28 15:54:33] [info] ➡️ GET /.well-known/appspecific/com.chrome.devtools.json 요청 from ::1
[2025-07-28 15:54:36] [info] ➡️ GET /api/api/transactions/wallet/charge 요청 from ::1
[2025-07-28 15:56:44] [info] ➡️ POST /api/api/transactions/wallet/charge 요청 from ::1
[2025-07-28 15:57:00] [info] ➡️ GET /wallet/charge 요청 from ::1
[2025-07-28 15:57:00] [info] ➡️ GET /.well-known/appspecific/com.chrome.devtools.json 요청 from ::1
[2025-07-28 15:57:00] [info] ➡️ GET /api/exchange-rate 요청 from ::1
[2025-07-28 15:57:02] [info] ➡️ GET /api/exchange-rate 요청 from ::1
[2025-07-28 15:57:04] [info] ➡️ POST /api/transactions/wallet/charge 요청 from ::1
[2025-07-28 16:02:00] [info] ➡️ POST /api/transactions/wallet/charge 요청 from ::1
[2025-07-28 16:02:07] [info] ➡️ GET /wallet/charge 요청 from ::1
[2025-07-28 16:02:07] [info] ➡️ GET /.well-known/appspecific/com.chrome.devtools.json 요청 from ::1
[2025-07-28 16:02:07] [info] ➡️ GET /api/exchange-rate 요청 from ::1
[2025-07-28 16:02:10] [info] ➡️ GET /api/exchange-rate 요청 from ::1
[2025-07-28 16:02:12] [info] ➡️ POST /api/transactions/wallet/charge 요청 from ::1
[2025-07-28 16:04:32] [info] 🚀 서버 실행 중: http://localhost:3000
[2025-07-28 16:04:36] [info] ➡️ GET /wallet/charge 요청 from ::1
[2025-07-28 16:04:36] [info] ➡️ GET /.well-known/appspecific/com.chrome.devtools.json 요청 from ::1
[2025-07-28 16:04:36] [info] ➡️ GET /api/exchange-rate 요청 from ::1
[2025-07-28 16:04:38] [info] ➡️ GET /api/exchange-rate 요청 from ::1
[2025-07-28 16:05:21] [info] ➡️ GET /wallet/charge 요청 from ::1
[2025-07-28 16:05:21] [info] ➡️ GET /.well-known/appspecific/com.chrome.devtools.json 요청 from ::1
[2025-07-28 16:05:21] [info] ➡️ GET /api/exchange-rate 요청 from ::1
[2025-07-28 16:05:36] [info] 🚀 서버 실행 중: http://localhost:3000
[2025-07-28 16:05:41] [info] ➡️ GET /wallet/charge 요청 from ::1
[2025-07-28 16:05:41] [info] ➡️ GET /.well-known/appspecific/com.chrome.devtools.json 요청 from ::1
[2025-07-28 16:05:41] [info] ➡️ GET /api/exchange-rate 요청 from ::1
[2025-07-28 16:06:03] [info] ➡️ GET /api/exchange-rate 요청 from ::1
[2025-07-28 16:06:06] [info] ➡️ POST /api/transactions/wallet/charge 요청 from ::1
[2025-07-28 16:06:11] [info] ➡️ GET /api/exchange-rate 요청 from ::1
[2025-07-28 16:06:14] [info] ➡️ POST /api/transactions/wallet/charge 요청 from ::1
[2025-07-28 16:06:18] [info] ➡️ GET /api/exchange-rate 요청 from ::1
[2025-07-28 16:06:19] [info] ➡️ POST /api/transactions/wallet/charge 요청 from ::1
[2025-07-28 16:24:05] [info] ➡️ GET /api/exchange-rate 요청 from ::1
[2025-07-28 16:24:05] [info] ➡️ GET /api/users/me/wallet-history 요청 from ::1
[2025-07-28 16:24:05] [info] ➡️ GET /api/users/me 요청 from ::1
[2025-07-28 16:24:21] [info] ➡️ GET /api/exchange-rate 요청 from ::1
[2025-07-28 16:24:21] [info] ➡️ GET /api/users/info?lang=ko 요청 from ::1
[2025-07-28 16:24:26] [info] ➡️ GET /api/exchange-rate 요청 from ::1
[2025-07-28 16:24:32] [info] ➡️ GET /api/exchange-rate 요청 from ::1
[2025-07-28 16:24:32] [info] ➡️ GET /api/users/info?lang=ko 요청 from ::1
[2025-07-28 16:24:36] [info] ➡️ GET / 요청 from ::1
[2025-07-28 16:24:36] [info] ➡️ GET /.well-known/appspecific/com.chrome.devtools.json 요청 from ::1
[2025-07-28 16:24:36] [info] ➡️ GET /api/exchange-rate 요청 from ::1
[2025-07-28 16:24:36] [info] ➡️ GET /api/exchange-rate 요청 from ::1
[2025-07-28 16:24:36] [info] ➡️ GET /api/users/notices?limit=3&lang=ko 요청 from ::1
[2025-07-28 16:24:38] [info] ➡️ GET /api/exchange-rate 요청 from ::1
[2025-07-28 16:24:44] [info] ➡️ POST /api/users/login 요청 from ::1
[2025-07-28 16:24:44] [info] ➡️ GET /api/admin/summary 요청 from ::1
[2025-07-28 16:26:20] [info] ➡️ GET /admin/dashboard 요청 from ::1
[2025-07-28 16:26:20] [info] ➡️ GET /.well-known/appspecific/com.chrome.devtools.json 요청 from ::1
[2025-07-28 16:26:20] [info] ➡️ GET /api/admin/summary 요청 from ::1
[2025-07-28 16:27:26] [info] ➡️ GET /admin/dashboard 요청 from ::1
[2025-07-28 16:27:26] [info] ➡️ GET /.well-known/appspecific/com.chrome.devtools.json 요청 from ::1
[2025-07-28 16:27:26] [info] ➡️ GET /api/admin/summary 요청 from ::1
[2025-07-28 16:28:46] [info] ➡️ GET /api/admin/requests?type=&status=&username=&startDate=&endDate=&page=1&limit=50 요청 from ::1
[2025-07-28 16:28:49] [info] ➡️ GET /api/admin/summary 요청 from ::1
[2025-07-28 16:28:50] [info] ➡️ GET /admin/dashboard 요청 from ::1
[2025-07-28 16:28:50] [info] ➡️ GET /.well-known/appspecific/com.chrome.devtools.json 요청 from ::1
[2025-07-28 16:28:50] [info] ➡️ GET /api/admin/summary 요청 from ::1
[2025-07-28 16:32:56] [info] ➡️ GET /admin/dashboard 요청 from ::1
[2025-07-28 16:32:56] [info] ➡️ GET /.well-known/appspecific/com.chrome.devtools.json 요청 from ::1
[2025-07-28 16:32:56] [info] ➡️ GET /api/admin/summary 요청 from ::1
[2025-07-28 16:33:18] [info] ➡️ GET /admin/dashboard 요청 from ::1
[2025-07-28 16:33:18] [info] ➡️ GET /.well-known/appspecific/com.chrome.devtools.json 요청 from ::1
[2025-07-28 16:33:18] [info] ➡️ GET /api/admin/summary 요청 from ::1
[2025-07-28 16:33:39] [info] ➡️ GET /admin/dashboard 요청 from ::1
[2025-07-28 16:33:40] [info] ➡️ GET /.well-known/appspecific/com.chrome.devtools.json 요청 from ::1
[2025-07-28 16:33:40] [info] ➡️ GET /api/admin/summary 요청 from ::1
[2025-07-28 16:35:04] [info] ➡️ GET /admin/dashboard 요청 from ::1
[2025-07-28 16:35:04] [info] ➡️ GET /.well-known/appspecific/com.chrome.devtools.json 요청 from ::1
[2025-07-28 16:36:02] [info] ➡️ GET /api/admin/summary 요청 from ::1
[2025-07-28 16:36:58] [info] ➡️ GET /admin/dashboard 요청 from ::1
[2025-07-28 16:36:58] [info] ➡️ GET /.well-known/appspecific/com.chrome.devtools.json 요청 from ::1
[2025-07-28 16:36:58] [info] ➡️ GET /api/admin/summary 요청 from ::1
[2025-07-28 16:41:01] [info] ➡️ GET /admin/dashboard 요청 from ::1
[2025-07-28 16:41:01] [info] ➡️ GET /.well-known/appspecific/com.chrome.devtools.json 요청 from ::1
[2025-07-28 16:41:01] [info] ➡️ GET /api/admin/summary 요청 from ::1
[2025-07-28 16:41:11] [info] ➡️ GET /admin/dashboard 요청 from ::1
[2025-07-28 16:41:11] [info] ➡️ GET /.well-known/appspecific/com.chrome.devtools.json 요청 from ::1
[2025-07-28 16:41:11] [info] ➡️ GET /api/admin/summary 요청 from ::1
[2025-07-28 16:41:14] [info] ➡️ GET /admin/dashboard 요청 from ::1
[2025-07-28 16:41:14] [info] ➡️ GET /.well-known/appspecific/com.chrome.devtools.json 요청 from ::1
[2025-07-28 16:41:15] [info] ➡️ GET /api/admin/summary 요청 from ::1
[2025-07-28 16:43:14] [info] ➡️ GET /admin/dashboard 요청 from ::1
[2025-07-28 16:43:14] [info] ➡️ GET /.well-known/appspecific/com.chrome.devtools.json 요청 from ::1
[2025-07-28 16:43:14] [info] ➡️ GET /api/admin/summary 요청 from ::1
[2025-07-28 16:43:15] [info] ➡️ GET /admin/dashboard 요청 from ::1
[2025-07-28 16:43:15] [info] ➡️ GET /.well-known/appspecific/com.chrome.devtools.json 요청 from ::1
[2025-07-28 16:43:15] [info] ➡️ GET /api/admin/summary 요청 from ::1
[2025-07-28 16:43:16] [info] ➡️ GET /admin/dashboard 요청 from ::1
[2025-07-28 16:43:16] [info] ➡️ GET /.well-known/appspecific/com.chrome.devtools.json 요청 from ::1
[2025-07-28 16:43:16] [info] ➡️ GET /api/admin/summary 요청 from ::1
[2025-07-28 16:43:16] [info] ➡️ GET /admin/dashboard 요청 from ::1
[2025-07-28 16:43:16] [info] ➡️ GET /.well-known/appspecific/com.chrome.devtools.json 요청 from ::1
[2025-07-28 16:43:16] [info] ➡️ GET /api/admin/summary 요청 from ::1
[2025-07-28 16:43:16] [info] ➡️ GET /admin/dashboard 요청 from ::1
[2025-07-28 16:43:16] [info] ➡️ GET /.well-known/appspecific/com.chrome.devtools.json 요청 from ::1
[2025-07-28 16:43:16] [info] ➡️ GET /api/admin/summary 요청 from ::1
[2025-07-28 16:45:11] [info] ➡️ GET /admin/dashboard 요청 from ::1
[2025-07-28 16:45:11] [info] ➡️ GET /.well-known/appspecific/com.chrome.devtools.json 요청 from ::1
[2025-07-28 16:45:11] [info] ➡️ GET /api/admin/summary 요청 from ::1
[2025-07-28 16:45:27] [info] ➡️ GET /admin/dashboard 요청 from ::1
[2025-07-28 16:45:27] [info] ➡️ GET /.well-known/appspecific/com.chrome.devtools.json 요청 from ::1
[2025-07-28 16:45:27] [info] ➡️ GET /api/admin/summary 요청 from ::1
[2025-07-28 16:45:57] [info] ➡️ GET /admin/dashboard 요청 from ::1
[2025-07-28 16:45:57] [info] ➡️ GET /.well-known/appspecific/com.chrome.devtools.json 요청 from ::1
[2025-07-28 16:45:58] [info] ➡️ GET /api/admin/summary 요청 from ::1
[2025-07-28 16:46:15] [info] ➡️ GET /api/admin/trade/recharge?page=1&username=&status=&currency=&startDate=&endDate= 요청 from ::1
[2025-07-28 16:46:18] [info] ➡️ GET /api/admin/transactions/wallet-charge?page=1&limit=20&username=&status=&currency=&startDate=&endDate= 요청 from ::1
[2025-07-28 16:47:02] [info] ➡️ PATCH /api/admin/transactions/80/approve 요청 from ::1
[2025-07-28 16:47:03] [info] ➡️ GET /api/admin/transactions/wallet-charge?page=1&limit=20&username=&status=&currency=&startDate=&endDate= 요청 from ::1
[2025-07-28 16:47:09] [info] ➡️ PATCH /api/admin/transactions/82/reject 요청 from ::1
[2025-07-28 16:55:44] [info] ➡️ GET /admin/trade/wallet-charge 요청 from ::1
[2025-07-28 16:55:44] [info] ➡️ GET /.well-known/appspecific/com.chrome.devtools.json 요청 from ::1
[2025-07-28 16:55:44] [info] ➡️ GET /api/admin/transactions/wallet-charge?page=1&limit=20&username=&status=&currency=&startDate=&endDate= 요청 from ::1
[2025-07-28 16:55:57] [info] ➡️ PATCH /api/admin/transactions/82/reject 요청 from ::1
[2025-07-28 16:57:17] [info] ➡️ GET /admin/trade/wallet-charge 요청 from ::1
[2025-07-28 16:57:17] [info] ➡️ GET /.well-known/appspecific/com.chrome.devtools.json 요청 from ::1
[2025-07-28 16:57:17] [info] ➡️ GET /api/admin/transactions/wallet-charge?page=1&limit=20&username=&status=&currency=&startDate=&endDate= 요청 from ::1
[2025-07-28 16:57:40] [info] ➡️ GET /admin/trade/wallet-charge 요청 from ::1
[2025-07-28 16:57:40] [info] ➡️ GET /.well-known/appspecific/com.chrome.devtools.json 요청 from ::1
[2025-07-28 16:57:40] [info] ➡️ GET /api/admin/transactions/wallet-charge?page=1&limit=20&username=&status=&currency=&startDate=&endDate= 요청 from ::1
[2025-07-28 17:02:29] [info] ➡️ PATCH /api/admin/transactions/81/reject 요청 from ::1
[2025-07-28 17:02:30] [info] ➡️ GET /api/admin/transactions/wallet-charge?page=1&limit=20&username=&status=&currency=&startDate=&endDate= 요청 from ::1
[2025-07-28 17:02:34] [info] ➡️ PATCH /api/admin/transactions/82/approve 요청 from ::1
[2025-07-28 17:02:35] [info] ➡️ GET /api/admin/transactions/wallet-charge?page=1&limit=20&username=&status=&currency=&startDate=&endDate= 요청 from ::1
[2025-07-28 17:02:52] [info] ➡️ GET /api/admin/requests?type=&status=pending&username=&startDate=&endDate=&page=1&limit=15 요청 from ::1
[2025-07-28 17:02:55] [info] ➡️ GET /api/admin/requests?type=&status=&username=&startDate=&endDate=&page=1&limit=50 요청 from ::1
[2025-07-28 17:03:02] [info] ➡️ GET /api/admin/messages/sent 요청 from ::1
[2025-07-28 17:03:07] [info] ➡️ GET /api/platforms?lang=ko 요청 from ::1
[2025-07-28 17:03:07] [info] ➡️ GET /api/admin/users?username=&status=&startDate=&endDate=&warningOnly=false&platform=&referral_id=&page=1&limit=15 요청 from ::1
[2025-07-28 17:03:09] [info] ➡️ GET /api/admin/requests?type=&status=pending&username=&startDate=&endDate=&page=1&limit=15 요청 from ::1
[2025-07-28 17:03:17] [info] ➡️ GET / 요청 from ::1
[2025-07-28 17:03:17] [info] ➡️ GET /.well-known/appspecific/com.chrome.devtools.json 요청 from ::1
[2025-07-28 17:03:17] [info] ➡️ GET /api/exchange-rate 요청 from ::1
[2025-07-28 17:03:17] [info] ➡️ GET /api/exchange-rate 요청 from ::1
[2025-07-28 17:03:17] [info] ➡️ GET /api/users/notices?limit=3&lang=ko 요청 from ::1
[2025-07-28 17:03:18] [info] ➡️ GET /api/exchange-rate 요청 from ::1
[2025-07-28 17:03:24] [info] ➡️ POST /api/users/login 요청 from ::1
[2025-07-28 17:03:24] [info] ➡️ GET /api/exchange-rate 요청 from ::1
[2025-07-28 17:03:24] [info] ➡️ GET /api/exchange-rate 요청 from ::1
[2025-07-28 17:03:24] [info] ➡️ GET /api/users/notices?limit=3&lang=ko 요청 from ::1
[2025-07-28 17:03:27] [info] ➡️ GET /api/exchange-rate 요청 from ::1
[2025-07-28 17:03:27] [info] ➡️ GET /api/users/me/wallet-history 요청 from ::1
[2025-07-28 17:03:27] [info] ➡️ GET /api/users/me 요청 from ::1
[2025-07-28 17:03:33] [info] ➡️ GET /api/exchange-rate 요청 from ::1
[2025-07-28 17:03:33] [info] ➡️ GET /api/users/info?lang=ko 요청 from ::1
[2025-07-28 17:03:36] [info] ➡️ GET /api/exchange-rate 요청 from ::1
[2025-07-28 17:03:36] [info] ➡️ GET /api/users/me/wallet-history 요청 from ::1
[2025-07-28 17:03:36] [info] ➡️ GET /api/users/me 요청 from ::1
[2025-07-28 17:03:44] [info] ➡️ GET /api/exchange-rate 요청 from ::1
[2025-07-28 17:03:44] [info] ➡️ GET /api/users/messages 요청 from ::1
[2025-07-28 17:03:46] [info] ➡️ GET /api/users/messages/10 요청 from ::1
[2025-07-28 17:04:06] [info] ➡️ GET /api/users/messages/9 요청 from ::1
[2025-07-28 17:04:08] [info] ➡️ GET /api/users/messages/8 요청 from ::1
[2025-07-28 17:04:18] [info] ➡️ GET /api/exchange-rate 요청 from ::1
[2025-07-28 17:04:18] [info] ➡️ GET /api/users/info?lang=ko 요청 from ::1
[2025-07-28 17:04:20] [info] ➡️ GET /api/exchange-rate 요청 from ::1
[2025-07-28 17:04:35] [info] ➡️ POST /api/api/transactions/wallet/withdraw 요청 from ::1
[2025-07-28 17:04:45] [info] ➡️ GET /api/exchange-rate 요청 from ::1
[2025-07-28 17:04:45] [info] ➡️ GET /api/users/info?lang=ko 요청 from ::1
[2025-07-28 17:05:00] [info] ➡️ PATCH /api/users/10/bank-info 요청 from ::1
[2025-07-28 17:05:01] [info] ➡️ GET /api/users/info?lang=ko 요청 from ::1
[2025-07-28 17:05:03] [info] ➡️ GET /api/exchange-rate 요청 from ::1
[2025-07-28 17:05:03] [info] ➡️ GET /api/users/info?lang=ko 요청 from ::1
[2025-07-28 17:05:04] [info] ➡️ GET /api/exchange-rate 요청 from ::1
[2025-07-28 17:05:12] [info] ➡️ POST /api/api/transactions/wallet/withdraw 요청 from ::1
[2025-07-28 17:07:53] [info] ➡️ POST /api/api/transactions/wallet/withdraw 요청 from ::1
[2025-07-28 17:07:56] [info] ➡️ POST /api/api/transactions/wallet/withdraw 요청 from ::1
[2025-07-28 17:08:07] [info] ➡️ GET /wallet/withdraw 요청 from ::1
[2025-07-28 17:08:07] [info] ➡️ GET /.well-known/appspecific/com.chrome.devtools.json 요청 from ::1
[2025-07-28 17:08:08] [info] ➡️ GET /api/exchange-rate 요청 from ::1
[2025-07-28 17:08:08] [info] ➡️ GET /api/users/info?lang=ko 요청 from ::1
[2025-07-28 17:08:10] [info] ➡️ GET /api/exchange-rate 요청 from ::1
[2025-07-28 17:09:53] [info] ➡️ GET /wallet/withdraw 요청 from ::1
[2025-07-28 17:09:53] [info] ➡️ GET /.well-known/appspecific/com.chrome.devtools.json 요청 from ::1
[2025-07-28 17:09:54] [info] ➡️ GET /api/exchange-rate 요청 from ::1
[2025-07-28 17:09:54] [info] ➡️ GET /api/users/info?lang=ko 요청 from ::1
[2025-07-28 17:09:56] [info] ➡️ GET /api/exchange-rate 요청 from ::1
[2025-07-28 17:10:04] [info] ➡️ POST /api/transactions/wallet/withdraw 요청 from ::1
[2025-07-28 17:10:05] [info] ➡️ GET /wallet/withdraw 요청 from ::1
[2025-07-28 17:10:05] [info] ➡️ GET /.well-known/appspecific/com.chrome.devtools.json 요청 from ::1
[2025-07-28 17:10:06] [info] ➡️ GET /api/exchange-rate 요청 from ::1
[2025-07-28 17:10:06] [info] ➡️ GET /api/users/info?lang=ko 요청 from ::1
[2025-07-28 17:10:12] [info] ➡️ GET /api/exchange-rate 요청 from ::1
[2025-07-28 17:10:23] [info] ➡️ POST /api/transactions/wallet/withdraw 요청 from ::1
[2025-07-28 17:10:24] [info] ➡️ GET /wallet/withdraw 요청 from ::1
[2025-07-28 17:10:24] [info] ➡️ GET /.well-known/appspecific/com.chrome.devtools.json 요청 from ::1
[2025-07-28 17:10:24] [info] ➡️ GET /api/exchange-rate 요청 from ::1
[2025-07-28 17:10:24] [info] ➡️ GET /api/users/info?lang=ko 요청 from ::1
[2025-07-28 17:10:28] [info] ➡️ GET /api/exchange-rate 요청 from ::1
[2025-07-28 17:10:28] [info] ➡️ GET /api/users/info?lang=ko 요청 from ::1
[2025-07-28 17:10:34] [info] ➡️ PATCH /api/users/money-password 요청 from ::1
[2025-07-28 17:10:43] [info] ➡️ PATCH /api/users/money-password 요청 from ::1
[2025-07-28 17:10:51] [info] ➡️ GET /api/exchange-rate 요청 from ::1
[2025-07-28 17:10:51] [info] ➡️ GET /api/users/info?lang=ko 요청 from ::1
[2025-07-28 17:10:56] [info] ➡️ GET /api/exchange-rate 요청 from ::1
[2025-07-28 17:11:02] [info] ➡️ POST /api/transactions/wallet/withdraw 요청 from ::1
[2025-07-28 17:11:07] [info] ➡️ POST /api/transactions/wallet/withdraw 요청 from ::1
[2025-07-28 17:11:09] [info] ➡️ GET /wallet/withdraw 요청 from ::1
[2025-07-28 17:11:09] [info] ➡️ GET /.well-known/appspecific/com.chrome.devtools.json 요청 from ::1
[2025-07-28 17:11:09] [info] ➡️ GET /api/exchange-rate 요청 from ::1
[2025-07-28 17:11:09] [info] ➡️ GET /api/users/info?lang=ko 요청 from ::1
[2025-07-28 17:12:27] [info] ➡️ GET /wallet/withdraw 요청 from ::1
[2025-07-28 17:12:27] [info] ➡️ GET /.well-known/appspecific/com.chrome.devtools.json 요청 from ::1
[2025-07-28 17:12:28] [info] ➡️ GET /api/exchange-rate 요청 from ::1
[2025-07-28 17:12:28] [info] ➡️ GET /api/users/info?lang=ko 요청 from ::1
[2025-07-28 17:12:30] [info] ➡️ GET /api/exchange-rate 요청 from ::1
[2025-07-28 17:12:32] [info] ➡️ GET /api/exchange-rate 요청 from ::1
[2025-07-28 17:12:39] [info] ➡️ POST /api/transactions/wallet/withdraw 요청 from ::1
[2025-07-28 17:12:40] [info] ➡️ GET /wallet/withdraw 요청 from ::1
[2025-07-28 17:12:40] [info] ➡️ GET /.well-known/appspecific/com.chrome.devtools.json 요청 from ::1
[2025-07-28 17:12:41] [info] ➡️ GET /api/exchange-rate 요청 from ::1
[2025-07-28 17:12:41] [info] ➡️ GET /api/users/info?lang=ko 요청 from ::1
[2025-07-28 17:19:06] [info] ➡️ GET /api/exchange-rate 요청 from ::1
[2025-07-28 17:19:13] [info] ➡️ POST /api/transactions/wallet/withdraw 요청 from ::1
[2025-07-28 17:19:14] [info] ➡️ GET /wallet/withdraw 요청 from ::1
[2025-07-28 17:19:14] [info] ➡️ GET /.well-known/appspecific/com.chrome.devtools.json 요청 from ::1
[2025-07-28 17:19:14] [info] ➡️ GET /api/exchange-rate 요청 from ::1
[2025-07-28 17:19:14] [info] ➡️ GET /api/users/info?lang=ko 요청 from ::1
[2025-07-28 17:19:15] [info] ➡️ GET /api/exchange-rate 요청 from ::1
[2025-07-28 17:19:22] [info] ➡️ POST /api/transactions/wallet/withdraw 요청 from ::1
[2025-07-28 17:19:25] [info] ➡️ GET /wallet/withdraw 요청 from ::1
[2025-07-28 17:19:25] [info] ➡️ GET /.well-known/appspecific/com.chrome.devtools.json 요청 from ::1
[2025-07-28 17:19:25] [info] ➡️ GET /api/exchange-rate 요청 from ::1
[2025-07-28 17:19:25] [info] ➡️ GET /api/users/info?lang=ko 요청 from ::1
[2025-07-28 17:21:58] [info] ➡️ GET /wallet/withdraw 요청 from ::1
[2025-07-28 17:21:58] [info] ➡️ GET /.well-known/appspecific/com.chrome.devtools.json 요청 from ::1
[2025-07-28 17:21:58] [info] ➡️ GET /api/exchange-rate 요청 from ::1
[2025-07-28 17:21:58] [info] ➡️ GET /api/users/info?lang=ko 요청 from ::1
[2025-07-28 17:21:59] [info] ➡️ GET /api/exchange-rate 요청 from ::1
[2025-07-28 17:22:08] [info] ➡️ POST /api/transactions/wallet/withdraw 요청 from ::1
[2025-07-28 17:22:10] [info] ➡️ GET /wallet/withdraw 요청 from ::1
[2025-07-28 17:22:10] [info] ➡️ GET /.well-known/appspecific/com.chrome.devtools.json 요청 from ::1
[2025-07-28 17:22:10] [info] ➡️ GET /api/exchange-rate 요청 from ::1
[2025-07-28 17:22:10] [info] ➡️ GET /api/users/info?lang=ko 요청 from ::1
[2025-07-28 17:22:24] [info] ➡️ GET /api/exchange-rate 요청 from ::1
[2025-07-28 17:22:30] [info] ➡️ POST /api/transactions/wallet/withdraw 요청 from ::1
[2025-07-28 17:22:32] [info] ➡️ GET /wallet/withdraw 요청 from ::1
[2025-07-28 17:22:32] [info] ➡️ GET /.well-known/appspecific/com.chrome.devtools.json 요청 from ::1
[2025-07-28 17:22:32] [info] ➡️ GET /api/exchange-rate 요청 from ::1
[2025-07-28 17:22:32] [info] ➡️ GET /api/users/info?lang=ko 요청 from ::1
[2025-07-28 17:29:39] [info] ➡️ GET /api/exchange-rate 요청 from ::1
[2025-07-28 17:29:41] [info] ➡️ GET /wallet/withdraw 요청 from ::1
[2025-07-28 17:29:41] [info] ➡️ GET /.well-known/appspecific/com.chrome.devtools.json 요청 from ::1
[2025-07-28 17:29:43] [info] ➡️ GET /api/exchange-rate 요청 from ::1
[2025-07-28 17:29:43] [info] ➡️ GET /api/users/info?lang=ko 요청 from ::1
[2025-07-28 17:29:44] [info] ➡️ GET /api/exchange-rate 요청 from ::1
[2025-07-28 17:29:50] [info] ➡️ POST /api/transactions/wallet/withdraw 요청 from ::1
[2025-07-28 17:29:52] [info] ➡️ GET /wallet/withdraw 요청 from ::1
[2025-07-28 17:29:52] [info] ➡️ GET /.well-known/appspecific/com.chrome.devtools.json 요청 from ::1
[2025-07-28 17:29:52] [info] ➡️ GET /api/exchange-rate 요청 from ::1
[2025-07-28 17:29:52] [info] ➡️ GET /api/users/info?lang=ko 요청 from ::1
[2025-07-28 17:29:56] [info] ➡️ GET /api/exchange-rate 요청 from ::1
[2025-07-28 17:29:56] [info] ➡️ GET /api/users/me/wallet-history 요청 from ::1
[2025-07-28 17:29:56] [info] ➡️ GET /api/users/me 요청 from ::1
[2025-07-28 17:30:01] [info] ➡️ GET / 요청 from ::1
[2025-07-28 17:30:01] [info] ➡️ GET /.well-known/appspecific/com.chrome.devtools.json 요청 from ::1
[2025-07-28 17:30:01] [info] ➡️ GET /api/exchange-rate 요청 from ::1
[2025-07-28 17:30:01] [info] ➡️ GET /api/exchange-rate 요청 from ::1
[2025-07-28 17:30:01] [info] ➡️ GET /api/users/notices?limit=3&lang=ko 요청 from ::1
[2025-07-28 17:30:03] [info] ➡️ GET /api/exchange-rate 요청 from ::1
[2025-07-28 17:30:09] [info] ➡️ POST /api/users/login 요청 from ::1
[2025-07-28 17:30:10] [info] ➡️ GET /api/admin/summary 요청 from ::1
[2025-07-28 17:30:12] [info] ➡️ GET /api/admin/transactions/wallet-charge?page=1&limit=20&username=&status=&currency=&startDate=&endDate= 요청 from ::1
[2025-07-28 17:30:28] [info] ➡️ PATCH /api/admin/transactions/83/approve 요청 from ::1
[2025-07-28 17:30:35] [info] ➡️ PATCH /api/admin/transactions/83/approve 요청 from ::1
[2025-07-28 17:38:50] [info] ➡️ GET /api/admin/transactions/wallet-charge?page=1&limit=20&username=&status=&currency=&startDate=&endDate= 요청 from ::1
[2025-07-28 17:38:56] [info] ➡️ GET /admin/trade/wallet-charge 요청 from ::1
[2025-07-28 17:38:56] [info] ➡️ GET /.well-known/appspecific/com.chrome.devtools.json 요청 from ::1
[2025-07-28 17:38:56] [info] ➡️ GET /api/admin/transactions/wallet-charge?page=1&limit=20&username=&status=&currency=&startDate=&endDate= 요청 from ::1
[2025-07-28 17:38:57] [info] ➡️ GET /admin/trade/wallet-charge 요청 from ::1
[2025-07-28 17:38:57] [info] ➡️ GET /.well-known/appspecific/com.chrome.devtools.json 요청 from ::1
[2025-07-28 17:38:57] [info] ➡️ GET /api/admin/transactions/wallet-charge?page=1&limit=20&username=&status=&currency=&startDate=&endDate= 요청 from ::1
[2025-07-28 17:38:58] [info] ➡️ GET /admin/trade/wallet-charge 요청 from ::1
[2025-07-28 17:38:58] [info] ➡️ GET /.well-known/appspecific/com.chrome.devtools.json 요청 from ::1
[2025-07-28 17:38:58] [info] ➡️ GET /api/admin/transactions/wallet-charge?page=1&limit=20&username=&status=&currency=&startDate=&endDate= 요청 from ::1
[2025-07-28 17:41:28] [info] ➡️ GET /admin/trade/wallet-charge 요청 from ::1
[2025-07-28 17:41:28] [info] ➡️ GET /.well-known/appspecific/com.chrome.devtools.json 요청 from ::1
[2025-07-28 17:41:29] [info] ➡️ GET /api/admin/transactions/wallet-charge?page=1&limit=20&username=&status=&currency=&startDate=&endDate= 요청 from ::1
[2025-07-28 17:41:30] [info] ➡️ GET /admin/trade/wallet-charge 요청 from ::1
[2025-07-28 17:41:30] [info] ➡️ GET /.well-known/appspecific/com.chrome.devtools.json 요청 from ::1
[2025-07-28 17:41:30] [info] ➡️ GET /api/admin/transactions/wallet-charge?page=1&limit=20&username=&status=&currency=&startDate=&endDate= 요청 from ::1
[2025-07-28 17:49:28] [info] ➡️ GET /admin/trade/wallet-charge 요청 from ::1
[2025-07-28 17:49:28] [info] ➡️ GET /.well-known/appspecific/com.chrome.devtools.json 요청 from ::1
[2025-07-28 17:49:28] [info] ➡️ GET /api/admin/transactions/wallet-charge?page=1&limit=20&username=&status=&currency=&startDate=&endDate= 요청 from ::1
[2025-07-28 17:49:29] [info] ➡️ GET /admin/trade/wallet-charge 요청 from ::1
[2025-07-28 17:49:29] [info] ➡️ GET /.well-known/appspecific/com.chrome.devtools.json 요청 from ::1
[2025-07-28 17:49:29] [info] ➡️ GET /api/admin/transactions/wallet-charge?page=1&limit=20&username=&status=&currency=&startDate=&endDate= 요청 from ::1
[2025-07-28 17:50:11] [info] ➡️ GET /admin/trade/wallet-charge 요청 from ::1
[2025-07-28 17:50:11] [info] ➡️ GET /.well-known/appspecific/com.chrome.devtools.json 요청 from ::1
[2025-07-28 17:50:12] [info] ➡️ GET /api/admin/transactions/wallet-charge?page=1&limit=20&username=&status=&currency=&startDate=&endDate= 요청 from ::1
[2025-07-28 17:50:15] [info] ➡️ GET /api/admin/transactions/wallet-charge?page=1&limit=20&username=&status=&currency=&startDate=&endDate= 요청 from ::1
[2025-07-28 17:50:25] [info] ➡️ GET /admin/trade/wallet-withdraw 요청 from ::1
[2025-07-28 17:50:25] [info] ➡️ GET /.well-known/appspecific/com.chrome.devtools.json 요청 from ::1
[2025-07-28 17:50:25] [info] ➡️ GET /api/admin/transactions/wallet-charge?page=1&limit=20&username=&status=&currency=&startDate=&endDate= 요청 from ::1
[2025-07-28 17:50:56] [info] ➡️ GET /admin/trade/wallet-withdraw 요청 from ::1
[2025-07-28 17:50:56] [info] ➡️ GET /.well-known/appspecific/com.chrome.devtools.json 요청 from ::1
[2025-07-28 17:50:56] [info] ➡️ GET /api/admin/transactions/wallet-charge?page=1&limit=20&username=&status=&currency=&startDate=&endDate= 요청 from ::1
[2025-07-28 17:51:58] [info] ➡️ GET /admin/trade/wallet-withdraw 요청 from ::1
[2025-07-28 17:51:58] [info] ➡️ GET /.well-known/appspecific/com.chrome.devtools.json 요청 from ::1
[2025-07-28 17:52:00] [info] ➡️ GET /api/admin/transactions/wallet-withdraw?page=1&limit=20&username=&status=&currency=&startDate=&endDate= 요청 from ::1
[2025-07-28 17:52:00] [info] ➡️ GET /admin/trade/wallet-withdraw 요청 from ::1
[2025-07-28 17:52:00] [info] ➡️ GET /.well-known/appspecific/com.chrome.devtools.json 요청 from ::1
[2025-07-28 17:52:01] [info] ➡️ GET /api/admin/transactions/wallet-withdraw?page=1&limit=20&username=&status=&currency=&startDate=&endDate= 요청 from ::1
[2025-07-28 17:52:15] [info] ➡️ GET /api/admin/transactions/wallet-charge?page=1&limit=20&username=&status=&currency=&startDate=&endDate= 요청 from ::1
[2025-07-28 17:54:56] [info] ➡️ GET /admin/trade/wallet-charge 요청 from ::1
[2025-07-28 17:54:56] [info] ➡️ GET /.well-known/appspecific/com.chrome.devtools.json 요청 from ::1
[2025-07-28 17:54:57] [info] ➡️ GET /api/admin/transactions/wallet-charge?page=1&limit=20&username=&status=&currency=&startDate=&endDate= 요청 from ::1
[2025-07-28 17:54:58] [info] ➡️ GET /admin/trade/wallet-charge 요청 from ::1
[2025-07-28 17:54:58] [info] ➡️ GET /.well-known/appspecific/com.chrome.devtools.json 요청 from ::1
[2025-07-28 17:54:58] [info] ➡️ GET /api/admin/transactions/wallet-charge?page=1&limit=20&username=&status=&currency=&startDate=&endDate= 요청 from ::1
[2025-07-28 17:55:00] [info] ➡️ GET /admin/trade/wallet-charge 요청 from ::1
[2025-07-28 17:55:00] [info] ➡️ GET /.well-known/appspecific/com.chrome.devtools.json 요청 from ::1
[2025-07-28 17:55:00] [info] ➡️ GET /api/admin/transactions/wallet-charge?page=1&limit=20&username=&status=&currency=&startDate=&endDate= 요청 from ::1
[2025-07-28 17:55:23] [info] ➡️ GET /admin/trade/wallet-charge 요청 from ::1
[2025-07-28 17:55:23] [info] ➡️ GET /.well-known/appspecific/com.chrome.devtools.json 요청 from ::1
[2025-07-28 17:55:24] [info] ➡️ GET /api/admin/transactions/wallet-charge?page=1&limit=20&username=&status=&currency=&startDate=&endDate= 요청 from ::1
[2025-07-28 17:55:59] [info] ➡️ GET /api/admin/transactions/wallet-charge?page=1&limit=20&username=&status=&currency=&startDate=2025-07-21&endDate=2025-07-28 요청 from ::1
[2025-07-28 17:56:01] [info] ➡️ GET /admin/trade/wallet-charge 요청 from ::1
[2025-07-28 17:56:01] [info] ➡️ GET /.well-known/appspecific/com.chrome.devtools.json 요청 from ::1
[2025-07-28 17:56:01] [info] ➡️ GET /api/admin/transactions/wallet-charge?page=1&limit=20&username=&status=&currency=&startDate=&endDate= 요청 from ::1
[2025-07-28 17:56:02] [info] ➡️ GET /api/admin/transactions/wallet-charge?page=1&limit=20&username=&status=&currency=&startDate=2025-07-21&endDate=2025-07-28 요청 from ::1
[2025-07-28 17:56:03] [info] ➡️ GET /api/admin/transactions/wallet-charge?page=1&limit=20&username=&status=&currency=&startDate=2025-07-21&endDate=2025-07-28 요청 from ::1
[2025-07-28 17:56:04] [info] ➡️ GET /api/admin/transactions/wallet-charge?page=1&limit=20&username=&status=&currency=&startDate=2025-07-21&endDate=2025-07-28 요청 from ::1
[2025-07-28 17:56:23] [info] ➡️ GET /api/admin/summary 요청 from ::1
[2025-07-28 17:56:27] [info] ➡️ GET /api/admin/transactions/wallet-charge?page=1&limit=20&username=&status=&currency=&startDate=&endDate= 요청 from ::1
[2025-07-28 17:56:31] [info] ➡️ GET /admin/trade/wallet-charge 요청 from ::1
[2025-07-28 17:56:31] [info] ➡️ GET /.well-known/appspecific/com.chrome.devtools.json 요청 from ::1
[2025-07-28 17:56:31] [info] ➡️ GET /api/admin/transactions/wallet-charge?page=1&limit=20&username=&status=&currency=&startDate=&endDate= 요청 from ::1
[2025-07-28 17:57:25] [info] ➡️ GET /admin/trade/wallet-charge 요청 from ::1
[2025-07-28 17:57:25] [info] ➡️ GET /.well-known/appspecific/com.chrome.devtools.json 요청 from ::1
[2025-07-28 17:57:26] [info] ➡️ GET /admin/trade/wallet-charge 요청 from ::1
[2025-07-28 17:57:26] [info] ➡️ GET /.well-known/appspecific/com.chrome.devtools.json 요청 from ::1
[2025-07-28 17:57:26] [info] ➡️ GET /admin/trade/wallet-charge 요청 from ::1
[2025-07-28 17:57:26] [info] ➡️ GET /.well-known/appspecific/com.chrome.devtools.json 요청 from ::1
[2025-07-28 17:57:27] [info] ➡️ GET /api/admin/transactions/wallet-charge?page=1&limit=20&username=&status=&currency=&startDate=&endDate= 요청 from ::1
[2025-07-28 17:59:49] [info] ➡️ GET /admin/trade/wallet-charge 요청 from ::1
[2025-07-28 17:59:49] [info] ➡️ GET /.well-known/appspecific/com.chrome.devtools.json 요청 from ::1
[2025-07-28 17:59:49] [info] ➡️ GET /api/admin/transactions/wallet-charge?page=1&limit=20&username=&status=&currency=&startDate=&endDate= 요청 from ::1
[2025-07-28 17:59:50] [info] ➡️ GET /admin/trade/wallet-charge 요청 from ::1
[2025-07-28 17:59:50] [info] ➡️ GET /.well-known/appspecific/com.chrome.devtools.json 요청 from ::1
[2025-07-28 17:59:50] [info] ➡️ GET /api/admin/transactions/wallet-charge?page=1&limit=20&username=&status=&currency=&startDate=&endDate= 요청 from ::1
[2025-07-28 18:03:15] [info] ➡️ GET /admin/trade/wallet-charge 요청 from ::1
[2025-07-28 18:03:15] [info] ➡️ GET /.well-known/appspecific/com.chrome.devtools.json 요청 from ::1
[2025-07-28 18:03:15] [info] ➡️ GET /api/admin/transactions/wallet-charge?page=1&limit=20&username=&status=&currency=&startDate=&endDate= 요청 from ::1
[2025-07-28 18:06:50] [info] ➡️ GET /api/admin/transactions/wallet-withdraw?page=1&limit=20&username=&status=&currency=&startDate=&endDate= 요청 from ::1
[2025-07-28 18:07:53] [info] ➡️ GET /admin/trade/wallet-withdraw 요청 from ::1
[2025-07-28 18:07:53] [info] ➡️ GET /.well-known/appspecific/com.chrome.devtools.json 요청 from ::1
[2025-07-28 18:07:55] [info] ➡️ GET /api/admin/transactions/wallet-withdraw?page=1&limit=20&username=&status=&currency=&startDate=&endDate= 요청 from ::1
[2025-07-28 18:08:04] [info] ➡️ GET /api/admin/transactions/wallet-charge?page=1&limit=20&username=&status=&currency=&startDate=&endDate= 요청 from ::1
[2025-07-28 18:08:08] [info] ➡️ GET /admin/trade/wallet-charge 요청 from ::1
[2025-07-28 18:08:08] [info] ➡️ GET /.well-known/appspecific/com.chrome.devtools.json 요청 from ::1
[2025-07-28 18:08:09] [info] ➡️ GET /api/admin/transactions/wallet-charge?page=1&limit=20&username=&status=&currency=&startDate=&endDate= 요청 from ::1
[2025-07-28 18:08:12] [info] ➡️ GET /api/admin/transactions/wallet-withdraw?page=1&limit=20&username=&status=&currency=&startDate=&endDate= 요청 from ::1
[2025-07-28 18:11:10] [info] ➡️ GET /api/admin/transactions/wallet-charge?page=1&limit=20&username=&status=&currency=&startDate=&endDate= 요청 from ::1
[2025-07-28 18:11:31] [info] 🚀 서버 실행 중: http://localhost:3000
[2025-07-28 18:11:35] [info] ➡️ GET / 요청 from ::1
[2025-07-28 18:11:35] [info] ➡️ GET /.well-known/appspecific/com.chrome.devtools.json 요청 from ::1
[2025-07-28 18:11:36] [info] ➡️ GET /api/exchange-rate 요청 from ::1
[2025-07-28 18:11:36] [info] ➡️ GET /api/exchange-rate 요청 from ::1
[2025-07-28 18:11:36] [info] ➡️ GET /api/users/notices?limit=3&lang=ko 요청 from ::1
[2025-07-28 18:11:37] [info] ➡️ GET /api/exchange-rate 요청 from ::1
[2025-07-28 18:11:41] [info] ➡️ POST /api/users/login 요청 from ::1
[2025-07-28 18:11:41] [info] ➡️ GET /api/admin/summary 요청 from ::1
[2025-07-28 18:11:44] [info] ➡️ GET /api/admin/transactions/wallet-charge?page=1&limit=20&username=&status=&currency=&startDate=&endDate= 요청 from ::1
[2025-07-28 18:11:46] [info] ➡️ GET /api/admin/transactions/wallet-withdraw?page=1&limit=20&username=&status=&currency=&startDate=&endDate= 요청 from ::1
[2025-07-28 18:11:53] [info] ➡️ PATCH /api/admin/transactions/39/reject 요청 from ::1
[2025-07-28 18:27:21] [info] 🚀 서버 실행 중: http://localhost:3000
[2025-07-28 18:27:27] [info] ➡️ GET /api/admin/transactions/wallet-charge?page=1&limit=20&username=&status=&currency=&startDate=&endDate= 요청 from ::1
[2025-07-28 18:27:33] [info] ➡️ PATCH /api/admin/transactions/69/approve 요청 from ::1
[2025-07-28 18:27:48] [info] ➡️ GET /admin/trade/wallet-charge 요청 from ::1
[2025-07-28 18:27:48] [info] ➡️ GET /.well-known/appspecific/com.chrome.devtools.json 요청 from ::1
[2025-07-28 18:27:50] [info] ➡️ GET /api/admin/transactions/wallet-charge?page=1&limit=20&username=&status=&currency=&startDate=&endDate= 요청 from ::1
[2025-07-28 18:27:52] [info] ➡️ PATCH /api/admin/transactions/wallet-charge/69/approve 요청 from ::1
[2025-07-28 18:27:53] [info] ➡️ GET /api/admin/transactions/wallet-charge?page=1&limit=20&username=&status=&currency=&startDate=&endDate= 요청 from ::1
[2025-07-28 18:28:00] [info] ➡️ PATCH /api/admin/transactions/wallet-charge/68/reject 요청 from ::1
[2025-07-28 18:28:02] [info] ➡️ GET /api/admin/transactions/wallet-charge?page=1&limit=20&username=&status=&currency=&startDate=&endDate= 요청 from ::1
[2025-07-28 18:28:07] [info] ➡️ GET /api/admin/transactions/wallet-withdraw?page=1&limit=20&username=&status=&currency=&startDate=&endDate= 요청 from ::1
[2025-07-28 18:28:09] [info] ➡️ PATCH /api/admin/transactions/wallet-withdraw/91/approve 요청 from ::1
[2025-07-28 18:28:10] [info] ➡️ GET /api/admin/transactions/wallet-withdraw?page=1&limit=20&username=&status=&currency=&startDate=&endDate= 요청 from ::1
[2025-07-28 18:29:06] [info] ➡️ GET /admin/trade/wallet-withdraw 요청 from ::1
[2025-07-28 18:29:06] [info] ➡️ GET /.well-known/appspecific/com.chrome.devtools.json 요청 from ::1
[2025-07-28 18:29:06] [info] ➡️ GET /api/admin/transactions/wallet-withdraw?page=1&limit=20&username=&status=&currency=&startDate=&endDate= 요청 from ::1
[2025-07-28 18:29:10] [info] ➡️ GET /admin/trade/wallet-withdraw 요청 from ::1
[2025-07-28 18:29:10] [info] ➡️ GET /.well-known/appspecific/com.chrome.devtools.json 요청 from ::1
[2025-07-28 18:29:10] [info] ➡️ GET /api/admin/transactions/wallet-withdraw?page=1&limit=20&username=&status=&currency=&startDate=&endDate= 요청 from ::1
[2025-07-28 18:30:34] [info] ➡️ GET /admin/trade/wallet-withdraw 요청 from ::1
[2025-07-28 18:30:34] [info] ➡️ GET /.well-known/appspecific/com.chrome.devtools.json 요청 from ::1
[2025-07-28 18:30:34] [info] ➡️ GET /api/admin/transactions/wallet-withdraw?page=1&limit=20&username=&status=&currency=&startDate=&endDate= 요청 from ::1
[2025-07-28 18:31:12] [info] ➡️ GET /api/admin/transactions/wallet-charge?page=1&limit=20&username=&status=&currency=&startDate=&endDate= 요청 from ::1
[2025-07-28 18:31:17] [info] ➡️ GET /admin/trade/wallet-charge 요청 from ::1
[2025-07-28 18:31:17] [info] ➡️ GET /.well-known/appspecific/com.chrome.devtools.json 요청 from ::1
[2025-07-28 18:31:17] [info] ➡️ GET /api/admin/transactions/wallet-charge?page=1&limit=20&username=&status=&currency=&startDate=&endDate= 요청 from ::1
[2025-07-28 18:31:19] [info] ➡️ GET /api/admin/transactions/wallet-withdraw?page=1&limit=20&username=&status=&currency=&startDate=&endDate= 요청 from ::1
[2025-07-28 18:31:23] [info] ➡️ GET /api/admin/summary 요청 from ::1
[2025-07-28 18:31:24] [info] ➡️ GET /admin/dashboard 요청 from ::1
[2025-07-28 18:31:24] [info] ➡️ GET /.well-known/appspecific/com.chrome.devtools.json 요청 from ::1
[2025-07-28 18:31:24] [info] ➡️ GET /api/admin/summary 요청 from ::1
[2025-07-28 18:31:25] [info] ➡️ GET /admin/dashboard 요청 from ::1
[2025-07-28 18:31:25] [info] ➡️ GET /.well-known/appspecific/com.chrome.devtools.json 요청 from ::1
[2025-07-28 18:31:26] [info] ➡️ GET /api/admin/summary 요청 from ::1
[2025-07-28 18:31:28] [info] ➡️ GET /api/admin/transactions/wallet-withdraw?page=1&limit=20&username=&status=&currency=&startDate=&endDate= 요청 from ::1
[2025-07-28 18:32:07] [info] ➡️ GET /api/admin/summary 요청 from ::1
[2025-07-28 18:32:08] [info] ➡️ GET /api/admin/transactions/wallet-withdraw?page=1&limit=20&username=&status=&currency=&startDate=&endDate= 요청 from ::1
[2025-07-28 18:33:17] [info] ➡️ GET /admin/trade/wallet-withdraw 요청 from ::1
[2025-07-28 18:33:17] [info] ➡️ GET /.well-known/appspecific/com.chrome.devtools.json 요청 from ::1
[2025-07-28 18:33:19] [info] ➡️ GET /api/admin/transactions/wallet-withdraw?page=1&limit=20&username=&status=&currency=&startDate=&endDate= 요청 from ::1
[2025-07-28 18:33:25] [info] ➡️ PATCH /api/admin/transactions/wallet-withdraw/90/reject 요청 from ::1
[2025-07-28 18:33:26] [info] ➡️ GET /api/admin/transactions/wallet-withdraw?page=1&limit=20&username=&status=&currency=&startDate=&endDate= 요청 from ::1
[2025-07-28 18:33:31] [info] ➡️ PATCH /api/admin/transactions/wallet-withdraw/89/reject 요청 from ::1
[2025-07-28 18:33:32] [info] ➡️ GET /api/admin/transactions/wallet-withdraw?page=1&limit=20&username=&status=&currency=&startDate=&endDate= 요청 from ::1
[2025-07-28 18:33:34] [info] ➡️ PATCH /api/admin/transactions/wallet-withdraw/88/approve 요청 from ::1
[2025-07-28 18:33:36] [info] ➡️ GET /api/admin/transactions/wallet-withdraw?page=1&limit=20&username=&status=&currency=&startDate=&endDate= 요청 from ::1
[2025-07-28 18:33:39] [info] ➡️ GET / 요청 from ::1
[2025-07-28 18:33:39] [info] ➡️ GET /.well-known/appspecific/com.chrome.devtools.json 요청 from ::1
[2025-07-28 18:33:40] [info] ➡️ GET /api/exchange-rate 요청 from ::1
[2025-07-28 18:33:40] [info] ➡️ GET /api/exchange-rate 요청 from ::1
[2025-07-28 18:33:40] [info] ➡️ GET /api/users/notices?limit=3&lang=ko 요청 from ::1
[2025-07-28 18:33:41] [info] ➡️ GET /api/exchange-rate 요청 from ::1
[2025-07-28 18:33:46] [info] ➡️ POST /api/users/login 요청 from ::1
[2025-07-28 18:33:46] [info] ➡️ GET /api/exchange-rate 요청 from ::1
[2025-07-28 18:33:46] [info] ➡️ GET /api/exchange-rate 요청 from ::1
[2025-07-28 18:33:46] [info] ➡️ GET /api/users/notices?limit=3&lang=ko 요청 from ::1
[2025-07-28 18:33:48] [info] ➡️ GET /api/exchange-rate 요청 from ::1
[2025-07-28 18:33:50] [info] ➡️ GET /api/exchange-rate 요청 from ::1
[2025-07-28 18:33:50] [info] ➡️ GET /api/users/info?lang=ko 요청 from ::1
[2025-07-28 18:33:52] [info] ➡️ GET /api/exchange-rate 요청 from ::1
[2025-07-28 18:33:52] [info] ➡️ GET /api/users/me/wallet-history 요청 from ::1
[2025-07-28 18:33:52] [info] ➡️ GET /api/users/me 요청 from ::1
[2025-07-28 18:34:07] [info] ➡️ GET /api/exchange-rate 요청 from ::1
[2025-07-28 18:34:07] [info] ➡️ GET /api/users/info?lang=ko 요청 from ::1
[2025-07-28 18:34:09] [info] ➡️ GET /api/exchange-rate 요청 from ::1
[2025-07-28 18:34:09] [info] ➡️ GET /api/users/messages 요청 from ::1
[2025-07-28 18:34:15] [info] ➡️ GET / 요청 from ::1
[2025-07-28 18:34:15] [info] ➡️ GET /api/exchange-rate 요청 from ::1
[2025-07-28 18:34:15] [info] ➡️ GET /.well-known/appspecific/com.chrome.devtools.json 요청 from ::1
[2025-07-28 18:34:16] [info] ➡️ GET /api/exchange-rate 요청 from ::1
[2025-07-28 18:34:16] [info] ➡️ GET /api/exchange-rate 요청 from ::1
[2025-07-28 18:34:16] [info] ➡️ GET /api/users/notices?limit=3&lang=ko 요청 from ::1
[2025-07-28 18:34:17] [info] ➡️ GET /api/exchange-rate 요청 from ::1
[2025-07-28 18:34:21] [info] ➡️ POST /api/users/login 요청 from ::1
[2025-07-28 18:34:21] [info] ➡️ GET /api/admin/summary 요청 from ::1
[2025-07-28 18:34:24] [info] ➡️ GET /api/admin/transactions/wallet-withdraw?page=1&limit=20&username=&status=&currency=&startDate=&endDate= 요청 from ::1
[2025-07-28 18:34:27] [info] ➡️ PATCH /api/admin/transactions/wallet-withdraw/87/approve 요청 from ::1
[2025-07-28 18:34:28] [info] ➡️ GET /api/admin/transactions/wallet-withdraw?page=1&limit=20&username=&status=&currency=&startDate=&endDate= 요청 from ::1
[2025-07-28 18:34:30] [info] ➡️ PATCH /api/admin/transactions/wallet-withdraw/86/approve 요청 from ::1
[2025-07-28 18:34:31] [info] ➡️ GET /api/admin/transactions/wallet-withdraw?page=1&limit=20&username=&status=&currency=&startDate=&endDate= 요청 from ::1
[2025-07-28 18:34:34] [info] ➡️ GET / 요청 from ::1
[2025-07-28 18:34:34] [info] ➡️ GET /.well-known/appspecific/com.chrome.devtools.json 요청 from ::1
[2025-07-28 18:34:35] [info] ➡️ GET /api/exchange-rate 요청 from ::1
[2025-07-28 18:34:35] [info] ➡️ GET /api/exchange-rate 요청 from ::1
[2025-07-28 18:34:35] [info] ➡️ GET /api/users/notices?limit=3&lang=ko 요청 from ::1
[2025-07-28 18:34:36] [info] ➡️ GET /api/exchange-rate 요청 from ::1
[2025-07-28 18:34:41] [info] ➡️ POST /api/users/login 요청 from ::1
[2025-07-28 18:34:42] [info] ➡️ GET /api/exchange-rate 요청 from ::1
[2025-07-28 18:34:42] [info] ➡️ GET /api/users/notices?limit=3&lang=ko 요청 from ::1
[2025-07-28 18:34:42] [info] ➡️ GET /api/exchange-rate 요청 from ::1
[2025-07-28 18:34:44] [info] ➡️ GET /api/exchange-rate 요청 from ::1
[2025-07-28 18:34:44] [info] ➡️ GET /api/users/info?lang=ko 요청 from ::1
[2025-07-28 18:36:38] [info] ➡️ GET /api/platforms?lang=ko 요청 from ::1
[2025-07-28 18:36:38] [info] ➡️ GET /api/exchange-rate 요청 from ::1
[2025-07-28 18:36:38] [info] ➡️ GET /api/platforms?lang=ko 요청 from ::1
[2025-07-28 18:36:38] [info] ➡️ GET /api/users/me 요청 from ::1
[2025-07-28 18:36:38] [info] ➡️ GET /api/users/me 요청 from ::1
[2025-07-28 18:36:38] [info] ➡️ GET /api/users/me/transactions?type=charge&lang=ko 요청 from ::1
[2025-07-28 18:36:38] [info] ➡️ GET /api/users/me/transactions?type=charge&lang=ko 요청 from ::1
[2025-07-28 18:36:39] [info] ➡️ GET /api/exchange-rate 요청 from ::1
[2025-07-28 18:36:45] [info] ➡️ POST /api/transactions 요청 from ::1
[2025-07-28 18:36:47] [info] ➡️ GET /trade/recharge 요청 from ::1
[2025-07-28 18:36:47] [info] ➡️ GET /.well-known/appspecific/com.chrome.devtools.json 요청 from ::1
[2025-07-28 18:36:47] [info] ➡️ GET /api/platforms?lang=ko 요청 from ::1
[2025-07-28 18:36:47] [info] ➡️ GET /api/exchange-rate 요청 from ::1
[2025-07-28 18:36:47] [info] ➡️ GET /api/platforms?lang=ko 요청 from ::1
[2025-07-28 18:36:47] [info] ➡️ GET /api/users/me 요청 from ::1
[2025-07-28 18:36:47] [info] ➡️ GET /api/users/me 요청 from ::1
[2025-07-28 18:36:47] [info] ➡️ GET /api/users/me/transactions?type=charge&lang=ko 요청 from ::1
[2025-07-28 18:36:47] [info] ➡️ GET /api/users/me/transactions?type=charge&lang=ko 요청 from ::1
[2025-07-28 18:36:49] [info] ➡️ GET /trade/recharge 요청 from ::1
[2025-07-28 18:36:49] [info] ➡️ GET /.well-known/appspecific/com.chrome.devtools.json 요청 from ::1
[2025-07-28 18:36:49] [info] ➡️ GET /api/platforms?lang=ko 요청 from ::1
[2025-07-28 18:36:49] [info] ➡️ GET /api/exchange-rate 요청 from ::1
[2025-07-28 18:36:49] [info] ➡️ GET /api/platforms?lang=ko 요청 from ::1
[2025-07-28 18:36:49] [info] ➡️ GET /api/users/me 요청 from ::1
[2025-07-28 18:36:49] [info] ➡️ GET /api/users/me 요청 from ::1
[2025-07-28 18:36:49] [info] ➡️ GET /api/users/me/transactions?type=charge&lang=ko 요청 from ::1
[2025-07-28 18:36:49] [info] ➡️ GET /api/users/me/transactions?type=charge&lang=ko 요청 from ::1
[2025-07-28 18:36:50] [info] ➡️ GET /api/users/me 요청 from ::1
[2025-07-28 18:36:50] [info] ➡️ GET /api/users/me/transactions?type=charge&lang=ko 요청 from ::1
[2025-07-28 18:36:52] [info] ➡️ GET /api/exchange-rate 요청 from ::1
[2025-07-28 18:37:10] [info] ➡️ GET /api/platforms?lang=ko 요청 from ::1
[2025-07-28 18:37:10] [info] ➡️ GET /api/users/me 요청 from ::1
[2025-07-28 18:37:10] [info] ➡️ GET /api/users/me/transactions?type=charge&lang=ko 요청 from ::1
[2025-07-28 18:39:12] [info] ➡️ GET /trade/recharge 요청 from ::1
[2025-07-28 18:39:12] [info] ➡️ GET /.well-known/appspecific/com.chrome.devtools.json 요청 from ::1
[2025-07-28 18:39:14] [info] ➡️ GET /api/platforms?lang=ko 요청 from ::1
[2025-07-28 18:39:14] [info] ➡️ GET /api/exchange-rate 요청 from ::1
[2025-07-28 18:39:14] [info] ➡️ GET /api/platforms?lang=ko 요청 from ::1
[2025-07-28 18:39:14] [info] ➡️ GET /api/users/me 요청 from ::1
[2025-07-28 18:39:14] [info] ➡️ GET /api/users/me 요청 from ::1
[2025-07-28 18:39:14] [info] ➡️ GET /api/users/me/transactions?type=charge&lang=ko 요청 from ::1
[2025-07-28 18:39:14] [info] ➡️ GET /api/users/me/transactions?type=charge&lang=ko 요청 from ::1
[2025-07-28 18:39:38] [info] ➡️ GET /api/platforms?lang=ko 요청 from ::1
[2025-07-28 18:39:38] [info] ➡️ GET /api/exchange-rate 요청 from ::1
[2025-07-28 18:39:38] [info] ➡️ GET /api/platforms?lang=ko 요청 from ::1
[2025-07-28 18:39:38] [info] ➡️ GET /api/users/me/transactions 요청 from ::1
[2025-07-28 18:39:38] [info] ➡️ GET /api/users/me/transactions 요청 from ::1
[2025-07-28 18:39:54] [info] ➡️ GET /api/platforms?lang=ko 요청 from ::1
[2025-07-28 18:39:54] [info] ➡️ GET /api/exchange-rate 요청 from ::1
[2025-07-28 18:39:54] [info] ➡️ GET /api/platforms?lang=ko 요청 from ::1
[2025-07-28 18:39:54] [info] ➡️ GET /api/users/me 요청 from ::1
[2025-07-28 18:39:54] [info] ➡️ GET /api/users/me 요청 from ::1
[2025-07-28 18:39:54] [info] ➡️ GET /api/users/me/transactions?type=charge&lang=ko 요청 from ::1
[2025-07-28 18:39:54] [info] ➡️ GET /api/users/me/transactions?type=charge&lang=ko 요청 from ::1
[2025-07-28 18:43:29] [info] ➡️ GET /trade/recharge 요청 from ::1
[2025-07-28 18:43:29] [info] ➡️ GET /.well-known/appspecific/com.chrome.devtools.json 요청 from ::1
[2025-07-28 18:43:29] [info] ➡️ GET /api/platforms?lang=ko 요청 from ::1
[2025-07-28 18:43:29] [info] ➡️ GET /api/exchange-rate 요청 from ::1
[2025-07-28 18:43:29] [info] ➡️ GET /api/platforms?lang=ko 요청 from ::1
[2025-07-28 18:43:29] [info] ➡️ GET /api/users/me 요청 from ::1
[2025-07-28 18:43:29] [info] ➡️ GET /api/users/me 요청 from ::1
[2025-07-28 18:43:29] [info] ➡️ GET /api/users/me/transactions?type=charge&lang=ko 요청 from ::1
[2025-07-28 18:43:29] [info] ➡️ GET /api/users/me/transactions?type=charge&lang=ko 요청 from ::1
[2025-07-28 18:49:09] [info] ➡️ GET /trade/recharge 요청 from ::1
[2025-07-28 18:49:09] [info] ➡️ GET /.well-known/appspecific/com.chrome.devtools.json 요청 from ::1
[2025-07-28 18:49:09] [info] ➡️ GET /api/platforms?lang=ko 요청 from ::1
[2025-07-28 18:49:09] [info] ➡️ GET /api/exchange-rate 요청 from ::1
[2025-07-28 18:49:09] [info] ➡️ GET /api/platforms?lang=ko 요청 from ::1
[2025-07-28 18:49:09] [info] ➡️ GET /api/users/me 요청 from ::1
[2025-07-28 18:49:09] [info] ➡️ GET /api/users/me 요청 from ::1
[2025-07-28 18:49:09] [info] ➡️ GET /api/users/me/transactions?type=charge&lang=ko 요청 from ::1
[2025-07-28 18:49:09] [info] ➡️ GET /api/users/me/transactions?type=charge&lang=ko 요청 from ::1
[2025-07-28 18:49:11] [info] ➡️ GET /api/users/me 요청 from ::1
[2025-07-28 18:49:11] [info] ➡️ GET /api/users/me/transactions?type=charge&lang=ko 요청 from ::1
[2025-07-28 18:49:16] [info] ➡️ GET /api/platforms?lang=ko 요청 from ::1
[2025-07-28 18:49:16] [info] ➡️ GET /api/users/me 요청 from ::1
[2025-07-28 18:49:16] [info] ➡️ GET /api/users/me/transactions?type=charge&lang=ko 요청 from ::1
[2025-07-28 18:49:17] [info] ➡️ GET /api/users/me 요청 from ::1
[2025-07-28 18:49:17] [info] ➡️ GET /api/users/me/transactions?type=charge&lang=ko 요청 from ::1
[2025-07-28 18:49:18] [info] ➡️ GET /api/platforms?lang=ko 요청 from ::1
[2025-07-28 18:49:18] [info] ➡️ GET /api/users/me 요청 from ::1
[2025-07-28 18:49:18] [info] ➡️ GET /api/users/me/transactions?type=charge&lang=ko 요청 from ::1
[2025-07-28 18:49:21] [info] ➡️ GET /api/users/me 요청 from ::1
[2025-07-28 18:49:21] [info] ➡️ GET /api/exchange-rate 요청 from ::1
[2025-07-28 18:49:21] [info] ➡️ GET /api/users/me 요청 from ::1
[2025-07-28 18:49:21] [info] ➡️ GET /api/platforms?lang=ko 요청 from ::1
[2025-07-28 18:49:21] [info] ➡️ GET /api/platforms?lang=ko 요청 from ::1
[2025-07-28 18:49:21] [info] ➡️ GET /api/users/me/withdraws 요청 from ::1
[2025-07-28 18:49:21] [info] ➡️ GET /api/users/me/withdraws 요청 from ::1
[2025-07-28 18:49:21] [info] ➡️ GET /api/exchange-rate 요청 from ::1
[2025-07-28 18:49:21] [info] ➡️ GET /api/exchange-rate 요청 from ::1
[2025-07-28 18:49:22] [info] ➡️ GET /api/users/me/withdraws 요청 from ::1
[2025-07-28 18:49:22] [info] ➡️ GET /api/users/me/withdraws 요청 from ::1
[2025-07-28 18:49:24] [info] ➡️ GET /api/platforms?lang=ko 요청 from ::1
[2025-07-28 18:49:24] [info] ➡️ GET /api/exchange-rate 요청 from ::1
[2025-07-28 18:49:24] [info] ➡️ GET /api/platforms?lang=ko 요청 from ::1
[2025-07-28 18:49:24] [info] ➡️ GET /api/users/me/transactions 요청 from ::1
[2025-07-28 18:49:24] [info] ➡️ GET /api/users/me/transactions 요청 from ::1
[2025-07-28 18:49:25] [info] ➡️ GET /api/platforms?lang=ko 요청 from ::1
[2025-07-28 18:49:25] [info] ➡️ GET /api/users/me/withdraws 요청 from ::1
[2025-07-28 18:49:29] [info] ➡️ GET /api/platforms?lang=ko 요청 from ::1
[2025-07-28 18:49:29] [info] ➡️ GET /api/platforms?lang=ko 요청 from ::1
[2025-07-28 18:49:29] [info] ➡️ GET /api/exchange-rate 요청 from ::1
[2025-07-28 18:49:29] [info] ➡️ GET /api/users/me/transactions 요청 from ::1
[2025-07-28 18:49:29] [info] ➡️ GET /api/users/me/transactions 요청 from ::1
[2025-07-28 18:49:30] [info] ➡️ GET /api/platforms?lang=ko 요청 from ::1
[2025-07-28 18:49:30] [info] ➡️ GET /api/users/me/withdraws 요청 from ::1
[2025-07-28 18:49:31] [info] ➡️ GET /api/platforms?lang=ko 요청 from ::1
[2025-07-28 18:49:31] [info] ➡️ GET /api/users/me/transactions 요청 from ::1
[2025-07-28 18:49:32] [info] ➡️ GET /api/exchange-rate 요청 from ::1
[2025-07-28 18:49:32] [info] ➡️ GET /api/users/me/wallet-history 요청 from ::1
[2025-07-28 18:49:32] [info] ➡️ GET /api/users/me 요청 from ::1
[2025-07-28 18:49:37] [info] ➡️ GET /api/exchange-rate 요청 from ::1
[2025-07-28 18:49:37] [info] ➡️ GET /api/platforms?lang=ko 요청 from ::1
[2025-07-28 18:50:25] [info] ➡️ GET /wallet/transfer 요청 from ::1
[2025-07-28 18:50:25] [info] ➡️ GET /.well-known/appspecific/com.chrome.devtools.json 요청 from ::1
[2025-07-28 18:50:25] [info] ➡️ GET /api/exchange-rate 요청 from ::1
[2025-07-28 18:50:25] [info] ➡️ GET /api/platforms?lang=ko 요청 from ::1
[2025-07-28 18:50:27] [info] ➡️ GET /api/platforms?lang=ko 요청 from ::1
[2025-07-28 18:50:27] [info] ➡️ GET /api/exchange-rate 요청 from ::1
[2025-07-28 18:50:27] [info] ➡️ GET /api/platforms?lang=ko 요청 from ::1
[2025-07-28 18:50:27] [info] ➡️ GET /api/users/me/transactions 요청 from ::1
[2025-07-28 18:50:27] [info] ➡️ GET /api/users/me/transactions 요청 from ::1
[2025-07-28 18:50:29] [info] ➡️ GET /api/platforms?lang=ko 요청 from ::1
[2025-07-28 18:50:29] [info] ➡️ GET /api/users/me/withdraws 요청 from ::1
[2025-07-28 18:50:31] [info] ➡️ GET /api/users/me 요청 from ::1
[2025-07-28 18:50:31] [info] ➡️ GET /api/exchange-rate 요청 from ::1
[2025-07-28 18:50:31] [info] ➡️ GET /api/users/me 요청 from ::1
[2025-07-28 18:50:31] [info] ➡️ GET /api/platforms?lang=ko 요청 from ::1
[2025-07-28 18:50:31] [info] ➡️ GET /api/platforms?lang=ko 요청 from ::1
[2025-07-28 18:50:31] [info] ➡️ GET /api/users/me/withdraws 요청 from ::1
[2025-07-28 18:50:31] [info] ➡️ GET /api/users/me/withdraws 요청 from ::1
[2025-07-28 18:50:31] [info] ➡️ GET /api/exchange-rate 요청 from ::1
[2025-07-28 18:50:31] [info] ➡️ GET /api/exchange-rate 요청 from ::1
[2025-07-28 18:50:31] [info] ➡️ GET /api/users/me/withdraws 요청 from ::1
[2025-07-28 18:50:31] [info] ➡️ GET /api/users/me/withdraws 요청 from ::1
[2025-07-28 18:50:32] [info] ➡️ GET /api/users/me 요청 from ::1
[2025-07-28 18:50:32] [info] ➡️ GET /api/platforms?lang=ko 요청 from ::1
[2025-07-28 18:50:32] [info] ➡️ GET /api/users/me/withdraws 요청 from ::1
[2025-07-28 18:50:33] [info] ➡️ GET /api/users/me 요청 from ::1
[2025-07-28 18:50:33] [info] ➡️ GET /api/platforms?lang=ko 요청 from ::1
[2025-07-28 18:50:33] [info] ➡️ GET /api/users/me/withdraws 요청 from ::1
[2025-07-28 18:50:33] [info] ➡️ GET /api/exchange-rate 요청 from ::1
[2025-07-28 18:50:34] [info] ➡️ GET /api/users/me/withdraws 요청 from ::1
[2025-07-28 18:50:34] [info] ➡️ GET /api/users/me 요청 from ::1
[2025-07-28 18:50:34] [info] ➡️ GET /api/platforms?lang=ko 요청 from ::1
[2025-07-28 18:50:34] [info] ➡️ GET /api/users/me/withdraws 요청 from ::1
[2025-07-28 18:50:35] [info] ➡️ GET /api/platforms?lang=ko 요청 from ::1
[2025-07-28 18:50:35] [info] ➡️ GET /api/exchange-rate 요청 from ::1
[2025-07-28 18:50:35] [info] ➡️ GET /api/platforms?lang=ko 요청 from ::1
[2025-07-28 18:50:35] [info] ➡️ GET /api/users/me 요청 from ::1
[2025-07-28 18:50:35] [info] ➡️ GET /api/users/me 요청 from ::1
[2025-07-28 18:50:35] [info] ➡️ GET /api/users/me/transactions?type=charge&lang=ko 요청 from ::1
[2025-07-28 18:50:35] [info] ➡️ GET /api/users/me/transactions?type=charge&lang=ko 요청 from ::1
[2025-07-28 18:50:37] [info] ➡️ GET /api/users/me 요청 from ::1
[2025-07-28 18:50:37] [info] ➡️ GET /api/users/me/transactions?type=charge&lang=ko 요청 from ::1
[2025-07-28 18:50:39] [info] ➡️ GET /api/exchange-rate 요청 from ::1
[2025-07-28 18:50:39] [info] ➡️ GET /api/users/me/wallet-history 요청 from ::1
[2025-07-28 18:50:39] [info] ➡️ GET /api/users/me 요청 from ::1
[2025-07-28 18:50:49] [info] ➡️ GET /api/exchange-rate 요청 from ::1
[2025-07-28 18:50:49] [info] ➡️ GET /api/api/transactions/wallet/transfer/history 요청 from ::1
[2025-07-28 18:50:53] [info] ➡️ GET /api/exchange-rate 요청 from ::1
[2025-07-28 18:50:53] [info] ➡️ GET /api/platforms?lang=ko 요청 from ::1
[2025-07-28 18:50:55] [info] ➡️ GET /api/exchange-rate 요청 from ::1
[2025-07-28 18:50:56] [info] ➡️ GET /api/exchange-rate 요청 from ::1
[2025-07-28 18:50:56] [info] ➡️ GET /api/users/info?lang=ko 요청 from ::1
[2025-07-28 18:50:58] [info] ➡️ GET /api/exchange-rate 요청 from ::1
[2025-07-28 18:51:00] [info] ➡️ GET /api/exchange-rate 요청 from ::1
[2025-07-28 18:51:00] [info] ➡️ GET /api/users/me/wallet-history 요청 from ::1
[2025-07-28 18:51:00] [info] ➡️ GET /api/users/me 요청 from ::1
[2025-07-28 18:51:21] [info] ➡️ GET /api/platforms?lang=ko 요청 from ::1
[2025-07-28 18:51:21] [info] ➡️ GET /api/exchange-rate 요청 from ::1
[2025-07-28 18:51:21] [info] ➡️ GET /api/platforms?lang=ko 요청 from ::1
[2025-07-28 18:51:21] [info] ➡️ GET /api/users/me/transactions 요청 from ::1
[2025-07-28 18:51:21] [info] ➡️ GET /api/users/me/transactions 요청 from ::1
[2025-07-28 18:51:22] [info] ➡️ GET /api/platforms?lang=ko 요청 from ::1
[2025-07-28 18:51:22] [info] ➡️ GET /api/users/me/withdraws 요청 from ::1
[2025-07-28 18:51:23] [info] ➡️ GET /api/platforms?lang=ko 요청 from ::1
[2025-07-28 18:51:23] [info] ➡️ GET /api/users/me/transactions 요청 from ::1
[2025-07-28 18:51:23] [info] ➡️ GET /api/platforms?lang=ko 요청 from ::1
[2025-07-28 18:51:23] [info] ➡️ GET /api/users/me/withdraws 요청 from ::1
[2025-07-28 18:51:23] [info] ➡️ GET /api/platforms?lang=ko 요청 from ::1
[2025-07-28 18:51:23] [info] ➡️ GET /api/users/me/transactions 요청 from ::1
[2025-07-28 18:51:23] [info] ➡️ GET /api/platforms?lang=ko 요청 from ::1
[2025-07-28 18:51:23] [info] ➡️ GET /api/users/me/withdraws 요청 from ::1
[2025-07-28 18:51:24] [info] ➡️ GET /api/platforms?lang=ko 요청 from ::1
[2025-07-28 18:51:24] [info] ➡️ GET /api/users/me/transactions 요청 from ::1
[2025-07-28 18:51:24] [info] ➡️ GET /api/platforms?lang=ko 요청 from ::1
[2025-07-28 18:51:24] [info] ➡️ GET /api/users/me/withdraws 요청 from ::1
[2025-07-28 18:51:24] [info] ➡️ GET /api/platforms?lang=ko 요청 from ::1
[2025-07-28 18:51:24] [info] ➡️ GET /api/users/me/transactions 요청 from ::1
[2025-07-28 18:51:27] [info] ➡️ GET /api/exchange-rate 요청 from ::1
[2025-07-28 18:51:27] [info] ➡️ GET /api/platforms?lang=ko 요청 from ::1
[2025-07-29 05:25:21] [info] 🚀 서버 실행 중: http://localhost:3000
[2025-07-29 05:26:41] [info] ➡️ GET / 요청 from ::1
[2025-07-29 05:26:43] [info] ➡️ GET /api/exchange-rate 요청 from ::1
[2025-07-29 05:26:43] [info] ➡️ GET /api/users/notices?limit=3&lang=en 요청 from ::1
[2025-07-29 05:26:44] [info] ➡️ GET /api/exchange-rate 요청 from ::1
[2025-07-29 05:27:03] [info] ➡️ GET /api/exchange-rate 요청 from ::1
[2025-07-29 05:27:10] [info] ➡️ POST /api/users/login 요청 from ::1
[2025-07-29 05:27:10] [info] ➡️ GET /api/exchange-rate 요청 from ::1
[2025-07-29 05:27:10] [info] ➡️ GET /api/users/notices?limit=3&lang=en 요청 from ::1
[2025-07-29 05:27:11] [info] ➡️ GET /api/exchange-rate 요청 from ::1
[2025-07-29 05:27:16] [info] ➡️ GET /api/platforms?lang=en 요청 from ::1
[2025-07-29 05:27:16] [info] ➡️ GET /api/exchange-rate 요청 from ::1
[2025-07-29 05:27:16] [info] ➡️ GET /api/platforms?lang=en 요청 from ::1
[2025-07-29 05:27:16] [info] ➡️ GET /api/users/me 요청 from ::1
[2025-07-29 05:27:16] [info] ➡️ GET /api/users/me 요청 from ::1
[2025-07-29 05:27:16] [info] ➡️ GET /api/users/me/transactions?type=charge&lang=en 요청 from ::1
[2025-07-29 05:27:16] [info] ➡️ GET /api/users/me/transactions?type=charge&lang=en 요청 from ::1
[2025-07-29 05:27:18] [info] ➡️ GET /api/exchange-rate 요청 from ::1
[2025-07-29 05:27:25] [info] ➡️ POST /api/transactions 요청 from ::1
[2025-07-29 05:27:28] [info] ➡️ GET /trade/recharge 요청 from ::1
[2025-07-29 05:27:28] [info] ➡️ GET /api/platforms?lang=en 요청 from ::1
[2025-07-29 05:27:28] [info] ➡️ GET /api/exchange-rate 요청 from ::1
[2025-07-29 05:27:28] [info] ➡️ GET /api/platforms?lang=en 요청 from ::1
[2025-07-29 05:27:28] [info] ➡️ GET /api/users/me 요청 from ::1
[2025-07-29 05:27:28] [info] ➡️ GET /api/users/me 요청 from ::1
[2025-07-29 05:27:28] [info] ➡️ GET /api/users/me/transactions?type=charge&lang=en 요청 from ::1
[2025-07-29 05:27:28] [info] ➡️ GET /api/users/me/transactions?type=charge&lang=en 요청 from ::1
[2025-07-29 05:27:31] [info] ➡️ GET /api/users/me 요청 from ::1
[2025-07-29 05:27:31] [info] ➡️ GET /api/users/me/transactions?type=charge&lang=en 요청 from ::1
[2025-07-29 05:27:33] [info] ➡️ GET /api/exchange-rate 요청 from ::1
[2025-07-29 05:28:17] [info] ➡️ GET /.well-known/appspecific/com.chrome.devtools.json 요청 from ::1
[2025-07-29 05:29:45] [info] ➡️ GET /trade/recharge 요청 from ::1
[2025-07-29 05:29:45] [info] ➡️ GET /.well-known/appspecific/com.chrome.devtools.json 요청 from ::1
[2025-07-29 05:29:45] [info] ➡️ GET /api/platforms?lang=en 요청 from ::1
[2025-07-29 05:29:45] [info] ➡️ GET /api/exchange-rate 요청 from ::1
[2025-07-29 05:29:45] [info] ➡️ GET /api/platforms?lang=en 요청 from ::1
[2025-07-29 05:29:45] [info] ➡️ GET /api/users/me 요청 from ::1
[2025-07-29 05:29:45] [info] ➡️ GET /api/users/me 요청 from ::1
[2025-07-29 05:29:45] [info] ➡️ GET /api/users/me/transactions?type=charge&lang=en 요청 from ::1
[2025-07-29 05:29:45] [info] ➡️ GET /api/users/me/transactions?type=charge&lang=en 요청 from ::1
[2025-07-29 05:29:46] [info] ➡️ GET /api/users/me 요청 from ::1
[2025-07-29 05:29:46] [info] ➡️ GET /api/users/me/transactions?type=charge&lang=en 요청 from ::1
[2025-07-29 05:29:48] [info] ➡️ GET /api/exchange-rate 요청 from ::1
[2025-07-29 05:29:56] [info] ➡️ GET /api/platforms?lang=en 요청 from ::1
[2025-07-29 05:29:56] [info] ➡️ GET /api/users/me 요청 from ::1
[2025-07-29 05:29:56] [info] ➡️ GET /api/users/me/transactions?type=charge&lang=en 요청 from ::1
[2025-07-29 05:29:59] [info] ➡️ GET /api/users/me 요청 from ::1
[2025-07-29 05:29:59] [info] ➡️ GET /api/exchange-rate 요청 from ::1
[2025-07-29 05:29:59] [info] ➡️ GET /api/users/me 요청 from ::1
[2025-07-29 05:29:59] [info] ➡️ GET /api/platforms?lang=en 요청 from ::1
[2025-07-29 05:29:59] [info] ➡️ GET /api/platforms?lang=en 요청 from ::1
[2025-07-29 05:29:59] [info] ➡️ GET /api/users/me/withdraws 요청 from ::1
[2025-07-29 05:29:59] [info] ➡️ GET /api/users/me/withdraws 요청 from ::1
[2025-07-29 05:29:59] [info] ➡️ GET /api/exchange-rate 요청 from ::1
[2025-07-29 05:29:59] [info] ➡️ GET /api/exchange-rate 요청 from ::1
[2025-07-29 05:30:00] [info] ➡️ GET /api/users/me/withdraws 요청 from ::1
[2025-07-29 05:30:00] [info] ➡️ GET /api/users/me/withdraws 요청 from ::1
[2025-07-29 05:30:00] [info] ➡️ GET /api/users/me 요청 from ::1
[2025-07-29 05:30:00] [info] ➡️ GET /api/platforms?lang=en 요청 from ::1
[2025-07-29 05:30:00] [info] ➡️ GET /api/users/me/withdraws 요청 from ::1
[2025-07-29 05:30:07] [info] ➡️ GET /api/users/me 요청 from ::1
[2025-07-29 05:30:07] [info] ➡️ GET /api/platforms?lang=en 요청 from ::1
[2025-07-29 05:30:07] [info] ➡️ GET /api/users/me/withdraws 요청 from ::1
[2025-07-29 05:30:07] [info] ➡️ GET /api/exchange-rate 요청 from ::1
[2025-07-29 05:30:07] [info] ➡️ GET /api/users/me/withdraws 요청 from ::1
[2025-07-29 05:30:18] [info] ➡️ GET /api/platforms?lang=en 요청 from ::1
[2025-07-29 05:30:18] [info] ➡️ GET /api/exchange-rate 요청 from ::1
[2025-07-29 05:30:18] [info] ➡️ GET /api/platforms?lang=en 요청 from ::1
[2025-07-29 05:30:18] [info] ➡️ GET /api/users/me 요청 from ::1
[2025-07-29 05:30:18] [info] ➡️ GET /api/users/me 요청 from ::1
[2025-07-29 05:30:18] [info] ➡️ GET /api/users/me/transactions?type=charge&lang=en 요청 from ::1
[2025-07-29 05:30:18] [info] ➡️ GET /api/users/me/transactions?type=charge&lang=en 요청 from ::1
[2025-07-29 05:30:19] [info] ➡️ GET /api/users/me 요청 from ::1
[2025-07-29 05:30:19] [info] ➡️ GET /api/users/me/transactions?type=charge&lang=en 요청 from ::1
[2025-07-29 05:39:41] [info] 🚀 서버 실행 중: http://localhost:3000
[2025-07-29 05:40:49] [info] ➡️ GET / 요청 from ::1
[2025-07-29 05:40:51] [info] ➡️ GET /api/exchange-rate 요청 from ::1
[2025-07-29 05:40:51] [info] ➡️ GET /api/users/notices?limit=3&lang=en 요청 from ::1
[2025-07-29 05:40:52] [info] ➡️ GET /api/exchange-rate 요청 from ::1
[2025-07-29 05:40:54] [info] ➡️ GET /api/platforms?lang=en 요청 from ::1
[2025-07-29 05:40:54] [info] ➡️ GET /api/exchange-rate 요청 from ::1
[2025-07-29 05:40:54] [info] ➡️ GET /api/platforms?lang=en 요청 from ::1
[2025-07-29 05:40:55] [info] ➡️ GET /api/users/me 요청 from ::1
[2025-07-29 05:41:06] [info] ➡️ GET / 요청 from ::1
[2025-07-29 05:41:06] [info] ➡️ GET /api/exchange-rate 요청 from ::1
[2025-07-29 05:41:06] [info] ➡️ GET /api/users/notices?limit=3&lang=en 요청 from ::1
[2025-07-29 05:41:06] [info] ➡️ GET /api/exchange-rate 요청 from ::1
[2025-07-29 05:41:07] [info] ➡️ GET /api/exchange-rate 요청 from ::1
[2025-07-29 05:41:07] [info] ➡️ GET /api/exchange-rate 요청 from ::1
[2025-07-29 05:41:10] [info] ➡️ POST /api/users/login 요청 from ::1
[2025-07-29 05:41:18] [info] 🚀 서버 실행 중: http://localhost:3000
[2025-07-29 05:41:36] [info] ➡️ POST /api/users/login 요청 from ::1
[2025-07-29 05:41:40] [info] 🚀 서버 실행 중: http://localhost:3000
[2025-07-29 05:41:42] [info] ➡️ POST /api/users/login 요청 from ::1
[2025-07-29 05:41:53] [info] 🚀 서버 실행 중: http://localhost:3000
[2025-07-29 05:41:58] [info] ➡️ GET /api/exchange-rate 요청 from ::1
[2025-07-29 05:41:58] [info] ➡️ GET /api/users/notices?limit=3&lang=en 요청 from ::1
[2025-07-29 05:41:59] [info] ➡️ GET /api/exchange-rate 요청 from ::1
[2025-07-29 05:43:33] [info] 🚀 서버 실행 중: http://localhost:3000
[2025-07-29 05:43:43] [info] ➡️ GET /api/exchange-rate 요청 from ::1
[2025-07-29 05:43:50] [info] ➡️ POST /api/users/login 요청 from ::1
[2025-07-29 05:43:50] [info] ➡️ GET /api/exchange-rate 요청 from ::1
[2025-07-29 05:43:50] [info] ➡️ GET /api/users/notices?limit=3&lang=en 요청 from ::1
[2025-07-29 05:43:51] [info] ➡️ GET /api/exchange-rate 요청 from ::1
[2025-07-29 05:43:56] [info] ➡️ GET /api/users/me 요청 from ::1
[2025-07-29 05:43:56] [info] ➡️ GET /api/exchange-rate 요청 from ::1
[2025-07-29 05:43:56] [info] ➡️ GET /api/users/me 요청 from ::1
[2025-07-29 05:43:56] [info] ➡️ GET /api/platforms?lang=en 요청 from ::1
[2025-07-29 05:43:56] [info] ➡️ GET /api/platforms?lang=en 요청 from ::1
[2025-07-29 05:43:56] [info] ➡️ GET /api/users/me/withdraws 요청 from ::1
[2025-07-29 05:43:56] [info] ➡️ GET /api/users/me/withdraws 요청 from ::1
[2025-07-29 05:43:57] [info] ➡️ GET /api/exchange-rate 요청 from ::1
[2025-07-29 05:43:57] [info] ➡️ GET /api/exchange-rate 요청 from ::1
[2025-07-29 05:43:57] [info] ➡️ GET /api/users/me/withdraws 요청 from ::1
[2025-07-29 05:43:58] [info] ➡️ GET /api/users/me/withdraws 요청 from ::1
[2025-07-29 05:43:58] [info] ➡️ GET /api/platforms?lang=en 요청 from ::1
[2025-07-29 05:43:58] [info] ➡️ GET /api/exchange-rate 요청 from ::1
[2025-07-29 05:43:58] [info] ➡️ GET /api/platforms?lang=en 요청 from ::1
[2025-07-29 05:43:58] [info] ➡️ GET /api/users/me 요청 from ::1
[2025-07-29 05:43:58] [info] ➡️ GET /api/users/me 요청 from ::1
[2025-07-29 05:43:58] [info] ➡️ GET /api/users/me/transactions?type=charge&lang=en 요청 from ::1
[2025-07-29 05:43:58] [info] ➡️ GET /api/users/me/transactions?type=charge&lang=en 요청 from ::1
[2025-07-29 05:43:59] [info] ➡️ GET /api/users/me 요청 from ::1
[2025-07-29 05:43:59] [info] ➡️ GET /api/users/me/transactions?type=charge&lang=en 요청 from ::1
[2025-07-29 05:44:09] [info] ➡️ GET /.well-known/appspecific/com.chrome.devtools.json 요청 from ::1
[2025-07-29 05:44:14] [info] ➡️ GET /trade/recharge 요청 from ::1
[2025-07-29 05:44:14] [info] ➡️ GET /.well-known/appspecific/com.chrome.devtools.json 요청 from ::1
[2025-07-29 05:44:14] [info] ➡️ GET /api/platforms?lang=en 요청 from ::1
[2025-07-29 05:44:14] [info] ➡️ GET /api/exchange-rate 요청 from ::1
[2025-07-29 05:44:14] [info] ➡️ GET /api/platforms?lang=en 요청 from ::1
[2025-07-29 05:44:14] [info] ➡️ GET /api/users/me 요청 from ::1
[2025-07-29 05:44:14] [info] ➡️ GET /api/users/me 요청 from ::1
[2025-07-29 05:44:14] [info] ➡️ GET /api/users/me/transactions?type=charge&lang=en 요청 from ::1
[2025-07-29 05:44:14] [info] ➡️ GET /api/users/me/transactions?type=charge&lang=en 요청 from ::1
[2025-07-29 05:44:21] [info] ➡️ GET /api/exchange-rate 요청 from ::1
[2025-07-29 05:44:24] [info] ➡️ GET /api/users/me 요청 from ::1
[2025-07-29 05:44:24] [info] ➡️ GET /api/users/me/transactions?type=charge&lang=en 요청 from ::1
[2025-07-29 05:44:25] [info] ➡️ GET /api/exchange-rate 요청 from ::1
[2025-07-29 05:44:35] [info] ➡️ GET /api/exchange-rate 요청 from ::1
[2025-07-29 05:44:39] [info] ➡️ POST /api/transactions 요청 from ::1
[2025-07-29 05:44:40] [info] ➡️ GET /trade/recharge 요청 from ::1
[2025-07-29 05:44:40] [info] ➡️ GET /.well-known/appspecific/com.chrome.devtools.json 요청 from ::1
[2025-07-29 05:44:41] [info] ➡️ GET /api/platforms?lang=en 요청 from ::1
[2025-07-29 05:44:41] [info] ➡️ GET /api/exchange-rate 요청 from ::1
[2025-07-29 05:44:41] [info] ➡️ GET /api/platforms?lang=en 요청 from ::1
[2025-07-29 05:44:41] [info] ➡️ GET /api/users/me 요청 from ::1
[2025-07-29 05:44:41] [info] ➡️ GET /api/users/me 요청 from ::1
[2025-07-29 05:44:41] [info] ➡️ GET /api/users/me/transactions?type=charge&lang=en 요청 from ::1
[2025-07-29 05:44:41] [info] ➡️ GET /api/users/me/transactions?type=charge&lang=en 요청 from ::1
[2025-07-29 05:44:43] [info] ➡️ GET /api/platforms?lang=en 요청 from ::1
[2025-07-29 05:44:43] [info] ➡️ GET /api/exchange-rate 요청 from ::1
[2025-07-29 05:44:43] [info] ➡️ GET /api/platforms?lang=en 요청 from ::1
[2025-07-29 05:44:43] [info] ➡️ GET /api/users/me/transactions 요청 from ::1
[2025-07-29 05:44:43] [info] ➡️ GET /api/users/me/transactions 요청 from ::1
[2025-07-29 05:44:54] [info] ➡️ GET /api/platforms?lang=en 요청 from ::1
[2025-07-29 05:44:54] [info] ➡️ GET /api/users/me/withdraws 요청 from ::1
[2025-07-29 05:44:56] [info] ➡️ GET /api/platforms?lang=en 요청 from ::1
[2025-07-29 05:44:56] [info] ➡️ GET /api/users/me/transactions 요청 from ::1
[2025-07-29 05:44:59] [info] ➡️ GET /api/users/me 요청 from ::1
[2025-07-29 05:44:59] [info] ➡️ GET /api/exchange-rate 요청 from ::1
[2025-07-29 05:44:59] [info] ➡️ GET /api/users/me 요청 from ::1
[2025-07-29 05:44:59] [info] ➡️ GET /api/platforms?lang=en 요청 from ::1
[2025-07-29 05:44:59] [info] ➡️ GET /api/platforms?lang=en 요청 from ::1
[2025-07-29 05:44:59] [info] ➡️ GET /api/users/me/withdraws 요청 from ::1
[2025-07-29 05:44:59] [info] ➡️ GET /api/users/me/withdraws 요청 from ::1
[2025-07-29 05:44:59] [info] ➡️ GET /api/exchange-rate 요청 from ::1
[2025-07-29 05:44:59] [info] ➡️ GET /api/exchange-rate 요청 from ::1
[2025-07-29 05:44:59] [info] ➡️ GET /api/users/me/withdraws 요청 from ::1
[2025-07-29 05:44:59] [info] ➡️ GET /api/users/me/withdraws 요청 from ::1
[2025-07-29 05:45:01] [info] ➡️ GET /api/exchange-rate 요청 from ::1
[2025-07-29 05:45:10] [info] ➡️ POST /api/transactions/withdraw 요청 from ::1
[2025-07-29 05:46:16] [info] ➡️ GET /trade/withdraw 요청 from ::1
[2025-07-29 05:46:16] [info] ➡️ GET /.well-known/appspecific/com.chrome.devtools.json 요청 from ::1
[2025-07-29 05:46:18] [info] ➡️ GET /trade/withdraw 요청 from ::1
[2025-07-29 05:46:18] [info] ➡️ GET /.well-known/appspecific/com.chrome.devtools.json 요청 from ::1
[2025-07-29 05:46:19] [info] ➡️ GET /api/users/me 요청 from ::1
[2025-07-29 05:46:19] [info] ➡️ GET /api/users/me 요청 from ::1
[2025-07-29 05:46:19] [info] ➡️ GET /api/exchange-rate 요청 from ::1
[2025-07-29 05:46:19] [info] ➡️ GET /api/platforms?lang=en 요청 from ::1
[2025-07-29 05:46:19] [info] ➡️ GET /api/platforms?lang=en 요청 from ::1
[2025-07-29 05:46:19] [info] ➡️ GET /api/users/me/withdraws 요청 from ::1
[2025-07-29 05:46:19] [info] ➡️ GET /api/users/me/withdraws 요청 from ::1
[2025-07-29 05:46:19] [info] ➡️ GET /api/exchange-rate 요청 from ::1
[2025-07-29 05:46:19] [info] ➡️ GET /api/exchange-rate 요청 from ::1
[2025-07-29 05:46:20] [info] ➡️ GET /api/users/me/withdraws 요청 from ::1
[2025-07-29 05:46:20] [info] ➡️ GET /api/users/me/withdraws 요청 from ::1
[2025-07-29 05:46:22] [info] ➡️ GET /api/exchange-rate 요청 from ::1
[2025-07-29 05:46:28] [info] ➡️ POST /api/transactions/withdraw 요청 from ::1
[2025-07-29 05:47:03] [info] ➡️ GET /trade/withdraw 요청 from ::1
[2025-07-29 05:47:03] [info] ➡️ GET /.well-known/appspecific/com.chrome.devtools.json 요청 from ::1
[2025-07-29 05:47:04] [info] ➡️ GET /api/users/me 요청 from ::1
[2025-07-29 05:47:04] [info] ➡️ GET /api/exchange-rate 요청 from ::1
[2025-07-29 05:47:04] [info] ➡️ GET /api/users/me 요청 from ::1
[2025-07-29 05:47:04] [info] ➡️ GET /api/platforms?lang=en 요청 from ::1
[2025-07-29 05:47:04] [info] ➡️ GET /api/platforms?lang=en 요청 from ::1
[2025-07-29 05:47:04] [info] ➡️ GET /api/users/me/withdraws 요청 from ::1
[2025-07-29 05:47:04] [info] ➡️ GET /api/users/me/withdraws 요청 from ::1
[2025-07-29 05:47:04] [info] ➡️ GET /api/exchange-rate 요청 from ::1
[2025-07-29 05:47:04] [info] ➡️ GET /api/exchange-rate 요청 from ::1
[2025-07-29 05:47:05] [info] ➡️ GET /api/users/me/withdraws 요청 from ::1
[2025-07-29 05:47:05] [info] ➡️ GET /api/users/me/withdraws 요청 from ::1
[2025-07-29 05:47:06] [info] ➡️ GET /api/exchange-rate 요청 from ::1
[2025-07-29 05:47:12] [info] ➡️ POST /api/transactions/withdraw 요청 from ::1
[2025-07-29 05:47:17] [info] 🚀 서버 실행 중: http://localhost:3000
[2025-07-29 05:47:19] [info] ➡️ GET /trade/withdraw 요청 from ::1
[2025-07-29 05:47:19] [info] ➡️ GET /.well-known/appspecific/com.chrome.devtools.json 요청 from ::1
[2025-07-29 05:47:20] [info] ➡️ GET /api/users/me 요청 from ::1
[2025-07-29 05:47:20] [info] ➡️ GET /api/exchange-rate 요청 from ::1
[2025-07-29 05:47:20] [info] ➡️ GET /api/users/me 요청 from ::1
[2025-07-29 05:47:20] [info] ➡️ GET /api/platforms?lang=en 요청 from ::1
[2025-07-29 05:47:20] [info] ➡️ GET /api/platforms?lang=en 요청 from ::1
[2025-07-29 05:47:20] [info] ➡️ GET /api/users/me/withdraws 요청 from ::1
[2025-07-29 05:47:20] [info] ➡️ GET /api/users/me/withdraws 요청 from ::1
[2025-07-29 05:47:20] [info] ➡️ GET /api/exchange-rate 요청 from ::1
[2025-07-29 05:47:20] [info] ➡️ GET /api/exchange-rate 요청 from ::1
[2025-07-29 05:47:21] [info] ➡️ GET /api/users/me/withdraws 요청 from ::1
[2025-07-29 05:47:21] [info] ➡️ GET /api/users/me/withdraws 요청 from ::1
[2025-07-29 05:47:22] [info] ➡️ GET /api/exchange-rate 요청 from ::1
[2025-07-29 05:47:31] [info] ➡️ POST /api/transactions/withdraw 요청 from ::1
[2025-07-29 05:47:32] [info] ➡️ GET /trade/withdraw 요청 from ::1
[2025-07-29 05:47:32] [info] ➡️ GET /api/users/me/withdraws 요청 from ::1
[2025-07-29 05:47:32] [info] ➡️ GET /.well-known/appspecific/com.chrome.devtools.json 요청 from ::1
[2025-07-29 05:47:32] [info] ➡️ GET /api/users/me 요청 from ::1
[2025-07-29 05:47:32] [info] ➡️ GET /api/exchange-rate 요청 from ::1
[2025-07-29 05:47:32] [info] ➡️ GET /api/users/me 요청 from ::1
[2025-07-29 05:47:32] [info] ➡️ GET /api/platforms?lang=en 요청 from ::1
[2025-07-29 05:47:32] [info] ➡️ GET /api/platforms?lang=en 요청 from ::1
[2025-07-29 05:47:33] [info] ➡️ GET /api/users/me/withdraws 요청 from ::1
[2025-07-29 05:47:33] [info] ➡️ GET /api/users/me/withdraws 요청 from ::1
[2025-07-29 05:47:33] [info] ➡️ GET /api/exchange-rate 요청 from ::1
[2025-07-29 05:47:33] [info] ➡️ GET /api/exchange-rate 요청 from ::1
[2025-07-29 05:47:33] [info] ➡️ GET /api/users/me/withdraws 요청 from ::1
[2025-07-29 05:47:33] [info] ➡️ GET /api/users/me/withdraws 요청 from ::1
[2025-07-29 05:47:38] [info] ➡️ GET /api/exchange-rate 요청 from ::1
[2025-07-29 05:47:39] [info] ➡️ GET /api/exchange-rate 요청 from ::1
[2025-07-29 05:47:48] [info] ➡️ POST /api/transactions/withdraw 요청 from ::1
[2025-07-29 05:47:49] [info] ➡️ GET /trade/withdraw 요청 from ::1
[2025-07-29 05:47:49] [info] ➡️ GET /api/users/me/withdraws 요청 from ::1
[2025-07-29 05:47:49] [info] ➡️ GET /.well-known/appspecific/com.chrome.devtools.json 요청 from ::1
[2025-07-29 05:47:49] [info] ➡️ GET /api/users/me 요청 from ::1
[2025-07-29 05:47:49] [info] ➡️ GET /api/exchange-rate 요청 from ::1
[2025-07-29 05:47:49] [info] ➡️ GET /api/users/me 요청 from ::1
[2025-07-29 05:47:49] [info] ➡️ GET /api/platforms?lang=en 요청 from ::1
[2025-07-29 05:47:49] [info] ➡️ GET /api/platforms?lang=en 요청 from ::1
[2025-07-29 05:47:49] [info] ➡️ GET /api/users/me/withdraws 요청 from ::1
[2025-07-29 05:47:49] [info] ➡️ GET /api/users/me/withdraws 요청 from ::1
[2025-07-29 05:47:49] [info] ➡️ GET /api/exchange-rate 요청 from ::1
[2025-07-29 05:47:49] [info] ➡️ GET /api/exchange-rate 요청 from ::1
[2025-07-29 05:47:50] [info] ➡️ GET /api/users/me/withdraws 요청 from ::1
[2025-07-29 05:47:50] [info] ➡️ GET /api/users/me/withdraws 요청 from ::1
[2025-07-29 05:47:52] [info] ➡️ GET /api/users/me 요청 from ::1
[2025-07-29 05:47:52] [info] ➡️ GET /api/platforms?lang=en 요청 from ::1
[2025-07-29 05:47:52] [info] ➡️ GET /api/users/me/withdraws 요청 from ::1
[2025-07-29 05:47:55] [info] ➡️ GET /api/exchange-rate 요청 from ::1
[2025-07-29 05:47:59] [info] ➡️ GET /api/exchange-rate 요청 from ::1
[2025-07-29 05:47:59] [info] ➡️ GET /api/exchange-rate 요청 from ::1
[2025-07-29 05:48:01] [info] ➡️ GET /api/exchange-rate 요청 from ::1
[2025-07-29 05:48:01] [info] ➡️ GET /api/exchange-rate 요청 from ::1
[2025-07-29 05:48:01] [info] ➡️ GET /api/exchange-rate 요청 from ::1
[2025-07-29 05:48:02] [info] ➡️ GET /api/exchange-rate 요청 from ::1
[2025-07-29 05:48:02] [info] ➡️ GET /api/exchange-rate 요청 from ::1
[2025-07-29 05:48:05] [info] ➡️ POST /api/transactions/withdraw 요청 from ::1
[2025-07-29 05:48:07] [info] ➡️ GET /trade/withdraw 요청 from ::1
[2025-07-29 05:48:07] [info] ➡️ GET /api/users/me/withdraws 요청 from ::1
[2025-07-29 05:48:07] [info] ➡️ GET /.well-known/appspecific/com.chrome.devtools.json 요청 from ::1
[2025-07-29 05:48:07] [info] ➡️ GET /api/users/me 요청 from ::1
[2025-07-29 05:48:07] [info] ➡️ GET /api/exchange-rate 요청 from ::1
[2025-07-29 05:48:07] [info] ➡️ GET /api/users/me 요청 from ::1
[2025-07-29 05:48:07] [info] ➡️ GET /api/platforms?lang=en 요청 from ::1
[2025-07-29 05:48:07] [info] ➡️ GET /api/platforms?lang=en 요청 from ::1
[2025-07-29 05:48:07] [info] ➡️ GET /api/users/me/withdraws 요청 from ::1
[2025-07-29 05:48:07] [info] ➡️ GET /api/users/me/withdraws 요청 from ::1
[2025-07-29 05:48:07] [info] ➡️ GET /api/exchange-rate 요청 from ::1
[2025-07-29 05:48:07] [info] ➡️ GET /api/exchange-rate 요청 from ::1
[2025-07-29 05:48:08] [info] ➡️ GET /api/users/me/withdraws 요청 from ::1
[2025-07-29 05:48:08] [info] ➡️ GET /api/users/me/withdraws 요청 from ::1
[2025-07-29 05:48:10] [info] ➡️ GET /api/users/me 요청 from ::1
[2025-07-29 05:48:10] [info] ➡️ GET /api/platforms?lang=en 요청 from ::1
[2025-07-29 05:48:10] [info] ➡️ GET /api/users/me/withdraws 요청 from ::1
[2025-07-29 05:48:11] [info] ➡️ GET /api/exchange-rate 요청 from ::1
[2025-07-29 05:48:14] [info] ➡️ GET /api/exchange-rate 요청 from ::1
[2025-07-29 05:48:15] [info] ➡️ GET /api/exchange-rate 요청 from ::1
[2025-07-29 05:48:15] [info] ➡️ GET /api/exchange-rate 요청 from ::1
[2025-07-29 05:48:15] [info] ➡️ GET /api/exchange-rate 요청 from ::1
[2025-07-29 05:48:15] [info] ➡️ GET /api/exchange-rate 요청 from ::1
[2025-07-29 05:48:16] [info] ➡️ GET /api/exchange-rate 요청 from ::1
[2025-07-29 05:48:16] [info] ➡️ GET /api/exchange-rate 요청 from ::1
[2025-07-29 05:48:19] [info] ➡️ POST /api/transactions/withdraw 요청 from ::1
[2025-07-29 05:48:20] [info] ➡️ GET /trade/withdraw 요청 from ::1
[2025-07-29 05:48:20] [info] ➡️ GET /api/users/me/withdraws 요청 from ::1
[2025-07-29 05:48:20] [info] ➡️ GET /.well-known/appspecific/com.chrome.devtools.json 요청 from ::1
[2025-07-29 05:48:21] [info] ➡️ GET /api/users/me 요청 from ::1
[2025-07-29 05:48:21] [info] ➡️ GET /api/exchange-rate 요청 from ::1
[2025-07-29 05:48:21] [info] ➡️ GET /api/users/me 요청 from ::1
[2025-07-29 05:48:21] [info] ➡️ GET /api/platforms?lang=en 요청 from ::1
[2025-07-29 05:48:21] [info] ➡️ GET /api/platforms?lang=en 요청 from ::1
[2025-07-29 05:48:21] [info] ➡️ GET /api/users/me/withdraws 요청 from ::1
[2025-07-29 05:48:21] [info] ➡️ GET /api/users/me/withdraws 요청 from ::1
[2025-07-29 05:48:21] [info] ➡️ GET /api/exchange-rate 요청 from ::1
[2025-07-29 05:48:21] [info] ➡️ GET /api/exchange-rate 요청 from ::1
[2025-07-29 05:48:21] [info] ➡️ GET /api/users/me/withdraws 요청 from ::1
[2025-07-29 05:48:22] [info] ➡️ GET /api/users/me/withdraws 요청 from ::1
[2025-07-29 05:48:23] [info] ➡️ GET /api/platforms?lang=en 요청 from ::1
[2025-07-29 05:48:23] [info] ➡️ GET /api/exchange-rate 요청 from ::1
[2025-07-29 05:48:23] [info] ➡️ GET /api/platforms?lang=en 요청 from ::1
[2025-07-29 05:48:23] [info] ➡️ GET /api/users/me/transactions 요청 from ::1
[2025-07-29 05:48:23] [info] ➡️ GET /api/users/me/transactions 요청 from ::1
[2025-07-29 05:48:24] [info] ➡️ GET /api/platforms?lang=en 요청 from ::1
[2025-07-29 05:48:24] [info] ➡️ GET /api/users/me/withdraws 요청 from ::1
[2025-07-29 05:49:16] [info] ➡️ GET /api/platforms?lang=ko 요청 from ::1
[2025-07-29 05:49:16] [info] ➡️ GET /api/users/me/transactions 요청 from ::1
[2025-07-29 05:49:44] [info] ➡️ GET / 요청 from ::1
[2025-07-29 05:49:44] [info] ➡️ GET /.well-known/appspecific/com.chrome.devtools.json 요청 from ::1
[2025-07-29 05:49:45] [info] ➡️ GET /api/exchange-rate 요청 from ::1
[2025-07-29 05:49:45] [info] ➡️ GET /api/exchange-rate 요청 from ::1
[2025-07-29 05:49:45] [info] ➡️ GET /api/users/notices?limit=3&lang=ko 요청 from ::1
[2025-07-29 05:49:46] [info] ➡️ GET /api/exchange-rate 요청 from ::1
[2025-07-29 05:49:50] [info] ➡️ POST /api/users/login 요청 from ::1
[2025-07-29 05:49:50] [info] ➡️ GET /api/admin/summary 요청 from ::1
[2025-07-29 05:49:58] [info] ➡️ GET /api/admin/trade/recharge?page=1&username=&status=&currency=&startDate=&endDate= 요청 from ::1
[2025-07-29 05:54:14] [info] 🚀 서버 실행 중: http://localhost:3000
[2025-07-29 05:54:18] [info] ➡️ GET /admin/trade/recharge 요청 from ::1
[2025-07-29 05:54:18] [info] ➡️ GET /.well-known/appspecific/com.chrome.devtools.json 요청 from ::1
[2025-07-29 05:54:20] [info] ➡️ GET /api/admin/trade/recharge?page=1&username=&status=&currency=&startDate=&endDate= 요청 from ::1
[2025-07-29 05:54:21] [info] ➡️ PATCH /api/admin/trade/recharge/94/approve 요청 from ::1
[2025-07-29 05:54:27] [info] ➡️ GET /admin/trade/recharge 요청 from ::1
[2025-07-29 05:54:27] [info] ➡️ GET /.well-known/appspecific/com.chrome.devtools.json 요청 from ::1
[2025-07-29 05:54:28] [info] ➡️ GET /api/admin/trade/recharge?page=1&username=&status=&currency=&startDate=&endDate= 요청 from ::1
[2025-07-29 05:54:29] [info] ➡️ PATCH /api/admin/trade/recharge/94/approve 요청 from ::1
[2025-07-29 05:54:32] [info] ➡️ PATCH /api/admin/trade/recharge/93/approve 요청 from ::1
[2025-07-29 06:01:24] [info] ➡️ PATCH /api/admin/trade/recharge/94/approve 요청 from ::1
[2025-07-29 06:02:42] [info] ➡️ PATCH /api/admin/trade/recharge/94/approve 요청 from ::1
[2025-07-29 06:02:46] [info] ➡️ GET /admin/trade/recharge 요청 from ::1
[2025-07-29 06:02:48] [info] ➡️ GET /api/admin/trade/recharge?page=1&username=&status=&currency=&startDate=&endDate= 요청 from ::1
[2025-07-29 06:02:50] [info] ➡️ PATCH /api/admin/trade/recharge/94/approve 요청 from ::1
[2025-07-29 06:02:53] [info] ➡️ GET /.well-known/appspecific/com.chrome.devtools.json 요청 from ::1
[2025-07-29 06:03:52] [info] ➡️ GET /admin/trade/recharge 요청 from ::1
[2025-07-29 06:03:52] [info] ➡️ GET /.well-known/appspecific/com.chrome.devtools.json 요청 from ::1
[2025-07-29 06:03:52] [info] ➡️ GET /api/admin/trade/recharge?page=1&username=&status=&currency=&startDate=&endDate= 요청 from ::1
[2025-07-29 06:03:54] [info] ➡️ PATCH /api/admin/trade/recharge/94/approve 요청 from ::1
[2025-07-29 06:03:59] [info] 🚀 서버 실행 중: http://localhost:3000
[2025-07-29 06:04:02] [info] ➡️ GET /admin/trade/recharge 요청 from ::1
[2025-07-29 06:04:02] [info] ➡️ GET /api/admin/trade/recharge?page=1&username=&status=&currency=&startDate=&endDate= 요청 from ::1
[2025-07-29 06:04:03] [info] ➡️ PATCH /api/admin/trade/recharge/94/approve 요청 from ::1
[2025-07-29 06:04:03] [info] ➡️ GET /api/admin/trade/recharge?page=1&username=&status=&currency=&startDate=&endDate= 요청 from ::1
[2025-07-29 06:04:07] [info] ➡️ PATCH /api/admin/trade/recharge/93/reject 요청 from ::1
[2025-07-29 06:04:07] [info] ➡️ GET /api/admin/trade/recharge?page=1&username=&status=&currency=&startDate=&endDate= 요청 from ::1
[2025-07-29 06:04:09] [info] ➡️ PATCH /api/admin/trade/recharge/92/approve 요청 from ::1
[2025-07-29 06:04:09] [info] ➡️ GET /api/admin/trade/recharge?page=1&username=&status=&currency=&startDate=&endDate= 요청 from ::1
[2025-07-29 06:04:15] [info] ➡️ GET /api/admin/trade/withdraw?username=&status=&currency=&startDate=&endDate= 요청 from ::1
[2025-07-29 06:04:16] [info] ➡️ PATCH /api/admin/trade/withdraw/98/approve 요청 from ::1
[2025-07-29 06:04:16] [info] ➡️ GET /api/admin/trade/withdraw?username=&status=&currency=&startDate=&endDate= 요청 from ::1
[2025-07-29 06:04:18] [info] ➡️ PATCH /api/admin/trade/withdraw/97/reject 요청 from ::1
[2025-07-29 06:04:18] [info] ➡️ GET /api/admin/trade/withdraw?username=&status=&currency=&startDate=&endDate= 요청 from ::1
[2025-07-29 06:04:20] [info] ➡️ PATCH /api/admin/trade/withdraw/96/approve 요청 from ::1
[2025-07-29 06:04:20] [info] ➡️ GET /api/admin/trade/withdraw?username=&status=&currency=&startDate=&endDate= 요청 from ::1
[2025-07-29 06:04:21] [info] ➡️ PATCH /api/admin/trade/withdraw/95/reject 요청 from ::1
[2025-07-29 06:04:21] [info] ➡️ GET /api/admin/trade/withdraw?username=&status=&currency=&startDate=&endDate= 요청 from ::1
[2025-07-29 06:04:31] [info] ➡️ GET / 요청 from ::1
[2025-07-29 06:04:31] [info] ➡️ GET /api/exchange-rate 요청 from ::1
[2025-07-29 06:04:31] [info] ➡️ GET /api/users/notices?limit=3&lang=ko 요청 from ::1
[2025-07-29 06:04:32] [info] ➡️ GET /api/exchange-rate 요청 from ::1
[2025-07-29 06:04:34] [info] ➡️ GET /api/exchange-rate 요청 from ::1
[2025-07-29 06:04:39] [info] ➡️ POST /api/users/login 요청 from ::1
[2025-07-29 06:04:39] [info] ➡️ GET /api/exchange-rate 요청 from ::1
[2025-07-29 06:04:39] [info] ➡️ GET /api/users/notices?limit=3&lang=ko 요청 from ::1
[2025-07-29 06:04:39] [info] ➡️ GET /api/exchange-rate 요청 from ::1
[2025-07-29 06:04:44] [info] ➡️ GET /api/platforms?lang=ko 요청 from ::1
[2025-07-29 06:04:44] [info] ➡️ GET /api/exchange-rate 요청 from ::1
[2025-07-29 06:04:44] [info] ➡️ GET /api/platforms?lang=ko 요청 from ::1
[2025-07-29 06:04:44] [info] ➡️ GET /api/users/me/transactions 요청 from ::1
[2025-07-29 06:04:44] [info] ➡️ GET /api/users/me/transactions 요청 from ::1
[2025-07-29 06:04:53] [info] ➡️ GET /api/platforms?lang=ko 요청 from ::1
[2025-07-29 06:04:53] [info] ➡️ GET /api/users/me/withdraws 요청 from ::1
[2025-07-29 06:04:59] [info] ➡️ GET /api/exchange-rate 요청 from ::1
[2025-07-29 06:04:59] [info] ➡️ GET /api/platforms?lang=ko 요청 from ::1
[2025-07-29 06:05:26] [info] ➡️ GET /wallet/transfer 요청 from ::1
[2025-07-29 06:05:26] [info] ➡️ GET /api/exchange-rate 요청 from ::1
[2025-07-29 06:05:26] [info] ➡️ GET /api/platforms?lang=ko 요청 from ::1
[2025-07-29 06:05:29] [info] ➡️ GET /.well-known/appspecific/com.chrome.devtools.json 요청 from ::1
[2025-07-29 06:06:38] [info] ➡️ GET /wallet/transfer 요청 from ::1
[2025-07-29 06:06:38] [info] ➡️ GET /.well-known/appspecific/com.chrome.devtools.json 요청 from ::1
[2025-07-29 06:06:39] [info] ➡️ GET /api/exchange-rate 요청 from ::1
[2025-07-29 06:06:39] [info] ➡️ GET /api/platforms?lang=ko 요청 from ::1
[2025-07-29 06:08:35] [info] 🚀 서버 실행 중: http://localhost:3000
[2025-07-29 06:08:38] [info] ➡️ GET /wallet/transfer 요청 from ::1
[2025-07-29 06:08:38] [info] ➡️ GET /.well-known/appspecific/com.chrome.devtools.json 요청 from ::1
[2025-07-29 06:08:40] [info] ➡️ GET /api/exchange-rate 요청 from ::1
[2025-07-29 06:08:40] [info] ➡️ GET /api/platforms?lang=ko 요청 from ::1
[2025-07-29 06:14:26] [info] ➡️ GET /wallet/transfer 요청 from ::1
[2025-07-29 06:14:26] [info] ➡️ GET /.well-known/appspecific/com.chrome.devtools.json 요청 from ::1
[2025-07-29 06:14:28] [info] ➡️ GET /api/exchange-rate 요청 from ::1
[2025-07-29 06:14:28] [info] ➡️ GET /api/platforms?lang=ko 요청 from ::1
[2025-07-29 06:21:26] [info] ➡️ GET /wallet/transfer 요청 from ::1
[2025-07-29 06:21:26] [info] ➡️ GET /.well-known/appspecific/com.chrome.devtools.json 요청 from ::1
[2025-07-29 06:21:27] [info] ➡️ GET /api/exchange-rate 요청 from ::1
[2025-07-29 06:21:27] [info] ➡️ GET /api/platforms?lang=ko 요청 from ::1
[2025-07-29 06:24:46] [info] 🚀 서버 실행 중: http://localhost:3000
[2025-07-29 06:24:49] [info] ➡️ GET /wallet/transfer 요청 from ::1
[2025-07-29 06:24:49] [info] ➡️ GET /.well-known/appspecific/com.chrome.devtools.json 요청 from ::1
[2025-07-29 06:24:50] [info] ➡️ GET /api/exchange-rate 요청 from ::1
[2025-07-29 06:24:50] [info] ➡️ GET /api/platforms?lang=ko 요청 from ::1
[2025-07-29 06:27:43] [info] 🚀 서버 실행 중: http://localhost:3000
[2025-07-29 06:27:46] [info] ➡️ GET /wallet/transfer 요청 from ::1
[2025-07-29 06:27:46] [info] ➡️ GET /.well-known/appspecific/com.chrome.devtools.json 요청 from ::1
[2025-07-29 06:27:48] [info] ➡️ GET /api/exchange-rate 요청 from ::1
[2025-07-29 06:27:48] [info] ➡️ GET /api/platforms?lang=ko 요청 from ::1
[2025-07-29 06:29:03] [info] ➡️ GET /wallet/transfer 요청 from ::1
[2025-07-29 06:29:03] [info] ➡️ GET /.well-known/appspecific/com.chrome.devtools.json 요청 from ::1
[2025-07-29 06:29:03] [info] ➡️ GET /api/exchange-rate 요청 from ::1
[2025-07-29 06:29:03] [info] ➡️ GET /api/platforms?lang=ko 요청 from ::1
[2025-07-29 06:30:05] [info] ➡️ GET /wallet/transfer 요청 from ::1
[2025-07-29 06:30:05] [info] ➡️ GET /.well-known/appspecific/com.chrome.devtools.json 요청 from ::1
[2025-07-29 06:30:06] [info] ➡️ GET /api/exchange-rate 요청 from ::1
[2025-07-29 06:30:06] [info] ➡️ GET /api/platforms?lang=ko 요청 from ::1
[2025-07-29 06:30:09] [info] ➡️ GET /api/exchange-rate 요청 from ::1
[2025-07-29 06:30:09] [info] ➡️ GET /api/users/info?lang=ko 요청 from ::1
[2025-07-29 06:30:12] [info] ➡️ GET /api/exchange-rate 요청 from ::1
[2025-07-29 06:30:12] [info] ➡️ GET /api/platforms?lang=ko 요청 from ::1
[2025-07-29 06:32:18] [info] ➡️ GET /wallet/transfer 요청 from ::1
[2025-07-29 06:32:18] [info] ➡️ GET /.well-known/appspecific/com.chrome.devtools.json 요청 from ::1
[2025-07-29 06:32:19] [info] ➡️ GET /api/exchange-rate 요청 from ::1
[2025-07-29 06:32:19] [info] ➡️ GET /api/platforms?lang=ko 요청 from ::1
[2025-07-29 06:34:40] [info] ➡️ GET /wallet/transfer 요청 from ::1
[2025-07-29 06:34:40] [info] ➡️ GET /.well-known/appspecific/com.chrome.devtools.json 요청 from ::1
[2025-07-29 06:34:42] [info] ➡️ GET /api/exchange-rate 요청 from ::1
[2025-07-29 06:34:42] [info] ➡️ GET /api/platforms?lang=ko 요청 from ::1
[2025-07-29 06:35:22] [info] ➡️ GET /api/exchange-rate 요청 from ::1
[2025-07-29 06:35:23] [info] ➡️ GET /favicon.ico 요청 from ::1
[2025-07-29 06:37:07] [info] ➡️ GET /wallet/transfer 요청 from ::1
[2025-07-29 06:37:07] [info] ➡️ GET /.well-known/appspecific/com.chrome.devtools.json 요청 from ::1
[2025-07-29 06:37:07] [info] ➡️ GET /api/exchange-rate 요청 from ::1
[2025-07-29 06:37:07] [info] ➡️ GET /api/platforms?lang=ko 요청 from ::1
[2025-07-29 06:38:11] [info] ➡️ GET /wallet/transfer 요청 from ::1
[2025-07-29 06:38:11] [info] ➡️ GET /.well-known/appspecific/com.chrome.devtools.json 요청 from ::1
[2025-07-29 06:38:12] [info] ➡️ GET /api/exchange-rate 요청 from ::1
[2025-07-29 06:38:12] [info] ➡️ GET /api/platforms?lang=ko 요청 from ::1
[2025-07-29 16:05:43] [info] 🚀 서버 실행 중: http://localhost:3000
[2025-07-29 16:05:44] [info] ➡️ GET / 요청 from ::1
[2025-07-29 16:05:45] [info] ➡️ GET /api/exchange-rate 요청 from ::1
[2025-07-29 16:05:45] [info] ➡️ GET /api/users/notices?limit=3&lang=ko 요청 from ::1
[2025-07-29 16:05:46] [info] ➡️ GET /api/exchange-rate 요청 from ::1
[2025-07-29 16:06:25] [info] ➡️ GET /api/platforms?lang=ko 요청 from ::1
[2025-07-29 16:06:25] [info] ➡️ GET /api/exchange-rate 요청 from ::1
[2025-07-29 16:06:37] [info] ➡️ GET /.well-known/appspecific/com.chrome.devtools.json 요청 from ::1
[2025-07-29 16:09:08] [info] ➡️ GET /wallet/transfer 요청 from ::1
[2025-07-29 16:09:08] [info] ➡️ GET /.well-known/appspecific/com.chrome.devtools.json 요청 from ::1
[2025-07-29 16:09:08] [info] ➡️ GET /api/exchange-rate 요청 from ::1
[2025-07-29 16:09:08] [info] ➡️ GET /api/platforms?lang=ko 요청 from ::1
[2025-07-29 16:09:09] [info] ➡️ GET /wallet/transfer 요청 from ::1
[2025-07-29 16:09:09] [info] ➡️ GET /.well-known/appspecific/com.chrome.devtools.json 요청 from ::1
[2025-07-29 16:09:10] [info] ➡️ GET /api/exchange-rate 요청 from ::1
[2025-07-29 16:09:10] [info] ➡️ GET /api/platforms?lang=ko 요청 from ::1
[2025-07-29 16:18:45] [info] 🚀 서버 실행 중: http://localhost:3000
[2025-07-29 16:22:46] [info] ➡️ GET /wallet/transfer 요청 from ::1
[2025-07-29 16:22:46] [info] ➡️ GET /api/exchange-rate 요청 from ::1
[2025-07-29 16:22:46] [info] ➡️ GET /api/platforms?lang=ko 요청 from ::1
[2025-07-29 16:50:21] [info] 🚀 서버 실행 중: http://localhost:3000
[2025-07-29 17:12:46] [info] 🚀 서버 실행 중: http://localhost:3000
[2025-07-29 17:14:27] [info] ➡️ GET / 요청 from ::1
[2025-07-29 17:14:28] [info] ➡️ GET /api/exchange-rate 요청 from ::1
[2025-07-29 17:14:28] [info] ➡️ GET /api/users/notices?limit=3&lang=ko 요청 from ::1
[2025-07-29 17:14:29] [info] ➡️ GET /api/exchange-rate 요청 from ::1
[2025-07-29 17:16:04] [info] ➡️ GET /api/exchange-rate 요청 from ::1
[2025-07-29 17:16:04] [info] ➡️ GET /api/platforms?lang=ko 요청 from ::1
[2025-07-29 17:16:12] [info] 🚀 서버 실행 중: http://localhost:3000
[2025-07-29 17:16:41] [info] ➡️ GET /wallet/transfer 요청 from ::1
[2025-07-29 17:16:41] [info] ➡️ GET /api/exchange-rate 요청 from ::1
[2025-07-29 17:16:41] [info] ➡️ GET /api/platforms?lang=ko 요청 from ::1
[2025-07-29 17:16:56] [info] ➡️ GET /.well-known/appspecific/com.chrome.devtools.json 요청 from ::1
[2025-07-29 17:17:07] [info] ➡️ GET /wallet/transfer 요청 from ::1
[2025-07-29 17:17:07] [info] ➡️ GET /.well-known/appspecific/com.chrome.devtools.json 요청 from ::1
[2025-07-29 17:17:08] [info] ➡️ GET /api/exchange-rate 요청 from ::1
[2025-07-29 17:17:08] [info] ➡️ GET /api/platforms?lang=ko 요청 from ::1
[2025-07-29 17:26:13] [info] ➡️ GET /wallet/transfer 요청 from ::1
[2025-07-29 17:26:13] [info] ➡️ GET /.well-known/appspecific/com.chrome.devtools.json 요청 from ::1
[2025-07-29 17:26:14] [info] ➡️ GET /api/exchange-rate 요청 from ::1
[2025-07-29 17:26:14] [info] ➡️ GET /api/platforms?lang=ko 요청 from ::1
[2025-07-29 17:36:43] [info] 🚀 서버 실행 중: http://localhost:3000
[2025-07-29 17:37:51] [info] ➡️ GET /wallet/transfer 요청 from ::1
[2025-07-29 17:37:52] [info] ➡️ GET /api/exchange-rate 요청 from ::1
[2025-07-29 17:37:52] [info] ➡️ GET /api/platforms?lang=ko 요청 from ::1
[2025-07-29 17:38:23] [info] ➡️ GET /.well-known/appspecific/com.chrome.devtools.json 요청 from ::1
[2025-07-29 17:38:34] [info] ➡️ GET /wallet/transfer 요청 from ::1
[2025-07-29 17:38:34] [info] ➡️ GET /.well-known/appspecific/com.chrome.devtools.json 요청 from ::1
[2025-07-29 17:38:35] [info] ➡️ GET /api/exchange-rate 요청 from ::1
[2025-07-29 17:38:35] [info] ➡️ GET /api/platforms?lang=ko 요청 from ::1
[2025-07-29 17:41:13] [info] ➡️ GET /wallet/transfer 요청 from ::1
[2025-07-29 17:41:13] [info] ➡️ GET /.well-known/appspecific/com.chrome.devtools.json 요청 from ::1
[2025-07-29 17:41:14] [info] ➡️ GET /api/exchange-rate 요청 from ::1
[2025-07-29 17:41:14] [info] ➡️ GET /api/platforms?lang=ko 요청 from ::1
[2025-07-29 17:42:05] [info] ➡️ GET /wallet/transfer 요청 from ::1
[2025-07-29 17:42:05] [info] ➡️ GET /.well-known/appspecific/com.chrome.devtools.json 요청 from ::1
[2025-07-29 17:42:06] [info] ➡️ GET /api/exchange-rate 요청 from ::1
[2025-07-29 17:42:06] [info] ➡️ GET /api/platforms?lang=ko 요청 from ::1
[2025-07-29 17:43:53] [info] ➡️ GET /wallet/transfer 요청 from ::1
[2025-07-29 17:43:53] [info] ➡️ GET /.well-known/appspecific/com.chrome.devtools.json 요청 from ::1
[2025-07-29 17:43:53] [info] ➡️ GET /api/exchange-rate 요청 from ::1
[2025-07-29 17:43:53] [info] ➡️ GET /api/platforms?lang=ko 요청 from ::1
[2025-07-29 17:44:09] [info] ➡️ POST /api/transactions/wallet/transfer 요청 from ::1
[2025-07-29 17:44:13] [info] ➡️ GET / 요청 from ::1
[2025-07-29 17:44:13] [info] ➡️ GET /.well-known/appspecific/com.chrome.devtools.json 요청 from ::1
[2025-07-29 17:44:13] [info] ➡️ GET /api/exchange-rate 요청 from ::1
[2025-07-29 17:44:13] [info] ➡️ GET /api/exchange-rate 요청 from ::1
[2025-07-29 17:44:13] [info] ➡️ GET /api/users/notices?limit=3&lang=ko 요청 from ::1
[2025-07-29 17:44:16] [info] ➡️ GET /api/exchange-rate 요청 from ::1
[2025-07-29 17:44:20] [info] ➡️ POST /api/users/login 요청 from ::1
[2025-07-29 17:44:20] [info] ➡️ GET /api/exchange-rate 요청 from ::1
[2025-07-29 17:44:20] [info] ➡️ GET /api/users/notices?limit=3&lang=ko 요청 from ::1
[2025-07-29 17:44:20] [info] ➡️ GET /api/exchange-rate 요청 from ::1
[2025-07-29 17:44:23] [info] ➡️ GET /api/exchange-rate 요청 from ::1
[2025-07-29 17:44:23] [info] ➡️ GET /api/platforms?lang=ko 요청 from ::1
[2025-07-29 17:44:37] [info] ➡️ POST /api/transactions/wallet/transfer 요청 from ::1
[2025-07-29 17:44:44] [info] ➡️ POST /api/transactions/wallet/transfer 요청 from ::1
[2025-07-29 17:53:23] [info] ➡️ GET /wallet/transfer 요청 from ::1
[2025-07-29 17:53:23] [info] ➡️ GET /.well-known/appspecific/com.chrome.devtools.json 요청 from ::1
[2025-07-29 17:53:24] [info] ➡️ GET /api/exchange-rate 요청 from ::1
[2025-07-29 17:53:24] [info] ➡️ GET /api/platforms?lang=ko 요청 from ::1
[2025-07-29 17:53:25] [info] ➡️ GET /api/exchange-rate 요청 from ::1
[2025-07-29 17:53:25] [info] ➡️ GET /api/transactions/wallet/transfer/history 요청 from ::1
[2025-07-29 17:53:47] [info] ➡️ GET /api/exchange-rate 요청 from ::1
[2025-07-29 17:53:47] [info] ➡️ GET /api/users/me/wallet-history 요청 from ::1
[2025-07-29 17:53:47] [info] ➡️ GET /api/users/me 요청 from ::1
[2025-07-29 17:53:55] [info] ➡️ GET /api/exchange-rate 요청 from ::1
[2025-07-29 17:53:55] [info] ➡️ GET /api/transactions/wallet/transfer/history 요청 from ::1
[2025-07-29 17:58:09] [info] ➡️ GET /wallet/transfer/history 요청 from ::1
[2025-07-29 17:58:09] [info] ➡️ GET /.well-known/appspecific/com.chrome.devtools.json 요청 from ::1
[2025-07-29 17:58:17] [info] ➡️ GET / 요청 from ::1
[2025-07-29 17:58:17] [info] ➡️ GET /.well-known/appspecific/com.chrome.devtools.json 요청 from ::1
[2025-07-29 17:58:17] [info] ➡️ GET /api/exchange-rate 요청 from ::1
[2025-07-29 17:58:17] [info] ➡️ GET /api/exchange-rate 요청 from ::1
[2025-07-29 17:58:17] [info] ➡️ GET /api/users/notices?limit=3&lang=ko 요청 from ::1
[2025-07-29 17:58:20] [info] ➡️ GET /api/exchange-rate 요청 from ::1
[2025-07-29 17:58:20] [info] ➡️ GET /api/transactions/wallet/transfer/history 요청 from ::1
[2025-07-29 17:59:19] [info] ➡️ GET /wallet/transfer/history 요청 from ::1
[2025-07-29 17:59:19] [info] ➡️ GET /.well-known/appspecific/com.chrome.devtools.json 요청 from ::1
[2025-07-29 17:59:19] [info] ➡️ GET /api/exchange-rate 요청 from ::1
[2025-07-29 17:59:19] [info] ➡️ GET /api/transactions/wallet/transfer/history 요청 from ::1
[2025-07-29 17:59:32] [info] ➡️ GET /wallet/transfer/history 요청 from ::1
[2025-07-29 17:59:32] [info] ➡️ GET /.well-known/appspecific/com.chrome.devtools.json 요청 from ::1
[2025-07-29 17:59:32] [info] ➡️ GET /api/exchange-rate 요청 from ::1
[2025-07-29 17:59:32] [info] ➡️ GET /api/transactions/wallet/transfer/history 요청 from ::1
[2025-07-29 17:59:36] [info] ➡️ GET / 요청 from ::1
[2025-07-29 17:59:36] [info] ➡️ GET /.well-known/appspecific/com.chrome.devtools.json 요청 from ::1
[2025-07-29 17:59:36] [info] ➡️ GET /api/exchange-rate 요청 from ::1
[2025-07-29 17:59:36] [info] ➡️ GET /api/exchange-rate 요청 from ::1
[2025-07-29 17:59:36] [info] ➡️ GET /api/users/notices?limit=3&lang=ko 요청 from ::1
[2025-07-29 17:59:43] [info] ➡️ GET /api/exchange-rate 요청 from ::1
[2025-07-29 17:59:43] [info] ➡️ GET /api/transactions/wallet/transfer/history 요청 from ::1
[2025-07-29 18:00:37] [info] ➡️ GET /api/exchange-rate 요청 from ::1
[2025-07-29 18:00:37] [info] ➡️ GET /api/users/notices?limit=3&lang=ko 요청 from ::1
[2025-07-29 18:00:37] [info] ➡️ GET /api/exchange-rate 요청 from ::1
[2025-07-29 18:00:42] [info] ➡️ GET /api/exchange-rate 요청 from ::1
[2025-07-29 18:00:42] [info] ➡️ GET /api/users/me/wallet-history 요청 from ::1
[2025-07-29 18:00:42] [info] ➡️ GET /api/users/me 요청 from ::1
[2025-07-29 18:02:07] [info] ➡️ GET /wallet/history 요청 from ::1
[2025-07-29 18:02:07] [info] ➡️ GET /.well-known/appspecific/com.chrome.devtools.json 요청 from ::1
[2025-07-29 18:02:08] [info] ➡️ GET /api/exchange-rate 요청 from ::1
[2025-07-29 18:02:08] [info] ➡️ GET /api/users/me/wallet-history 요청 from ::1
[2025-07-29 18:02:08] [info] ➡️ GET /api/users/me 요청 from ::1
[2025-07-29 18:10:28] [info] ➡️ GET /wallet/history 요청 from ::1
[2025-07-29 18:10:28] [info] ➡️ GET /.well-known/appspecific/com.chrome.devtools.json 요청 from ::1
[2025-07-29 18:10:28] [info] ➡️ GET /api/exchange-rate 요청 from ::1
[2025-07-29 18:10:28] [info] ➡️ GET /api/users/me/wallet-history 요청 from ::1
[2025-07-29 18:10:28] [info] ➡️ GET /api/users/me 요청 from ::1
[2025-07-29 18:10:48] [info] ➡️ GET / 요청 from ::1
[2025-07-29 18:10:49] [info] ➡️ GET /.well-known/appspecific/com.chrome.devtools.json 요청 from ::1
[2025-07-29 18:10:49] [info] ➡️ GET /api/exchange-rate 요청 from ::1
[2025-07-29 18:10:49] [info] ➡️ GET /api/exchange-rate 요청 from ::1
[2025-07-29 18:10:49] [info] ➡️ GET /api/users/notices?limit=3&lang=ko 요청 from ::1
[2025-07-29 18:11:10] [info] ➡️ GET /wallet/transfer/history 요청 from ::1
[2025-07-29 18:11:10] [info] ➡️ GET /.well-known/appspecific/com.chrome.devtools.json 요청 from ::1
[2025-07-29 18:11:11] [info] ➡️ GET /api/exchange-rate 요청 from ::1
[2025-07-29 18:11:11] [info] ➡️ GET /api/transactions/wallet/transfer/history 요청 from ::1
[2025-07-29 18:35:54] [info] ➡️ GET /wallet/transfer/history 요청 from ::1
[2025-07-29 18:35:54] [info] ➡️ GET /.well-known/appspecific/com.chrome.devtools.json 요청 from ::1
[2025-07-29 18:35:54] [info] ➡️ GET /api/exchange-rate 요청 from ::1
[2025-07-29 18:35:54] [info] ➡️ GET /api/transactions/wallet/transfer/history 요청 from ::1
[2025-07-29 18:37:04] [info] ➡️ GET /wallet/transfer/history 요청 from ::1
[2025-07-29 18:37:04] [info] ➡️ GET /.well-known/appspecific/com.chrome.devtools.json 요청 from ::1
[2025-07-29 18:37:05] [info] ➡️ GET /api/exchange-rate 요청 from ::1
[2025-07-29 18:37:05] [info] ➡️ GET /api/transactions/wallet/transfer/history 요청 from ::1
[2025-07-29 18:39:14] [info] ➡️ GET /wallet/transfer/history 요청 from ::1
[2025-07-29 18:39:14] [info] ➡️ GET /.well-known/appspecific/com.chrome.devtools.json 요청 from ::1
[2025-07-29 18:39:16] [info] ➡️ GET /api/exchange-rate 요청 from ::1
[2025-07-29 18:39:16] [info] ➡️ GET /api/transactions/wallet/transfer/history 요청 from ::1
[2025-07-29 18:39:16] [info] ➡️ GET /wallet/transfer/history 요청 from ::1
[2025-07-29 18:39:16] [info] ➡️ GET /.well-known/appspecific/com.chrome.devtools.json 요청 from ::1
[2025-07-29 18:39:16] [info] ➡️ GET /api/exchange-rate 요청 from ::1
[2025-07-29 18:39:16] [info] ➡️ GET /api/transactions/wallet/transfer/history 요청 from ::1
[2025-07-29 18:40:24] [info] ➡️ GET /wallet/transfer/history 요청 from ::1
[2025-07-29 18:40:24] [info] ➡️ GET /.well-known/appspecific/com.chrome.devtools.json 요청 from ::1
[2025-07-29 18:40:25] [info] ➡️ GET /api/exchange-rate 요청 from ::1
[2025-07-29 18:40:25] [info] ➡️ GET /api/transactions/wallet/transfer/history 요청 from ::1
[2025-07-30 16:09:23] [info] 🚀 서버 실행 중: http://localhost:3000
[2025-07-30 16:11:00] [info] ➡️ GET / 요청 from ::1
[2025-07-30 16:11:00] [info] ➡️ GET /api/exchange-rate 요청 from ::1
[2025-07-30 16:11:00] [info] ➡️ GET /api/users/notices?limit=3&lang=ko 요청 from ::1
[2025-07-30 16:11:01] [info] ➡️ GET /api/exchange-rate 요청 from ::1
[2025-07-30 16:11:05] [info] ➡️ GET / 요청 from ::1
[2025-07-30 16:11:06] [info] ➡️ GET /api/exchange-rate 요청 from ::1
[2025-07-30 16:11:06] [info] ➡️ GET /api/users/notices?limit=3&lang=ko 요청 from ::1
[2025-07-30 16:11:06] [info] ➡️ GET /api/exchange-rate 요청 from ::1
[2025-07-30 16:11:06] [info] ➡️ GET /api/exchange-rate 요청 from ::1
[2025-07-30 16:11:11] [info] ➡️ POST /api/users/login 요청 from ::1
[2025-07-30 16:11:11] [info] ➡️ GET /api/exchange-rate 요청 from ::1
[2025-07-30 16:11:11] [info] ➡️ GET /api/users/notices?limit=3&lang=ko 요청 from ::1
[2025-07-30 16:11:12] [info] ➡️ GET /api/exchange-rate 요청 from ::1
[2025-07-30 16:11:16] [info] ➡️ GET /api/exchange-rate 요청 from ::1
[2025-07-30 16:11:16] [info] ➡️ GET /api/transactions/wallet/transfer/history 요청 from ::1
[2025-07-30 16:13:05] [info] ➡️ GET /wallet/transfer/history 요청 from ::1
[2025-07-30 16:13:06] [info] ➡️ GET /api/exchange-rate 요청 from ::1
[2025-07-30 16:13:06] [info] ➡️ GET /api/transactions/wallet/transfer/history 요청 from ::1
[2025-07-30 16:13:07] [info] ➡️ GET /wallet/transfer/history 요청 from ::1
[2025-07-30 16:13:08] [info] ➡️ GET /api/exchange-rate 요청 from ::1
[2025-07-30 16:13:08] [info] ➡️ GET /api/transactions/wallet/transfer/history 요청 from ::1
[2025-07-30 16:13:09] [info] ➡️ GET /wallet/transfer/history 요청 from ::1
[2025-07-30 16:13:10] [info] ➡️ GET /api/exchange-rate 요청 from ::1
[2025-07-30 16:13:10] [info] ➡️ GET /api/transactions/wallet/transfer/history 요청 from ::1
[2025-07-30 16:13:15] [info] ➡️ GET /.well-known/appspecific/com.chrome.devtools.json 요청 from ::1
[2025-07-30 16:14:30] [info] ➡️ GET /wallet/transfer/history 요청 from ::1
[2025-07-30 16:14:30] [info] ➡️ GET /.well-known/appspecific/com.chrome.devtools.json 요청 from ::1
[2025-07-30 16:14:30] [info] ➡️ GET /api/exchange-rate 요청 from ::1
[2025-07-30 16:14:30] [info] ➡️ GET /api/transactions/wallet/transfer/history 요청 from ::1
[2025-07-30 16:14:44] [info] ➡️ GET / 요청 from ::1
[2025-07-30 16:14:44] [info] ➡️ GET /api/exchange-rate 요청 from ::1
[2025-07-30 16:14:44] [info] ➡️ GET /api/users/notices?limit=3&lang=en 요청 from ::1
[2025-07-30 16:14:45] [info] ➡️ GET /api/exchange-rate 요청 from ::1
[2025-07-30 16:31:21] [info] ➡️ GET /api/exchange-rate 요청 from ::1
[2025-07-30 16:31:26] [info] ➡️ POST /api/users/login 요청 from ::1
[2025-07-30 16:31:26] [info] ➡️ GET /api/users/notices?limit=3&lang=en 요청 from ::1
[2025-07-30 16:31:26] [info] ➡️ GET /api/exchange-rate 요청 from ::1
[2025-07-30 16:31:27] [info] ➡️ GET /api/exchange-rate 요청 from ::1
[2025-07-30 16:31:32] [info] ➡️ GET /api/exchange-rate 요청 from ::1
[2025-07-30 16:31:32] [info] ➡️ GET /api/transactions/wallet/transfer/history 요청 from ::1
[2025-07-30 16:31:39] [info] ➡️ GET /.well-known/appspecific/com.chrome.devtools.json 요청 from ::1
[2025-07-30 16:46:27] [info] ➡️ GET /api/exchange-rate 요청 from ::1
[2025-07-30 16:46:27] [info] ➡️ GET /api/exchange-rate 요청 from ::1
[2025-07-30 16:46:27] [info] ➡️ GET /api/users/notices?limit=3&lang=en 요청 from ::1
[2025-07-30 16:46:37] [info] ➡️ GET / 요청 from ::1
[2025-07-30 16:46:37] [info] ➡️ GET /.well-known/appspecific/com.chrome.devtools.json 요청 from ::1
[2025-07-30 16:46:38] [info] ➡️ GET /api/exchange-rate 요청 from ::1
[2025-07-30 16:46:38] [info] ➡️ GET /api/exchange-rate 요청 from ::1
[2025-07-30 16:46:38] [info] ➡️ GET /api/users/notices?limit=3&lang=en 요청 from ::1
[2025-07-30 16:48:14] [info] ➡️ GET / 요청 from ::1
[2025-07-30 16:48:14] [info] ➡️ GET /.well-known/appspecific/com.chrome.devtools.json 요청 from ::1
[2025-07-30 16:48:14] [info] ➡️ GET /api/exchange-rate 요청 from ::1
[2025-07-30 16:48:14] [info] ➡️ GET /api/exchange-rate 요청 from ::1
[2025-07-30 16:48:14] [info] ➡️ GET /api/users/notices?limit=3&lang=en 요청 from ::1
[2025-07-30 16:49:56] [info] ➡️ GET /.well-known/appspecific/com.chrome.devtools.json 요청 from ::1
[2025-07-30 16:51:32] [info] ➡️ GET / 요청 from ::1
[2025-07-30 16:51:32] [info] ➡️ GET /.well-known/appspecific/com.chrome.devtools.json 요청 from ::1
[2025-07-30 16:51:32] [info] ➡️ GET /api/exchange-rate 요청 from ::1
[2025-07-30 16:51:32] [info] ➡️ GET /api/exchange-rate 요청 from ::1
[2025-07-30 16:51:32] [info] ➡️ GET /api/users/notices?limit=3&lang=en 요청 from ::1
[2025-07-30 16:54:12] [info] ➡️ GET / 요청 from ::1
[2025-07-30 16:54:12] [info] ➡️ GET /.well-known/appspecific/com.chrome.devtools.json 요청 from ::1
[2025-07-30 16:54:14] [info] ➡️ GET /api/exchange-rate 요청 from ::1
[2025-07-30 16:54:14] [info] ➡️ GET /api/exchange-rate 요청 from ::1
[2025-07-30 16:54:14] [info] ➡️ GET /api/users/notices?limit=3&lang=en 요청 from ::1
[2025-07-30 16:54:19] [info] ➡️ GET / 요청 from ::1
[2025-07-30 16:54:19] [info] ➡️ GET /.well-known/appspecific/com.chrome.devtools.json 요청 from ::1
[2025-07-30 16:54:20] [info] ➡️ GET /api/exchange-rate 요청 from ::1
[2025-07-30 16:54:20] [info] ➡️ GET /api/exchange-rate 요청 from ::1
[2025-07-30 16:54:20] [info] ➡️ GET /api/users/notices?limit=3&lang=en 요청 from ::1
[2025-07-30 16:55:22] [info] ➡️ GET / 요청 from ::1
[2025-07-30 16:55:22] [info] ➡️ GET /.well-known/appspecific/com.chrome.devtools.json 요청 from ::1
[2025-07-30 16:55:23] [info] ➡️ GET /api/exchange-rate 요청 from ::1
[2025-07-30 16:55:23] [info] ➡️ GET /api/exchange-rate 요청 from ::1
[2025-07-30 16:55:23] [info] ➡️ GET /api/users/notices?limit=3&lang=en 요청 from ::1
[2025-07-30 16:56:02] [info] ➡️ GET / 요청 from ::1
[2025-07-30 16:56:02] [info] ➡️ GET /.well-known/appspecific/com.chrome.devtools.json 요청 from ::1
[2025-07-30 16:56:02] [info] ➡️ GET /api/exchange-rate 요청 from ::1
[2025-07-30 16:56:02] [info] ➡️ GET /api/exchange-rate 요청 from ::1
[2025-07-30 16:56:02] [info] ➡️ GET /api/users/notices?limit=3&lang=en 요청 from ::1
[2025-07-30 16:56:41] [info] ➡️ GET / 요청 from ::1
[2025-07-30 16:56:41] [info] ➡️ GET /.well-known/appspecific/com.chrome.devtools.json 요청 from ::1
[2025-07-30 16:56:42] [info] ➡️ GET /api/exchange-rate 요청 from ::1
[2025-07-30 16:56:42] [info] ➡️ GET /api/exchange-rate 요청 from ::1
[2025-07-30 16:56:42] [info] ➡️ GET /api/users/notices?limit=3&lang=en 요청 from ::1
[2025-07-30 16:58:39] [info] ➡️ GET / 요청 from ::1
[2025-07-30 16:58:40] [info] ➡️ GET /.well-known/appspecific/com.chrome.devtools.json 요청 from ::1
[2025-07-30 16:58:40] [info] ➡️ GET /api/exchange-rate 요청 from ::1
[2025-07-30 16:58:40] [info] ➡️ GET /api/exchange-rate 요청 from ::1
[2025-07-30 16:58:40] [info] ➡️ GET /api/users/notices?limit=3&lang=en 요청 from ::1
[2025-07-30 17:03:29] [info] ➡️ GET / 요청 from ::1
[2025-07-30 17:03:29] [info] ➡️ GET /.well-known/appspecific/com.chrome.devtools.json 요청 from ::1
[2025-07-30 17:03:31] [info] ➡️ GET /api/exchange-rate 요청 from ::1
[2025-07-30 17:03:31] [info] ➡️ GET /api/exchange-rate 요청 from ::1
[2025-07-30 17:03:31] [info] ➡️ GET /api/users/notices?limit=3&lang=en 요청 from ::1
[2025-07-30 17:03:38] [info] ➡️ GET / 요청 from ::1
[2025-07-30 17:03:38] [info] ➡️ GET /.well-known/appspecific/com.chrome.devtools.json 요청 from ::1
[2025-07-30 17:03:38] [info] ➡️ GET /api/exchange-rate 요청 from ::1
[2025-07-30 17:03:38] [info] ➡️ GET /api/exchange-rate 요청 from ::1
[2025-07-30 17:03:38] [info] ➡️ GET /api/users/notices?limit=3&lang=en 요청 from ::1
[2025-08-03 14:29:14] [info] 🚀 서버 실행 중: http://localhost:3000
[2025-08-03 14:30:18] [info] ➡️ GET / 요청 from ::1
[2025-08-03 14:30:19] [info] ➡️ GET /api/exchange-rate 요청 from ::1
[2025-08-03 14:30:19] [info] ➡️ GET /api/users/notices?limit=3&lang=ko 요청 from ::1
[2025-08-03 14:30:20] [info] ➡️ GET /api/exchange-rate 요청 from ::1
[2025-08-03 14:31:47] [info] ➡️ GET / 요청 from ::1
[2025-08-03 14:31:47] [info] ➡️ GET /api/exchange-rate 요청 from ::1
[2025-08-03 14:31:47] [info] ➡️ GET /api/users/notices?limit=3&lang=ko 요청 from ::1
[2025-08-03 14:31:48] [info] ➡️ GET /api/exchange-rate 요청 from ::1
[2025-08-03 14:31:52] [info] ➡️ GET /api/exchange-rate 요청 from ::1
[2025-08-03 14:31:52] [info] ➡️ GET /api/users/info?lang=ko 요청 from ::1
[2025-08-03 14:31:54] [info] ➡️ GET / 요청 from ::1
[2025-08-03 14:31:54] [info] ➡️ GET /api/exchange-rate 요청 from ::1
[2025-08-03 14:31:54] [info] ➡️ GET /api/users/notices?limit=3&lang=ko 요청 from ::1
[2025-08-03 14:31:54] [info] ➡️ GET /api/exchange-rate 요청 from ::1
[2025-08-03 14:31:55] [info] ➡️ GET /api/exchange-rate 요청 from ::1
[2025-08-03 14:31:58] [info] ➡️ POST /api/users/login 요청 from ::1
[2025-08-03 14:31:58] [info] ➡️ GET /api/exchange-rate 요청 from ::1
[2025-08-03 14:31:58] [info] ➡️ GET /api/users/notices?limit=3&lang=ko 요청 from ::1
[2025-08-03 14:31:58] [info] ➡️ GET /api/exchange-rate 요청 from ::1
[2025-08-03 14:32:03] [info] ➡️ GET /api/exchange-rate 요청 from ::1
[2025-08-03 14:32:03] [info] ➡️ GET /api/transactions/wallet/transfer/history 요청 from ::1
[2025-08-03 14:32:08] [info] ➡️ GET /api/exchange-rate 요청 from ::1
[2025-08-03 14:32:08] [info] ➡️ GET /api/platforms?lang=ko 요청 from ::1
[2025-08-03 14:32:18] [info] ➡️ GET /api/exchange-rate?from=USD&to=KRW 요청 from ::1
[2025-08-03 14:32:19] [info] ➡️ GET /api/exchange-rate?from=USD&to=KRW 요청 from ::1
[2025-08-03 14:32:19] [info] ➡️ GET /api/exchange-rate?from=USD&to=KRW 요청 from ::1
[2025-08-03 14:32:19] [info] ➡️ GET /api/exchange-rate?from=USD&to=KRW 요청 from ::1
[2025-08-03 14:32:19] [info] ➡️ GET /api/exchange-rate?from=USD&to=KRW 요청 from ::1
[2025-08-03 14:32:20] [info] ➡️ GET /api/exchange-rate?from=USD&to=KRW 요청 from ::1
[2025-08-03 14:32:20] [info] ➡️ GET /api/exchange-rate?from=USD&to=KRW 요청 from ::1
[2025-08-03 14:32:21] [info] ➡️ GET /api/exchange-rate?from=USD&to=KRW 요청 from ::1
[2025-08-03 14:32:22] [info] ➡️ GET /api/exchange-rate?from=USD&to=KRW 요청 from ::1
[2025-08-03 14:32:22] [info] ➡️ GET /api/exchange-rate?from=USD&to=KRW 요청 from ::1
[2025-08-03 14:32:22] [info] ➡️ GET /api/exchange-rate?from=USD&to=KRW 요청 from ::1
[2025-08-03 14:32:22] [info] ➡️ GET /api/exchange-rate?from=USD&to=KRW 요청 from ::1
[2025-08-03 14:32:23] [info] ➡️ GET /api/exchange-rate?from=USD&to=KRW 요청 from ::1
[2025-08-03 14:32:23] [info] ➡️ GET /api/exchange-rate?from=USD&to=KRW 요청 from ::1
[2025-08-03 14:32:23] [info] ➡️ GET /api/exchange-rate?from=USD&to=KRW 요청 from ::1
[2025-08-03 14:32:24] [info] ➡️ GET /api/exchange-rate?from=USD&to=KRW 요청 from ::1
[2025-08-03 14:32:25] [info] ➡️ GET /api/exchange-rate?from=USD&to=KRW 요청 from ::1
[2025-08-03 14:32:25] [info] ➡️ GET /api/exchange-rate?from=USD&to=KRW 요청 from ::1
[2025-08-03 14:32:30] [info] ➡️ POST /api/transactions/wallet/transfer 요청 from ::1
[2025-08-03 14:32:35] [info] ➡️ POST /api/transactions/wallet/transfer 요청 from ::1
[2025-08-03 14:32:45] [info] ➡️ GET /api/exchange-rate 요청 from ::1
[2025-08-03 14:32:45] [info] ➡️ GET /api/users/info?lang=ko 요청 from ::1
[2025-08-03 14:32:49] [info] ➡️ GET /api/exchange-rate 요청 from ::1
[2025-08-03 14:32:49] [info] ➡️ GET /api/platforms?lang=ko 요청 from ::1
[2025-08-03 14:32:57] [info] ➡️ GET /api/exchange-rate?from=USD&to=KRW 요청 from ::1
[2025-08-03 14:32:57] [info] ➡️ GET /api/exchange-rate?from=USD&to=KRW 요청 from ::1
[2025-08-03 14:32:58] [info] ➡️ GET /api/exchange-rate?from=USD&to=KRW 요청 from ::1
[2025-08-03 14:32:58] [info] ➡️ GET /api/exchange-rate?from=USD&to=KRW 요청 from ::1
[2025-08-03 14:33:02] [info] ➡️ GET /.well-known/appspecific/com.chrome.devtools.json 요청 from ::1
[2025-08-03 14:33:18] [info] ➡️ GET /wallet/transfer 요청 from ::1
[2025-08-03 14:33:18] [info] ➡️ GET /.well-known/appspecific/com.chrome.devtools.json 요청 from ::1
[2025-08-03 14:33:19] [info] ➡️ GET /api/exchange-rate 요청 from ::1
[2025-08-03 14:33:19] [info] ➡️ GET /api/platforms?lang=ko 요청 from ::1
[2025-08-03 14:33:29] [info] ➡️ POST /api/transactions/wallet/transfer 요청 from ::1
[2025-08-03 14:33:34] [info] ➡️ GET /api/exchange-rate?from=USD&to=KRW 요청 from ::1
[2025-08-03 14:33:37] [info] ➡️ GET /api/exchange-rate?from=USD&to=KRW 요청 from ::1
[2025-08-03 14:33:37] [info] ➡️ GET /api/exchange-rate?from=USD&to=KRW 요청 from ::1
[2025-08-03 14:33:38] [info] ➡️ GET /api/exchange-rate?from=USD&to=KRW 요청 from ::1
[2025-08-03 14:33:38] [info] ➡️ GET /api/exchange-rate?from=USD&to=KRW 요청 from ::1
[2025-08-03 14:33:38] [info] ➡️ GET /api/exchange-rate?from=USD&to=KRW 요청 from ::1
[2025-08-03 14:33:38] [info] ➡️ GET /api/exchange-rate?from=USD&to=KRW 요청 from ::1
[2025-08-03 14:33:41] [info] ➡️ GET /api/exchange-rate?from=USD&to=KRW 요청 from ::1
[2025-08-03 14:33:41] [info] ➡️ GET /api/exchange-rate?from=USD&to=KRW 요청 from ::1
[2025-08-03 14:33:42] [info] ➡️ GET /api/exchange-rate?from=USD&to=KRW 요청 from ::1
[2025-08-03 14:33:42] [info] ➡️ GET /api/exchange-rate?from=USD&to=KRW 요청 from ::1
[2025-08-03 14:33:45] [info] ➡️ POST /api/transactions/wallet/transfer 요청 from ::1
[2025-08-03 14:33:49] [info] ➡️ GET /api/exchange-rate?from=USD&to=KRW 요청 from ::1
[2025-08-03 14:33:49] [info] ➡️ GET /api/exchange-rate?from=USD&to=KRW 요청 from ::1
[2025-08-03 14:33:49] [info] ➡️ GET /api/exchange-rate?from=USD&to=KRW 요청 from ::1
[2025-08-03 14:33:49] [info] ➡️ GET /api/exchange-rate?from=USD&to=KRW 요청 from ::1
[2025-08-03 14:33:50] [info] ➡️ GET /api/exchange-rate?from=USD&to=KRW 요청 from ::1
[2025-08-03 14:33:50] [info] ➡️ GET /api/exchange-rate?from=USD&to=KRW 요청 from ::1
[2025-08-03 14:33:51] [info] ➡️ GET /api/exchange-rate?from=USD&to=KRW 요청 from ::1
[2025-08-03 14:33:51] [info] ➡️ GET /api/exchange-rate?from=USD&to=KRW 요청 from ::1
[2025-08-03 14:33:51] [info] ➡️ GET /api/exchange-rate?from=USD&to=KRW 요청 from ::1
[2025-08-03 14:33:51] [info] ➡️ GET /api/exchange-rate?from=USD&to=KRW 요청 from ::1
[2025-08-03 14:33:51] [info] ➡️ GET /api/exchange-rate?from=USD&to=KRW 요청 from ::1
[2025-08-03 14:33:51] [info] ➡️ GET /api/exchange-rate?from=USD&to=KRW 요청 from ::1
[2025-08-03 14:33:53] [info] ➡️ POST /api/transactions/wallet/transfer 요청 from ::1
[2025-08-03 14:54:03] [info] ➡️ GET /api/exchange-rate 요청 from ::1
[2025-08-03 14:54:06] [info] ➡️ GET /api/exchange-rate 요청 from ::1
[2025-08-03 14:54:11] [info] ➡️ POST /api/transactions/wallet/charge 요청 from ::1
[2025-08-03 14:58:38] [info] 🚀 서버 실행 중: http://localhost:3000
[2025-08-03 14:58:44] [info] ➡️ GET /api/exchange-rate 요청 from ::1
[2025-08-03 14:58:44] [info] ➡️ GET /api/platforms?lang=ko 요청 from ::1
[2025-08-03 14:58:53] [info] ➡️ POST /api/transactions/wallet/transfer 요청 from ::1
[2025-08-03 14:58:58] [info] ➡️ GET /api/exchange-rate?from=USD&to=KRW 요청 from ::1
[2025-08-03 14:59:01] [info] ➡️ GET /api/exchange-rate?from=USD&to=KRW 요청 from ::1
[2025-08-03 14:59:01] [info] ➡️ GET /api/exchange-rate?from=USD&to=KRW 요청 from ::1
[2025-08-03 14:59:01] [info] ➡️ GET /api/exchange-rate?from=USD&to=KRW 요청 from ::1
[2025-08-03 14:59:01] [info] ➡️ GET /api/exchange-rate?from=USD&to=KRW 요청 from ::1
[2025-08-03 14:59:02] [info] ➡️ GET /api/exchange-rate?from=USD&to=KRW 요청 from ::1
[2025-08-03 14:59:02] [info] ➡️ GET /api/exchange-rate?from=USD&to=KRW 요청 from ::1
[2025-08-03 14:59:03] [info] ➡️ GET /api/exchange-rate?from=USD&to=KRW 요청 from ::1
[2025-08-03 14:59:03] [info] ➡️ GET /api/exchange-rate?from=USD&to=KRW 요청 from ::1
[2025-08-03 14:59:06] [info] ➡️ GET /api/exchange-rate?from=USD&to=KRW 요청 from ::1
[2025-08-03 14:59:06] [info] ➡️ GET /api/exchange-rate?from=USD&to=KRW 요청 from ::1
[2025-08-03 14:59:06] [info] ➡️ GET /api/exchange-rate?from=USD&to=KRW 요청 from ::1
[2025-08-03 14:59:06] [info] ➡️ GET /api/exchange-rate?from=USD&to=KRW 요청 from ::1
[2025-08-03 14:59:08] [info] ➡️ GET /api/exchange-rate?from=USD&to=KRW 요청 from ::1
[2025-08-03 14:59:08] [info] ➡️ GET /api/exchange-rate?from=USD&to=KRW 요청 from ::1
[2025-08-03 14:59:08] [info] ➡️ GET /api/exchange-rate?from=USD&to=KRW 요청 from ::1
[2025-08-03 14:59:08] [info] ➡️ GET /api/exchange-rate?from=USD&to=KRW 요청 from ::1
[2025-08-03 14:59:12] [info] ➡️ POST /api/transactions/wallet/transfer 요청 from ::1
[2025-08-03 15:02:18] [info] ➡️ GET /wallet/transfer 요청 from ::1
[2025-08-03 15:02:18] [info] ➡️ GET /.well-known/appspecific/com.chrome.devtools.json 요청 from ::1
[2025-08-03 15:02:18] [info] ➡️ GET /api/exchange-rate 요청 from ::1
[2025-08-03 15:02:18] [info] ➡️ GET /api/platforms?lang=ko 요청 from ::1
[2025-08-03 15:03:31] [info] ➡️ GET /wallet/transfer 요청 from ::1
[2025-08-03 15:03:31] [info] ➡️ GET /.well-known/appspecific/com.chrome.devtools.json 요청 from ::1
[2025-08-03 15:03:32] [info] ➡️ GET /api/exchange-rate 요청 from ::1
[2025-08-03 15:03:32] [info] ➡️ GET /api/platforms?lang=ko 요청 from ::1
[2025-08-03 15:03:38] [info] ➡️ GET /api/exchange-rate?from=USD&to=KRW 요청 from ::1
[2025-08-03 15:03:38] [info] ➡️ GET /api/exchange-rate?from=USD&to=KRW 요청 from ::1
[2025-08-03 15:03:38] [info] ➡️ GET /api/exchange-rate?from=USD&to=KRW 요청 from ::1
[2025-08-03 15:03:38] [info] ➡️ GET /api/exchange-rate?from=USD&to=KRW 요청 from ::1
[2025-08-03 15:05:26] [info] ➡️ GET /wallet/transfer 요청 from ::1
[2025-08-03 15:05:26] [info] ➡️ GET /.well-known/appspecific/com.chrome.devtools.json 요청 from ::1
[2025-08-03 15:05:27] [info] ➡️ GET /api/exchange-rate 요청 from ::1
[2025-08-03 15:05:27] [info] ➡️ GET /api/platforms?lang=ko 요청 from ::1
[2025-08-03 15:05:31] [info] ➡️ GET /api/exchange-rate?from=USD&to=KRW 요청 from ::1
[2025-08-03 15:05:31] [info] ➡️ GET /api/exchange-rate?from=USD&to=KRW 요청 from ::1
[2025-08-03 15:05:31] [info] ➡️ GET /api/exchange-rate?from=USD&to=KRW 요청 from ::1
[2025-08-03 15:05:31] [info] ➡️ GET /api/exchange-rate?from=USD&to=KRW 요청 from ::1
[2025-08-03 15:06:33] [info] ➡️ GET /wallet/transfer 요청 from ::1
[2025-08-03 15:06:33] [info] ➡️ GET /.well-known/appspecific/com.chrome.devtools.json 요청 from ::1
[2025-08-03 15:06:34] [info] ➡️ GET /api/exchange-rate 요청 from ::1
[2025-08-03 15:06:34] [info] ➡️ GET /api/platforms?lang=ko 요청 from ::1
[2025-08-03 15:06:46] [info] ➡️ POST /api/transactions/wallet/transfer 요청 from ::1
[2025-08-03 15:06:59] [info] ➡️ GET /wallet/transfer 요청 from ::1
[2025-08-03 15:06:59] [info] ➡️ GET /.well-known/appspecific/com.chrome.devtools.json 요청 from ::1
[2025-08-03 15:07:00] [info] ➡️ GET /api/exchange-rate 요청 from ::1
[2025-08-03 15:07:00] [info] ➡️ GET /api/platforms?lang=ko 요청 from ::1
[2025-08-03 15:07:09] [info] ➡️ POST /api/transactions/wallet/transfer 요청 from ::1
[2025-08-03 15:07:35] [info] ➡️ GET /wallet/transfer 요청 from ::1
[2025-08-03 15:07:35] [info] ➡️ GET /.well-known/appspecific/com.chrome.devtools.json 요청 from ::1
[2025-08-03 15:07:35] [info] ➡️ GET /api/exchange-rate 요청 from ::1
[2025-08-03 15:07:35] [info] ➡️ GET /api/platforms?lang=ko 요청 from ::1
[2025-08-03 15:07:42] [info] ➡️ GET /api/exchange-rate?from=USD&to=KRW 요청 from ::1
[2025-08-03 15:07:42] [info] ➡️ GET /api/exchange-rate?from=USD&to=KRW 요청 from ::1
[2025-08-03 15:07:42] [info] ➡️ GET /api/exchange-rate?from=USD&to=KRW 요청 from ::1
[2025-08-03 15:07:42] [info] ➡️ GET /api/exchange-rate?from=USD&to=KRW 요청 from ::1
[2025-08-03 15:07:47] [info] ➡️ POST /api/transactions/wallet/transfer 요청 from ::1
[2025-08-03 15:09:14] [info] ➡️ GET /wallet/transfer 요청 from ::1
[2025-08-03 15:09:14] [info] ➡️ GET /.well-known/appspecific/com.chrome.devtools.json 요청 from ::1
[2025-08-03 15:09:15] [info] ➡️ GET /api/exchange-rate 요청 from ::1
[2025-08-03 15:09:15] [info] ➡️ GET /api/platforms?lang=ko 요청 from ::1
[2025-08-03 15:09:23] [info] ➡️ GET /api/exchange-rate 요청 from ::1
[2025-08-03 15:09:23] [info] ➡️ GET /api/transactions/wallet/transfer/history 요청 from ::1
[2025-08-03 15:09:30] [info] ➡️ GET /api/exchange-rate 요청 from ::1
[2025-08-03 15:09:30] [info] ➡️ GET /api/platforms?lang=ko 요청 from ::1
[2025-08-03 15:09:43] [info] ➡️ POST /api/transactions/wallet/transfer 요청 from ::1
[2025-08-03 15:09:46] [info] ➡️ GET /api/exchange-rate 요청 from ::1
[2025-08-03 15:09:46] [info] ➡️ GET /api/transactions/wallet/transfer/history 요청 from ::1
[2025-08-03 15:09:56] [info] ➡️ GET /api/exchange-rate 요청 from ::1
[2025-08-03 15:09:56] [info] ➡️ GET /api/platforms?lang=ko 요청 from ::1
[2025-08-03 15:10:03] [info] ➡️ GET /api/exchange-rate?from=USD&to=KRW 요청 from ::1
[2025-08-03 15:10:03] [info] ➡️ GET /api/exchange-rate?from=USD&to=KRW 요청 from ::1
[2025-08-03 15:10:03] [info] ➡️ GET /api/exchange-rate?from=USD&to=KRW 요청 from ::1
[2025-08-03 15:10:03] [info] ➡️ GET /api/exchange-rate?from=USD&to=KRW 요청 from ::1
[2025-08-03 15:10:08] [info] ➡️ POST /api/transactions/wallet/transfer 요청 from ::1
[2025-08-03 15:10:16] [info] ➡️ POST /api/transactions/wallet/transfer 요청 from ::1
[2025-08-03 15:10:20] [info] ➡️ GET /api/exchange-rate 요청 from ::1
[2025-08-03 15:10:20] [info] ➡️ GET /api/transactions/wallet/transfer/history 요청 from ::1
[2025-08-03 15:11:19] [info] ➡️ GET /wallet/transfer/history 요청 from ::1
[2025-08-03 15:11:19] [info] ➡️ GET /.well-known/appspecific/com.chrome.devtools.json 요청 from ::1
[2025-08-03 15:11:20] [info] ➡️ GET /api/exchange-rate 요청 from ::1
[2025-08-03 15:11:20] [info] ➡️ GET /api/transactions/wallet/transfer/history 요청 from ::1
[2025-08-03 16:05:54] [info] ➡️ GET /api/exchange-rate 요청 from ::1
[2025-08-03 16:05:54] [info] ➡️ GET /api/platforms?lang=ko 요청 from ::1
[2025-08-03 16:06:13] [info] ➡️ POST /api/transactions/wallet/transfer 요청 from ::1
[2025-08-03 16:06:19] [info] ➡️ GET /api/exchange-rate 요청 from ::1
[2025-08-03 16:06:19] [info] ➡️ GET /api/transactions/wallet/transfer/history 요청 from ::1
[2025-08-03 16:06:34] [info] ➡️ GET /api/exchange-rate 요청 from ::1
[2025-08-03 16:06:34] [info] ➡️ GET /api/platforms?lang=ko 요청 from ::1
[2025-08-03 16:06:42] [info] ➡️ GET /api/exchange-rate?from=KRW&to=USD 요청 from ::1
[2025-08-03 16:06:42] [info] ➡️ GET /api/exchange-rate?from=KRW&to=USD 요청 from ::1
[2025-08-03 16:06:42] [info] ➡️ GET /api/exchange-rate?from=KRW&to=USD 요청 from ::1
[2025-08-03 16:06:42] [info] ➡️ GET /api/exchange-rate?from=KRW&to=USD 요청 from ::1
[2025-08-03 16:06:43] [info] ➡️ GET /api/exchange-rate?from=KRW&to=USD 요청 from ::1
[2025-08-03 16:06:43] [info] ➡️ GET /api/exchange-rate?from=KRW&to=USD 요청 from ::1
[2025-08-03 16:06:43] [info] ➡️ GET /api/exchange-rate?from=KRW&to=USD 요청 from ::1
[2025-08-03 16:06:43] [info] ➡️ GET /api/exchange-rate?from=KRW&to=USD 요청 from ::1
[2025-08-03 16:06:43] [info] ➡️ GET /api/exchange-rate?from=KRW&to=USD 요청 from ::1
[2025-08-03 16:06:43] [info] ➡️ GET /api/exchange-rate?from=KRW&to=USD 요청 from ::1
[2025-08-03 16:06:44] [info] ➡️ GET /api/exchange-rate?from=KRW&to=USD 요청 from ::1
[2025-08-03 16:06:44] [info] ➡️ GET /api/exchange-rate?from=KRW&to=USD 요청 from ::1
[2025-08-03 16:06:57] [info] ➡️ GET /api/exchange-rate?from=USD&to=KRW 요청 from ::1
[2025-08-03 16:06:59] [info] ➡️ GET /api/exchange-rate?from=USD&to=KRW 요청 from ::1
[2025-08-03 16:07:01] [info] ➡️ GET /api/exchange-rate?from=USD&to=KRW 요청 from ::1
[2025-08-03 16:07:01] [info] ➡️ GET /api/exchange-rate?from=USD&to=KRW 요청 from ::1
[2025-08-03 16:07:01] [info] ➡️ GET /api/exchange-rate?from=USD&to=KRW 요청 from ::1
[2025-08-03 16:07:01] [info] ➡️ GET /api/exchange-rate?from=USD&to=KRW 요청 from ::1
[2025-08-03 16:07:05] [info] ➡️ POST /api/transactions/wallet/transfer 요청 from ::1
[2025-08-03 16:07:10] [info] ➡️ GET /api/exchange-rate 요청 from ::1
[2025-08-03 16:07:10] [info] ➡️ GET /api/transactions/wallet/transfer/history 요청 from ::1
[2025-08-03 16:07:38] [info] ➡️ GET /api/exchange-rate 요청 from ::1
[2025-08-03 16:07:38] [info] ➡️ GET /api/platforms?lang=ko 요청 from ::1
[2025-08-03 16:07:49] [info] ➡️ GET /api/exchange-rate?from=KRW&to=USD 요청 from ::1
[2025-08-03 16:07:49] [info] ➡️ GET /api/exchange-rate?from=KRW&to=USD 요청 from ::1
[2025-08-03 16:07:50] [info] ➡️ GET /api/exchange-rate?from=KRW&to=USD 요청 from ::1
[2025-08-03 16:07:50] [info] ➡️ GET /api/exchange-rate?from=KRW&to=USD 요청 from ::1
[2025-08-03 16:07:50] [info] ➡️ GET /api/exchange-rate?from=KRW&to=USD 요청 from ::1
[2025-08-03 16:07:50] [info] ➡️ GET /api/exchange-rate?from=KRW&to=USD 요청 from ::1
[2025-08-03 16:07:50] [info] ➡️ GET /api/exchange-rate?from=KRW&to=USD 요청 from ::1
[2025-08-03 16:07:50] [info] ➡️ GET /api/exchange-rate?from=KRW&to=USD 요청 from ::1
[2025-08-03 16:07:50] [info] ➡️ GET /api/exchange-rate?from=KRW&to=USD 요청 from ::1
[2025-08-03 16:07:50] [info] ➡️ GET /api/exchange-rate?from=KRW&to=USD 요청 from ::1
[2025-08-03 16:07:54] [info] ➡️ POST /api/transactions/wallet/transfer 요청 from ::1
[2025-08-03 16:08:02] [info] ➡️ GET /api/exchange-rate?from=USD&to=KRW 요청 from ::1
[2025-08-03 16:08:05] [info] ➡️ GET /api/exchange-rate?from=USD&to=KRW 요청 from ::1
[2025-08-03 16:08:05] [info] ➡️ GET /api/exchange-rate?from=USD&to=KRW 요청 from ::1
[2025-08-03 16:08:05] [info] ➡️ GET /api/exchange-rate?from=USD&to=KRW 요청 from ::1
[2025-08-03 16:08:05] [info] ➡️ GET /api/exchange-rate?from=USD&to=KRW 요청 from ::1
[2025-08-03 16:08:07] [info] ➡️ POST /api/transactions/wallet/transfer 요청 from ::1
[2025-08-03 16:08:11] [info] ➡️ GET /api/exchange-rate 요청 from ::1
[2025-08-03 16:08:11] [info] ➡️ GET /api/transactions/wallet/transfer/history 요청 from ::1
[2025-08-03 16:10:43] [info] ➡️ GET /wallet/transfer/history 요청 from ::1
[2025-08-03 16:10:43] [info] ➡️ GET /.well-known/appspecific/com.chrome.devtools.json 요청 from ::1
[2025-08-03 16:10:45] [info] ➡️ GET /api/exchange-rate 요청 from ::1
[2025-08-03 16:10:45] [info] ➡️ GET /api/transactions/wallet/transfer/history 요청 from ::1
[2025-08-03 16:14:42] [info] 🚀 서버 실행 중: http://localhost:3000
[2025-08-03 16:16:33] [info] ➡️ GET /wallet/transfer/history 요청 from ::1
[2025-08-03 16:16:33] [info] ➡️ GET /.well-known/appspecific/com.chrome.devtools.json 요청 from ::1
[2025-08-03 16:16:35] [info] ➡️ GET /api/exchange-rate 요청 from ::1
[2025-08-03 16:16:35] [info] ➡️ GET /api/transactions/wallet/transfer/history 요청 from ::1
[2025-08-03 16:19:56] [info] ➡️ GET /wallet/transfer/history 요청 from ::1
[2025-08-03 16:19:56] [info] ➡️ GET /.well-known/appspecific/com.chrome.devtools.json 요청 from ::1
[2025-08-03 16:19:57] [info] ➡️ GET /api/exchange-rate 요청 from ::1
[2025-08-03 16:19:57] [info] ➡️ GET /api/transactions/wallet/transfer/history 요청 from ::1
[2025-08-03 16:20:44] [info] ➡️ GET /wallet/transfer/history 요청 from ::1
[2025-08-03 16:20:44] [info] ➡️ GET /.well-known/appspecific/com.chrome.devtools.json 요청 from ::1
[2025-08-03 16:20:44] [info] ➡️ GET /api/exchange-rate 요청 from ::1
[2025-08-03 16:20:44] [info] ➡️ GET /api/transactions/wallet/transfer/history 요청 from ::1
[2025-08-03 16:22:36] [info] ➡️ GET /wallet/transfer/history 요청 from ::1
[2025-08-03 16:22:36] [info] ➡️ GET /.well-known/appspecific/com.chrome.devtools.json 요청 from ::1
[2025-08-03 16:22:37] [info] ➡️ GET /api/exchange-rate 요청 from ::1
[2025-08-03 16:22:37] [info] ➡️ GET /api/platforms?lang=ko 요청 from ::1
[2025-08-03 16:22:37] [info] ➡️ GET /api/transactions/wallet/transfer/history 요청 from ::1
[2025-08-03 16:24:38] [info] 🚀 서버 실행 중: http://localhost:3000
[2025-08-03 16:24:52] [info] ➡️ GET /wallet/transfer/history 요청 from ::1
[2025-08-03 16:24:53] [info] ➡️ GET /.well-known/appspecific/com.chrome.devtools.json 요청 from ::1
[2025-08-03 16:24:53] [info] ➡️ GET /api/exchange-rate 요청 from ::1
[2025-08-03 16:24:53] [info] ➡️ GET /api/platforms?lang=ko 요청 from ::1
[2025-08-03 16:24:53] [info] ➡️ GET /api/transactions/wallet/transfer/history 요청 from ::1
[2025-08-03 16:42:27] [info] ➡️ GET /wallet/transfer/history 요청 from ::1
[2025-08-03 16:42:27] [info] ➡️ GET /.well-known/appspecific/com.chrome.devtools.json 요청 from ::1
[2025-08-03 16:42:29] [info] ➡️ GET /api/exchange-rate 요청 from ::1
[2025-08-03 16:42:29] [info] ➡️ GET /api/platforms?lang=ko 요청 from ::1
[2025-08-03 16:42:29] [info] ➡️ GET /api/transactions/wallet/transfer/history 요청 from ::1
[2025-08-03 16:42:41] [info] ➡️ GET / 요청 from ::1
[2025-08-03 16:42:41] [info] ➡️ GET /.well-known/appspecific/com.chrome.devtools.json 요청 from ::1
[2025-08-03 16:42:41] [info] ➡️ GET /api/users/notices?limit=3&lang=ko 요청 from ::1
[2025-08-03 16:42:41] [info] ➡️ GET /api/exchange-rate 요청 from ::1
[2025-08-03 16:42:41] [info] ➡️ GET /api/exchange-rate 요청 from ::1
[2025-08-03 16:42:43] [info] ➡️ GET /api/exchange-rate 요청 from ::1
[2025-08-03 16:42:49] [info] ➡️ POST /api/users/login 요청 from ::1
[2025-08-03 16:42:49] [info] ➡️ GET /api/exchange-rate 요청 from ::1
[2025-08-03 16:42:49] [info] ➡️ GET /api/users/notices?limit=3&lang=ko 요청 from ::1
[2025-08-03 16:42:49] [info] ➡️ GET /api/exchange-rate 요청 from ::1
[2025-08-03 16:43:07] [info] ➡️ GET /api/exchange-rate 요청 from ::1
[2025-08-03 16:43:07] [info] ➡️ GET /api/platforms?lang=ko 요청 from ::1
[2025-08-03 16:43:07] [info] ➡️ GET /api/transactions/wallet/transfer/history 요청 from ::1
[2025-08-03 16:57:51] [info] ➡️ GET /wallet/transfer/history 요청 from ::1
[2025-08-03 16:57:51] [info] ➡️ GET /.well-known/appspecific/com.chrome.devtools.json 요청 from ::1
[2025-08-03 16:57:52] [info] ➡️ GET /api/exchange-rate 요청 from ::1
[2025-08-03 16:57:52] [info] ➡️ GET /api/platforms?lang=ko 요청 from ::1
[2025-08-03 16:57:52] [info] ➡️ GET /api/transactions/wallet/transfer/history 요청 from ::1
[2025-08-03 18:07:05] [info] ➡️ GET /wallet/transfer/history 요청 from ::1
[2025-08-03 18:07:05] [info] ➡️ GET /.well-known/appspecific/com.chrome.devtools.json 요청 from ::1
[2025-08-03 18:07:07] [info] ➡️ GET /api/exchange-rate 요청 from ::1
[2025-08-03 18:07:07] [info] ➡️ GET /api/platforms?lang=ko 요청 from ::1
[2025-08-03 18:07:07] [info] ➡️ GET /api/transactions/wallet/transfer/history 요청 from ::1
[2025-08-03 18:08:17] [info] ➡️ GET /wallet/transfer/history 요청 from ::1
[2025-08-03 18:08:17] [info] ➡️ GET /.well-known/appspecific/com.chrome.devtools.json 요청 from ::1
[2025-08-03 18:08:18] [info] ➡️ GET /api/exchange-rate 요청 from ::1
[2025-08-03 18:08:18] [info] ➡️ GET /api/platforms?lang=ko 요청 from ::1
[2025-08-03 18:08:18] [info] ➡️ GET /api/transactions/wallet/transfer/history 요청 from ::1
[2025-08-03 18:08:41] [info] ➡️ GET /wallet/transfer/history 요청 from ::1
[2025-08-03 18:08:41] [info] ➡️ GET /.well-known/appspecific/com.chrome.devtools.json 요청 from ::1
[2025-08-03 18:08:41] [info] ➡️ GET /api/exchange-rate 요청 from ::1
[2025-08-03 18:08:41] [info] ➡️ GET /api/platforms?lang=ko 요청 from ::1
[2025-08-03 18:08:41] [info] ➡️ GET /api/transactions/wallet/transfer/history 요청 from ::1
[2025-08-03 18:08:52] [info] ➡️ GET /wallet/transfer/history 요청 from ::1
[2025-08-03 18:08:52] [info] ➡️ GET /.well-known/appspecific/com.chrome.devtools.json 요청 from ::1
[2025-08-03 18:08:53] [info] ➡️ GET /api/exchange-rate 요청 from ::1
[2025-08-03 18:08:53] [info] ➡️ GET /api/platforms?lang=ko 요청 from ::1
[2025-08-03 18:08:53] [info] ➡️ GET /api/transactions/wallet/transfer/history 요청 from ::1
[2025-08-03 18:14:38] [info] ➡️ GET /wallet/transfer/history 요청 from ::1
[2025-08-03 18:14:38] [info] ➡️ GET /.well-known/appspecific/com.chrome.devtools.json 요청 from ::1
[2025-08-03 18:14:38] [info] ➡️ GET /api/exchange-rate 요청 from ::1
[2025-08-03 18:14:38] [info] ➡️ GET /api/platforms?lang=ko 요청 from ::1
[2025-08-03 18:14:38] [info] ➡️ GET /api/transactions/wallet/transfer/history 요청 from ::1
[2025-08-03 18:14:40] [info] ➡️ GET /wallet/transfer/history 요청 from ::1
[2025-08-03 18:14:40] [info] ➡️ GET /.well-known/appspecific/com.chrome.devtools.json 요청 from ::1
[2025-08-03 18:14:40] [info] ➡️ GET /api/exchange-rate 요청 from ::1
[2025-08-03 18:14:40] [info] ➡️ GET /api/platforms?lang=ko 요청 from ::1
[2025-08-03 18:14:40] [info] ➡️ GET /api/transactions/wallet/transfer/history 요청 from ::1
[2025-08-03 18:15:13] [info] ➡️ GET /wallet/transfer/history 요청 from ::1
[2025-08-03 18:15:13] [info] ➡️ GET /.well-known/appspecific/com.chrome.devtools.json 요청 from ::1
[2025-08-03 18:15:14] [info] ➡️ GET /api/exchange-rate 요청 from ::1
[2025-08-03 18:15:14] [info] ➡️ GET /api/platforms?lang=ko 요청 from ::1
[2025-08-03 18:15:14] [info] ➡️ GET /api/transactions/wallet/transfer/history 요청 from ::1
[2025-08-03 18:15:16] [info] ➡️ GET /api/exchange-rate 요청 from ::1
[2025-08-03 18:15:18] [info] ➡️ GET /api/exchange-rate 요청 from ::1
[2025-08-03 18:15:18] [info] ➡️ GET /api/users/me/wallet-history 요청 from ::1
[2025-08-03 18:15:18] [info] ➡️ GET /api/users/me 요청 from ::1
[2025-08-03 18:15:21] [info] ➡️ GET /api/exchange-rate 요청 from ::1
[2025-08-03 18:15:21] [info] ➡️ GET /api/platforms?lang=ko 요청 from ::1
[2025-08-03 18:15:21] [info] ➡️ GET /api/transactions/wallet/transfer/history 요청 from ::1
[2025-08-03 18:15:23] [info] ➡️ GET /api/platforms?lang=ko 요청 from ::1
[2025-08-03 18:15:23] [info] ➡️ GET /api/exchange-rate 요청 from ::1
[2025-08-03 18:15:23] [info] ➡️ GET /api/platforms?lang=ko 요청 from ::1
[2025-08-03 18:15:23] [info] ➡️ GET /api/users/me/transactions 요청 from ::1
[2025-08-03 18:15:23] [info] ➡️ GET /api/users/me/transactions 요청 from ::1
[2025-08-03 18:15:24] [info] ➡️ GET /api/platforms?lang=ko 요청 from ::1
[2025-08-03 18:15:24] [info] ➡️ GET /api/users/me/withdraws 요청 from ::1
[2025-08-03 18:15:25] [info] ➡️ GET /api/platforms?lang=ko 요청 from ::1
[2025-08-03 18:15:25] [info] ➡️ GET /api/users/me/transactions 요청 from ::1
[2025-08-03 18:15:25] [info] ➡️ GET /api/platforms?lang=ko 요청 from ::1
[2025-08-03 18:15:25] [info] ➡️ GET /api/users/me/withdraws 요청 from ::1
[2025-08-03 18:15:27] [info] ➡️ GET /api/exchange-rate 요청 from ::1
[2025-08-03 18:15:27] [info] ➡️ GET /api/users/me/wallet-history 요청 from ::1
[2025-08-03 18:15:27] [info] ➡️ GET /api/users/me 요청 from ::1
[2025-08-03 18:15:29] [info] ➡️ GET /api/exchange-rate 요청 from ::1
[2025-08-03 18:15:29] [info] ➡️ GET /api/platforms?lang=ko 요청 from ::1
[2025-08-03 18:15:29] [info] ➡️ GET /api/transactions/wallet/transfer/history 요청 from ::1
[2025-08-03 18:41:25] [info] ➡️ GET /api/platforms?lang=ko 요청 from ::1
[2025-08-03 18:41:25] [info] ➡️ GET /api/exchange-rate 요청 from ::1
[2025-08-03 18:41:25] [info] ➡️ GET /api/platforms?lang=ko 요청 from ::1
[2025-08-03 18:41:25] [info] ➡️ GET /api/users/me/transactions 요청 from ::1
[2025-08-03 18:41:25] [info] ➡️ GET /api/users/me/transactions 요청 from ::1
[2025-08-03 18:41:56] [info] ➡️ GET /api/exchange-rate 요청 from ::1
[2025-08-03 18:41:56] [info] ➡️ GET /api/platforms?lang=ko 요청 from ::1
[2025-08-03 18:41:56] [info] ➡️ GET /api/transactions/wallet/transfer/history 요청 from ::1
[2025-08-03 18:44:26] [info] ➡️ GET /wallet/transfer/history 요청 from ::1
[2025-08-03 18:44:27] [info] ➡️ GET /api/exchange-rate 요청 from ::1
[2025-08-03 18:44:27] [info] ➡️ GET /api/platforms?lang=ko 요청 from ::1
[2025-08-03 18:44:27] [info] ➡️ GET /api/transactions/wallet/transfer/history 요청 from ::1
[2025-08-03 18:44:31] [info] ➡️ GET /.well-known/appspecific/com.chrome.devtools.json 요청 from ::1
[2025-08-03 18:44:36] [info] ➡️ GET / 요청 from ::1
[2025-08-03 18:44:36] [info] ➡️ GET /.well-known/appspecific/com.chrome.devtools.json 요청 from ::1
[2025-08-03 18:44:37] [info] ➡️ GET /api/exchange-rate 요청 from ::1
[2025-08-03 18:44:37] [info] ➡️ GET /api/exchange-rate 요청 from ::1
[2025-08-03 18:44:37] [info] ➡️ GET /api/users/notices?limit=3&lang=ko 요청 from ::1
[2025-08-03 18:44:38] [info] ➡️ GET /api/exchange-rate 요청 from ::1
[2025-08-03 18:44:44] [info] ➡️ POST /api/users/login 요청 from ::1
[2025-08-03 18:44:44] [info] ➡️ GET /api/exchange-rate 요청 from ::1
[2025-08-03 18:44:44] [info] ➡️ GET /api/users/notices?limit=3&lang=ko 요청 from ::1
[2025-08-03 18:44:44] [info] ➡️ GET /api/exchange-rate 요청 from ::1
[2025-08-03 18:44:49] [info] ➡️ GET /api/exchange-rate 요청 from ::1
[2025-08-03 18:44:49] [info] ➡️ GET /api/users/inquiries 요청 from ::1
[2025-08-03 18:44:50] [info] ➡️ GET /api/users/inquiry/pending 요청 from ::1
[2025-08-03 18:44:50] [info] ➡️ GET /api/exchange-rate 요청 from ::1
[2025-08-03 18:45:00] [info] ➡️ POST /api/users/inquiries 요청 from ::1
[2025-08-03 18:45:02] [info] ➡️ GET /api/exchange-rate 요청 from ::1
[2025-08-03 18:45:02] [info] ➡️ GET /api/users/inquiries 요청 from ::1
[2025-08-03 18:45:02] [info] ➡️ GET /api/users/inquiry/pending 요청 from ::1
[2025-08-03 18:48:41] [info] ➡️ GET /api/platforms?lang=en 요청 from ::1
[2025-08-03 18:48:41] [info] ➡️ GET /api/exchange-rate 요청 from ::1
[2025-08-03 18:48:41] [info] ➡️ GET /api/transactions/wallet/transfer/history 요청 from ::1
[2025-08-03 18:48:50] [info] ➡️ GET /api/users/me 요청 from ::1
[2025-08-03 18:48:50] [info] ➡️ GET /api/exchange-rate 요청 from ::1
[2025-08-03 18:48:50] [info] ➡️ GET /api/users/me/wallet-history 요청 from ::1
[2025-08-03 18:57:03] [info] ➡️ GET /wallet/history 요청 from ::1
[2025-08-03 18:57:03] [info] ➡️ GET /api/exchange-rate 요청 from ::1
[2025-08-03 18:57:03] [info] ➡️ GET /api/users/me/wallet-history 요청 from ::1
[2025-08-03 18:57:03] [info] ➡️ GET /api/users/me 요청 from ::1
[2025-08-03 19:20:37] [info] ➡️ GET /wallet/history 요청 from ::1
[2025-08-03 19:20:37] [info] ➡️ GET /api/exchange-rate 요청 from ::1
[2025-08-03 19:20:37] [info] ➡️ GET /api/users/me/wallet-history 요청 from ::1
[2025-08-03 19:20:37] [info] ➡️ GET /api/users/me 요청 from ::1
[2025-08-03 19:21:13] [info] ➡️ GET /wallet/history 요청 from ::1
[2025-08-03 19:21:13] [info] ➡️ GET /api/exchange-rate 요청 from ::1
[2025-08-03 19:21:13] [info] ➡️ GET /api/users/me/wallet-history 요청 from ::1
[2025-08-03 19:21:13] [info] ➡️ GET /api/users/me 요청 from ::1
[2025-08-03 19:23:37] [info] ➡️ GET /wallet/history 요청 from ::1
[2025-08-03 19:23:37] [info] ➡️ GET /api/exchange-rate 요청 from ::1
[2025-08-03 19:23:37] [info] ➡️ GET /api/users/me/wallet-history 요청 from ::1
[2025-08-03 19:23:37] [info] ➡️ GET /api/users/me 요청 from ::1
[2025-08-03 19:24:29] [info] ➡️ GET /api/exchange-rate 요청 from ::1
[2025-08-03 19:51:51] [info] ➡️ GET /wallet/charge 요청 from ::1
[2025-08-03 19:51:52] [info] ➡️ GET /api/exchange-rate 요청 from ::1
[2025-08-03 19:51:55] [info] ➡️ GET /api/exchange-rate 요청 from ::1
[2025-08-03 19:51:58] [info] ➡️ POST /api/transactions/wallet/charge 요청 from ::1
[2025-08-03 19:52:01] [info] ➡️ GET /wallet/charge 요청 from ::1
[2025-08-03 19:52:01] [info] ➡️ GET /api/exchange-rate 요청 from ::1
[2025-08-03 19:52:02] [info] ➡️ GET /wallet/charge 요청 from ::1
[2025-08-03 19:52:02] [info] ➡️ GET /api/exchange-rate 요청 from ::1
[2025-08-03 19:52:04] [info] ➡️ GET /wallet/charge 요청 from ::1
[2025-08-03 19:52:04] [info] ➡️ GET /api/exchange-rate 요청 from ::1
[2025-08-03 19:52:05] [info] ➡️ GET /wallet/charge 요청 from ::1
[2025-08-03 19:52:05] [info] ➡️ GET /api/exchange-rate 요청 from ::1
[2025-08-03 19:52:08] [info] ➡️ GET /wallet/charge 요청 from ::1
[2025-08-03 19:52:08] [info] ➡️ GET /api/exchange-rate 요청 from ::1
[2025-08-03 19:52:09] [info] ➡️ GET /wallet/charge 요청 from ::1
[2025-08-03 19:52:09] [info] ➡️ GET /api/exchange-rate 요청 from ::1
[2025-08-03 19:52:13] [info] ➡️ GET /api/users/info?lang=zh 요청 from ::1
[2025-08-03 19:52:13] [info] ➡️ GET /api/exchange-rate 요청 from ::1
[2025-08-03 19:52:19] [info] ➡️ GET /wallet/withdraw 요청 from ::1
[2025-08-03 19:52:19] [info] ➡️ GET /api/users/info?lang=en 요청 from ::1
[2025-08-03 19:52:19] [info] ➡️ GET /api/exchange-rate 요청 from ::1
[2025-08-03 21:05:39] [info] ➡️ GET /favicon.ico 요청 from ::1
[2025-08-03 21:05:42] [info] ➡️ GET /.well-known/appspecific/com.chrome.devtools.json 요청 from ::1
[2025-08-03 21:07:37] [info] ➡️ GET /wallet/withdraw 요청 from ::1
[2025-08-03 21:07:37] [info] ➡️ GET /.well-known/appspecific/com.chrome.devtools.json 요청 from ::1
[2025-08-03 21:07:37] [info] ➡️ GET /api/exchange-rate 요청 from ::1
[2025-08-03 21:07:37] [info] ➡️ GET /api/users/info?lang=en 요청 from ::1
[2025-08-03 21:07:51] [info] ➡️ GET /wallet/withdraw 요청 from ::1
[2025-08-03 21:07:51] [info] ➡️ GET /.well-known/appspecific/com.chrome.devtools.json 요청 from ::1
[2025-08-03 21:07:51] [info] ➡️ GET /api/exchange-rate 요청 from ::1
[2025-08-03 21:07:51] [info] ➡️ GET /api/users/info?lang=en 요청 from ::1
[2025-08-03 21:11:15] [info] ➡️ GET /wallet/withdraw 요청 from ::1
[2025-08-03 21:11:15] [info] ➡️ GET /.well-known/appspecific/com.chrome.devtools.json 요청 from ::1
[2025-08-03 21:11:16] [info] ➡️ GET /wallet/withdraw 요청 from ::1
[2025-08-03 21:11:16] [info] ➡️ GET /.well-known/appspecific/com.chrome.devtools.json 요청 from ::1
[2025-08-03 21:11:17] [info] ➡️ GET /api/exchange-rate 요청 from ::1
[2025-08-03 21:11:17] [info] ➡️ GET /api/users/info?lang=en 요청 from ::1
[2025-08-03 21:11:17] [info] ➡️ GET /wallet/withdraw 요청 from ::1
[2025-08-03 21:11:17] [info] ➡️ GET /.well-known/appspecific/com.chrome.devtools.json 요청 from ::1
[2025-08-03 21:11:17] [info] ➡️ GET /api/exchange-rate 요청 from ::1
[2025-08-03 21:11:17] [info] ➡️ GET /api/users/info?lang=en 요청 from ::1
[2025-08-03 21:12:54] [info] ➡️ GET /wallet/withdraw 요청 from ::1
[2025-08-03 21:12:54] [info] ➡️ GET /.well-known/appspecific/com.chrome.devtools.json 요청 from ::1
[2025-08-03 21:12:54] [info] ➡️ GET /api/exchange-rate 요청 from ::1
[2025-08-03 21:12:54] [info] ➡️ GET /api/users/info?lang=en 요청 from ::1
[2025-08-03 21:13:10] [info] ➡️ GET /wallet/withdraw 요청 from ::1
[2025-08-03 21:13:10] [info] ➡️ GET /api/exchange-rate 요청 from ::1
[2025-08-03 21:13:10] [info] ➡️ GET /api/users/info?lang=en 요청 from ::1
[2025-08-03 21:14:38] [info] ➡️ GET /wallet/withdraw 요청 from ::1
[2025-08-03 21:14:38] [info] ➡️ GET /api/exchange-rate 요청 from ::1
[2025-08-03 21:14:38] [info] ➡️ GET /api/users/info?lang=en 요청 from ::1
[2025-08-03 21:14:39] [info] ➡️ GET /wallet/withdraw 요청 from ::1
[2025-08-03 21:14:39] [info] ➡️ GET /api/exchange-rate 요청 from ::1
[2025-08-03 21:14:39] [info] ➡️ GET /api/users/info?lang=en 요청 from ::1
[2025-08-03 21:14:41] [info] ➡️ GET /.well-known/appspecific/com.chrome.devtools.json 요청 from ::1
[2025-08-03 21:15:54] [info] ➡️ GET /wallet/withdraw 요청 from ::1
[2025-08-03 21:15:54] [info] ➡️ GET /.well-known/appspecific/com.chrome.devtools.json 요청 from ::1
[2025-08-03 21:15:55] [info] ➡️ GET /api/exchange-rate 요청 from ::1
[2025-08-03 21:15:55] [info] ➡️ GET /api/users/info?lang=en 요청 from ::1
[2025-08-03 21:15:58] [info] ➡️ GET /wallet/withdraw 요청 from ::1
[2025-08-03 21:15:59] [info] ➡️ GET /api/exchange-rate 요청 from ::1
[2025-08-03 21:15:59] [info] ➡️ GET /api/users/info?lang=en 요청 from ::1
[2025-08-03 21:16:00] [info] ➡️ GET /api/users/notices?limit=3&lang=en 요청 from ::1
[2025-08-03 21:16:00] [info] ➡️ GET /api/exchange-rate 요청 from ::1
[2025-08-03 21:16:00] [info] ➡️ GET /api/exchange-rate 요청 from ::1
[2025-08-04 00:49:21] [info] ➡️ GET / 요청 from ::1
[2025-08-04 00:49:23] [info] ➡️ GET /api/exchange-rate 요청 from ::1
[2025-08-04 00:49:23] [info] ➡️ GET /api/users/notices?limit=3&lang=en 요청 from ::1
[2025-08-04 00:49:24] [info] ➡️ GET /api/exchange-rate 요청 from ::1
[2025-08-04 00:49:24] [info] ➡️ GET /api/exchange-rate 요청 from ::1
[2025-08-04 00:49:29] [info] ➡️ POST /api/users/login 요청 from ::1
[2025-08-04 00:49:30] [info] ➡️ GET /api/admin/summary 요청 from ::1
[2025-08-04 01:00:27] [info] ➡️ GET /api/admin/users?username=&status=&startDate=&endDate=&warningOnly=false&platform=&referral_id=&page=1&limit=15 요청 from ::1
[2025-08-04 01:00:27] [info] ➡️ GET /api/platforms?lang=ko 요청 from ::1
[2025-08-04 01:00:28] [info] ➡️ GET /api/admin/users/10 요청 from ::1
[2025-08-04 01:00:28] [info] ➡️ GET /api/admin/users/10/platforms 요청 from ::1
[2025-08-04 01:00:28] [info] ➡️ GET /api/platforms?lang=ko 요청 from ::1
[2025-08-04 01:00:35] [info] ➡️ GET /api/admin/message-templates 요청 from ::1
[2025-08-04 01:00:39] [info] ➡️ GET /api/admin/trade/recharge?page=1&username=&status=&currency=&startDate=&endDate= 요청 from ::1
[2025-08-04 01:00:42] [info] ➡️ GET /api/admin/transactions/wallet-charge?page=1&limit=20&username=&status=&currency=&startDate=&endDate= 요청 from ::1
[2025-08-04 01:00:44] [info] ➡️ GET /api/admin/trade/recharge?page=1&username=&status=&currency=&startDate=&endDate= 요청 from ::1
[2025-08-04 01:00:50] [info] ➡️ GET /api/admin/trade/withdraw?username=&status=&currency=&startDate=&endDate= 요청 from ::1
[2025-08-04 01:00:54] [info] ➡️ GET /api/admin/transactions/wallet-charge?page=1&limit=20&username=&status=&currency=&startDate=&endDate= 요청 from ::1
[2025-08-04 01:00:56] [info] ➡️ PATCH /api/admin/transactions/wallet-charge/111/approve 요청 from ::1
[2025-08-04 01:00:59] [info] ➡️ GET /api/admin/transactions/wallet-charge?page=1&limit=20&username=&status=&currency=&startDate=&endDate= 요청 from ::1
[2025-08-04 01:01:54] [info] ➡️ PATCH /api/admin/transactions/wallet-charge/101/reject 요청 from ::1
[2025-08-04 01:01:56] [info] ➡️ GET /api/admin/transactions/wallet-charge?page=1&limit=20&username=&status=&currency=&startDate=&endDate= 요청 from ::1
[2025-08-04 01:02:06] [info] ➡️ GET / 요청 from ::1
[2025-08-04 01:02:07] [info] ➡️ GET /api/exchange-rate 요청 from ::1
[2025-08-04 01:02:07] [info] ➡️ GET /api/users/notices?limit=3&lang=en 요청 from ::1
[2025-08-04 01:02:09] [info] ➡️ GET /api/exchange-rate 요청 from ::1
[2025-08-04 01:02:09] [info] ➡️ GET /api/exchange-rate 요청 from ::1
[2025-08-04 01:02:20] [info] ➡️ POST /api/users/login 요청 from ::1
[2025-08-04 01:02:20] [info] ➡️ GET /api/exchange-rate 요청 from ::1
[2025-08-04 01:02:20] [info] ➡️ GET /api/users/notices?limit=3&lang=en 요청 from ::1
[2025-08-04 01:02:20] [info] ➡️ GET /api/exchange-rate 요청 from ::1
[2025-08-04 01:02:24] [info] ➡️ GET /api/users/messages 요청 from ::1
[2025-08-04 01:02:24] [info] ➡️ GET /api/exchange-rate 요청 from ::1
[2025-08-04 01:02:26] [info] ➡️ GET /api/users/messages/15 요청 from ::1
[2025-08-04 01:02:40] [info] ➡️ GET /api/exchange-rate 요청 from ::1
[2025-08-04 01:02:40] [info] ➡️ GET /api/users/me/wallet-history 요청 from ::1
[2025-08-04 01:02:40] [info] ➡️ GET /api/users/me 요청 from ::1
[2025-08-04 01:30:27] [info] ➡️ GET /wallet/history 요청 from ::1
[2025-08-04 01:30:29] [info] ➡️ GET /api/exchange-rate 요청 from ::1
[2025-08-04 01:30:29] [info] ➡️ GET /api/users/me/wallet-history 요청 from ::1
[2025-08-04 01:30:29] [info] ➡️ GET /api/users/me 요청 from ::1
[2025-08-04 01:30:31] [info] ➡️ GET /api/exchange-rate 요청 from ::1
[2025-08-04 01:30:31] [info] ➡️ GET /api/users/info?lang=en 요청 from ::1
[2025-08-04 01:30:39] [info] ➡️ GET /api/exchange-rate 요청 from ::1
[2025-08-04 01:30:39] [info] ➡️ GET /api/users/me/wallet-history 요청 from ::1
[2025-08-04 01:30:39] [info] ➡️ GET /api/users/me 요청 from ::1
[2025-08-04 01:30:42] [info] ➡️ GET / 요청 from ::1
[2025-08-04 01:30:42] [info] ➡️ GET /api/exchange-rate 요청 from ::1
[2025-08-04 01:30:42] [info] ➡️ GET /api/users/notices?limit=3&lang=en 요청 from ::1
[2025-08-04 01:30:42] [info] ➡️ GET /api/exchange-rate 요청 from ::1
[2025-08-04 01:30:44] [info] ➡️ GET /api/exchange-rate 요청 from ::1
[2025-08-04 01:30:50] [info] ➡️ POST /api/users/login 요청 from ::1
[2025-08-04 01:30:50] [info] ➡️ GET /api/admin/summary 요청 from ::1
[2025-08-04 01:30:54] [info] ➡️ GET /api/admin/trade/withdraw?username=&status=&currency=&startDate=&endDate= 요청 from ::1
[2025-08-04 01:31:01] [info] ➡️ GET /api/admin/transactions/wallet-withdraw?page=1&limit=20&username=&status=&currency=&startDate=&endDate= 요청 from ::1
[2025-08-04 01:31:16] [info] ➡️ PATCH /api/admin/transactions/wallet-withdraw/85/reject 요청 from ::1
[2025-08-04 01:31:17] [info] ➡️ GET /api/admin/transactions/wallet-withdraw?page=1&limit=20&username=&status=&currency=&startDate=&endDate= 요청 from ::1
[2025-08-04 01:31:20] [info] ➡️ PATCH /api/admin/transactions/wallet-withdraw/84/approve 요청 from ::1
[2025-08-04 01:31:21] [info] ➡️ GET /api/admin/transactions/wallet-withdraw?page=1&limit=20&username=&status=&currency=&startDate=&endDate= 요청 from ::1
[2025-08-04 01:31:27] [info] ➡️ GET / 요청 from ::1
[2025-08-04 01:31:27] [info] ➡️ GET /api/exchange-rate 요청 from ::1
[2025-08-04 01:31:27] [info] ➡️ GET /api/users/notices?limit=3&lang=en 요청 from ::1
[2025-08-04 01:31:28] [info] ➡️ GET /api/exchange-rate 요청 from ::1
[2025-08-04 01:31:29] [info] ➡️ GET /api/exchange-rate 요청 from ::1
[2025-08-04 01:31:33] [info] ➡️ POST /api/users/login 요청 from ::1
[2025-08-04 01:31:33] [info] ➡️ GET /api/exchange-rate 요청 from ::1
[2025-08-04 01:31:33] [info] ➡️ GET /api/users/notices?limit=3&lang=en 요청 from ::1
[2025-08-04 01:31:34] [info] ➡️ GET /api/exchange-rate 요청 from ::1
[2025-08-04 01:31:37] [info] ➡️ GET /api/exchange-rate 요청 from ::1
[2025-08-04 01:31:37] [info] ➡️ GET /api/users/me/wallet-history 요청 from ::1
[2025-08-04 01:31:37] [info] ➡️ GET /api/users/me 요청 from ::1
[2025-08-04 01:31:57] [info] ➡️ GET /api/exchange-rate 요청 from ::1
[2025-08-04 01:31:57] [info] ➡️ GET /api/users/info?lang=ko 요청 from ::1
[2025-08-04 01:31:59] [info] ➡️ GET /api/exchange-rate 요청 from ::1
[2025-08-04 01:31:59] [info] ➡️ GET /api/users/me/wallet-history 요청 from ::1
[2025-08-04 01:31:59] [info] ➡️ GET /api/users/me 요청 from ::1
[2025-08-04 01:32:01] [info] ➡️ GET /api/platforms?lang=ko 요청 from ::1
[2025-08-04 01:32:01] [info] ➡️ GET /api/exchange-rate 요청 from ::1
[2025-08-04 01:32:01] [info] ➡️ GET /api/platforms?lang=ko 요청 from ::1
[2025-08-04 01:32:01] [info] ➡️ GET /api/users/me/transactions 요청 from ::1
[2025-08-04 01:32:01] [info] ➡️ GET /api/users/me/transactions 요청 from ::1
[2025-08-04 01:32:05] [info] ➡️ GET /.well-known/appspecific/com.chrome.devtools.json 요청 from ::1
[2025-08-04 01:32:22] [info] ➡️ GET /api/platforms?lang=ko 요청 from ::1
[2025-08-04 01:32:22] [info] ➡️ GET /api/users/me/withdraws 요청 from ::1
[2025-08-04 01:32:41] [info] ➡️ GET /api/exchange-rate 요청 from ::1
[2025-08-04 01:32:41] [info] ➡️ GET /api/platforms?lang=ko 요청 from ::1
[2025-08-04 01:32:41] [info] ➡️ GET /api/transactions/wallet/transfer/history 요청 from ::1
[2025-08-04 01:32:43] [info] ➡️ GET /api/platforms?lang=ko 요청 from ::1
[2025-08-04 01:32:43] [info] ➡️ GET /api/exchange-rate 요청 from ::1
[2025-08-04 01:32:43] [info] ➡️ GET /api/platforms?lang=ko 요청 from ::1
[2025-08-04 01:32:43] [info] ➡️ GET /api/users/me/transactions 요청 from ::1
[2025-08-04 01:32:43] [info] ➡️ GET /api/users/me/transactions 요청 from ::1
[2025-08-04 01:32:44] [info] ➡️ GET /api/exchange-rate 요청 from ::1
[2025-08-04 01:32:44] [info] ➡️ GET /api/users/me/wallet-history 요청 from ::1
[2025-08-04 01:32:44] [info] ➡️ GET /api/users/me 요청 from ::1
[2025-08-04 01:35:03] [info] ➡️ GET /wallet/history 요청 from ::1
[2025-08-04 01:35:03] [info] ➡️ GET /api/exchange-rate 요청 from ::1
[2025-08-04 01:35:03] [info] ➡️ GET /api/users/me/wallet-history 요청 from ::1
[2025-08-04 01:35:03] [info] ➡️ GET /api/users/me 요청 from ::1
[2025-08-04 01:35:06] [info] ➡️ GET /api/platforms?lang=ko 요청 from ::1
[2025-08-04 01:35:06] [info] ➡️ GET /api/exchange-rate 요청 from ::1
[2025-08-04 01:35:06] [info] ➡️ GET /api/platforms?lang=ko 요청 from ::1
[2025-08-04 01:35:06] [info] ➡️ GET /api/users/me/transactions 요청 from ::1
[2025-08-04 01:35:06] [info] ➡️ GET /api/users/me/transactions 요청 from ::1
[2025-08-04 01:35:10] [info] ➡️ GET /trade/history 요청 from ::1
[2025-08-04 01:35:11] [info] ➡️ GET /api/platforms?lang=ko 요청 from ::1
[2025-08-04 01:35:11] [info] ➡️ GET /api/exchange-rate 요청 from ::1
[2025-08-04 01:35:11] [info] ➡️ GET /api/platforms?lang=ko 요청 from ::1
[2025-08-04 01:35:11] [info] ➡️ GET /api/users/me/transactions 요청 from ::1
[2025-08-04 01:35:11] [info] ➡️ GET /api/users/me/transactions 요청 from ::1
[2025-08-04 01:35:20] [info] ➡️ GET /.well-known/appspecific/com.chrome.devtools.json 요청 from ::1
[2025-08-04 01:36:52] [info] ➡️ GET /api/platforms?lang=ko 요청 from ::1
[2025-08-04 01:36:52] [info] ➡️ GET /api/users/me/withdraws 요청 from ::1
[2025-08-04 01:37:52] [info] ➡️ GET /trade/history 요청 from ::1
[2025-08-04 01:37:53] [info] ➡️ GET /api/platforms?lang=ko 요청 from ::1
[2025-08-04 01:37:53] [info] ➡️ GET /api/exchange-rate 요청 from ::1
[2025-08-04 01:37:53] [info] ➡️ GET /api/platforms?lang=ko 요청 from ::1
[2025-08-04 01:37:53] [info] ➡️ GET /api/users/me/transactions 요청 from ::1
[2025-08-04 01:37:53] [info] ➡️ GET /api/users/me/transactions 요청 from ::1
[2025-08-04 01:38:07] [info] ➡️ GET /api/platforms?lang=ko 요청 from ::1
[2025-08-04 01:38:07] [info] ➡️ GET /api/exchange-rate 요청 from ::1
[2025-08-04 01:38:07] [info] ➡️ GET /api/platforms?lang=ko 요청 from ::1
[2025-08-04 01:38:07] [info] ➡️ GET /api/users/me 요청 from ::1
[2025-08-04 01:38:07] [info] ➡️ GET /api/users/me 요청 from ::1
[2025-08-04 01:38:07] [info] ➡️ GET /api/users/me/transactions?type=charge&lang=ko 요청 from ::1
[2025-08-04 01:38:07] [info] ➡️ GET /api/users/me/transactions?type=charge&lang=ko 요청 from ::1
[2025-08-04 01:38:10] [info] ➡️ GET /api/platforms?lang=ko 요청 from ::1
[2025-08-04 01:38:10] [info] ➡️ GET /api/exchange-rate 요청 from ::1
[2025-08-04 01:38:10] [info] ➡️ GET /api/platforms?lang=ko 요청 from ::1
[2025-08-04 01:38:10] [info] ➡️ GET /api/users/me/transactions 요청 from ::1
[2025-08-04 01:38:10] [info] ➡️ GET /api/users/me/transactions 요청 from ::1
[2025-08-04 01:38:13] [info] ➡️ GET /api/exchange-rate 요청 from ::1
[2025-08-04 01:38:13] [info] ➡️ GET /api/platforms?lang=ko 요청 from ::1
[2025-08-04 01:38:18] [info] ➡️ GET /api/platforms?lang=ko 요청 from ::1
[2025-08-04 01:38:18] [info] ➡️ GET /api/exchange-rate 요청 from ::1
[2025-08-04 01:38:18] [info] ➡️ GET /api/platforms?lang=ko 요청 from ::1
[2025-08-04 01:38:18] [info] ➡️ GET /api/users/me 요청 from ::1
[2025-08-04 01:38:18] [info] ➡️ GET /api/users/me 요청 from ::1
[2025-08-04 01:38:18] [info] ➡️ GET /api/users/me/transactions?type=charge&lang=ko 요청 from ::1
[2025-08-04 01:38:18] [info] ➡️ GET /api/users/me/transactions?type=charge&lang=ko 요청 from ::1
[2025-08-04 01:38:21] [info] ➡️ GET /api/exchange-rate 요청 from ::1
[2025-08-04 01:38:21] [info] ➡️ GET /api/users/info?lang=ko 요청 from ::1
[2025-08-04 01:38:25] [info] ➡️ GET /api/platforms?lang=ko 요청 from ::1
[2025-08-04 01:38:25] [info] ➡️ GET /api/exchange-rate 요청 from ::1
[2025-08-04 01:38:25] [info] ➡️ GET /api/platforms?lang=ko 요청 from ::1
[2025-08-04 01:38:25] [info] ➡️ GET /api/users/me 요청 from ::1
[2025-08-04 01:38:25] [info] ➡️ GET /api/users/me 요청 from ::1
[2025-08-04 01:38:25] [info] ➡️ GET /api/users/me/transactions?type=charge&lang=ko 요청 from ::1
[2025-08-04 01:38:25] [info] ➡️ GET /api/users/me/transactions?type=charge&lang=ko 요청 from ::1
[2025-08-04 01:38:27] [info] ➡️ GET /api/exchange-rate 요청 from ::1
[2025-08-04 01:38:29] [info] ➡️ GET /api/platforms?lang=ko 요청 from ::1
[2025-08-04 01:38:29] [info] ➡️ GET /api/exchange-rate 요청 from ::1
[2025-08-04 01:38:29] [info] ➡️ GET /api/platforms?lang=ko 요청 from ::1
[2025-08-04 01:38:29] [info] ➡️ GET /api/users/me 요청 from ::1
[2025-08-04 01:38:29] [info] ➡️ GET /api/users/me 요청 from ::1
[2025-08-04 01:38:29] [info] ➡️ GET /api/users/me/transactions?type=charge&lang=ko 요청 from ::1
[2025-08-04 01:38:29] [info] ➡️ GET /api/users/me/transactions?type=charge&lang=ko 요청 from ::1
[2025-08-04 01:38:32] [info] ➡️ GET /api/exchange-rate 요청 from ::1
[2025-08-04 01:38:32] [info] ➡️ GET /api/users/info?lang=ko 요청 from ::1
[2025-08-04 01:38:34] [info] ➡️ GET /api/exchange-rate 요청 from ::1
[2025-08-04 01:38:59] [info] ➡️ GET /.well-known/appspecific/com.chrome.devtools.json 요청 from ::1
[2025-08-04 01:40:31] [info] ➡️ GET /api/exchange-rate 요청 from ::1
[2025-08-04 01:40:31] [info] ➡️ GET /api/users/info?lang=ko 요청 from ::1
[2025-08-04 01:40:57] [info] ➡️ GET /api/users/me 요청 from ::1
[2025-08-04 01:40:57] [info] ➡️ GET /api/exchange-rate 요청 from ::1
[2025-08-04 01:40:57] [info] ➡️ GET /api/users/me 요청 from ::1
[2025-08-04 01:40:57] [info] ➡️ GET /api/platforms?lang=ko 요청 from ::1
[2025-08-04 01:40:57] [info] ➡️ GET /api/platforms?lang=ko 요청 from ::1
[2025-08-04 01:40:57] [info] ➡️ GET /api/users/me/withdraws 요청 from ::1
[2025-08-04 01:40:57] [info] ➡️ GET /api/users/me/withdraws 요청 from ::1
[2025-08-04 01:40:57] [info] ➡️ GET /api/exchange-rate 요청 from ::1
[2025-08-04 01:40:57] [info] ➡️ GET /api/exchange-rate 요청 from ::1
[2025-08-04 01:40:58] [info] ➡️ GET /api/users/me/withdraws 요청 from ::1
[2025-08-04 01:40:58] [info] ➡️ GET /api/users/me/withdraws 요청 from ::1
[2025-08-04 01:43:44] [info] ➡️ GET /api/platforms?lang=ko 요청 from ::1
[2025-08-04 01:43:44] [info] ➡️ GET /api/exchange-rate 요청 from ::1
[2025-08-04 01:43:44] [info] ➡️ GET /api/platforms?lang=ko 요청 from ::1
[2025-08-04 01:43:44] [info] ➡️ GET /api/users/me 요청 from ::1
[2025-08-04 01:43:44] [info] ➡️ GET /api/users/me 요청 from ::1
[2025-08-04 01:43:44] [info] ➡️ GET /api/users/me/transactions?type=charge&lang=ko 요청 from ::1
[2025-08-04 01:43:44] [info] ➡️ GET /api/users/me/transactions?type=charge&lang=ko 요청 from ::1
[2025-08-04 01:43:46] [info] ➡️ GET /api/users/me 요청 from ::1
[2025-08-04 01:43:46] [info] ➡️ GET /api/users/me 요청 from ::1
[2025-08-04 01:43:46] [info] ➡️ GET /api/exchange-rate 요청 from ::1
[2025-08-04 01:43:46] [info] ➡️ GET /api/platforms?lang=ko 요청 from ::1
[2025-08-04 01:43:46] [info] ➡️ GET /api/platforms?lang=ko 요청 from ::1
[2025-08-04 01:43:46] [info] ➡️ GET /api/users/me/withdraws 요청 from ::1
[2025-08-04 01:43:46] [info] ➡️ GET /api/users/me/withdraws 요청 from ::1
[2025-08-04 01:43:46] [info] ➡️ GET /api/exchange-rate 요청 from ::1
[2025-08-04 01:43:46] [info] ➡️ GET /api/exchange-rate 요청 from ::1
[2025-08-04 01:43:47] [info] ➡️ GET /api/users/me/withdraws 요청 from ::1
[2025-08-04 01:43:47] [info] ➡️ GET /api/users/me/withdraws 요청 from ::1
[2025-08-04 01:44:40] [info] ➡️ GET /trade/withdraw 요청 from ::1
[2025-08-04 01:44:40] [info] ➡️ GET /.well-known/appspecific/com.chrome.devtools.json 요청 from ::1
[2025-08-04 01:44:41] [info] ➡️ GET /api/users/me 요청 from ::1
[2025-08-04 01:44:41] [info] ➡️ GET /api/exchange-rate 요청 from ::1
[2025-08-04 01:44:41] [info] ➡️ GET /api/users/me 요청 from ::1
[2025-08-04 01:44:41] [info] ➡️ GET /api/platforms?lang=ko 요청 from ::1
[2025-08-04 01:44:41] [info] ➡️ GET /api/platforms?lang=ko 요청 from ::1
[2025-08-04 01:44:41] [info] ➡️ GET /api/users/me/withdraws 요청 from ::1
[2025-08-04 01:44:41] [info] ➡️ GET /api/users/me/withdraws 요청 from ::1
[2025-08-04 01:44:41] [info] ➡️ GET /api/exchange-rate 요청 from ::1
[2025-08-04 01:44:41] [info] ➡️ GET /api/exchange-rate 요청 from ::1
[2025-08-04 01:44:41] [info] ➡️ GET /api/users/me/withdraws 요청 from ::1
[2025-08-04 01:44:41] [info] ➡️ GET /api/users/me/withdraws 요청 from ::1
[2025-08-04 01:45:29] [info] ➡️ GET /trade/withdraw 요청 from ::1
[2025-08-04 01:45:29] [info] ➡️ GET /.well-known/appspecific/com.chrome.devtools.json 요청 from ::1
[2025-08-04 01:45:30] [info] ➡️ GET /api/users/me 요청 from ::1
[2025-08-04 01:45:30] [info] ➡️ GET /api/exchange-rate 요청 from ::1
[2025-08-04 01:45:30] [info] ➡️ GET /api/users/me 요청 from ::1
[2025-08-04 01:45:30] [info] ➡️ GET /api/platforms?lang=ko 요청 from ::1
[2025-08-04 01:45:30] [info] ➡️ GET /api/platforms?lang=ko 요청 from ::1
[2025-08-04 01:45:30] [info] ➡️ GET /api/users/me/withdraws 요청 from ::1
[2025-08-04 01:45:30] [info] ➡️ GET /api/users/me/withdraws 요청 from ::1
[2025-08-04 01:45:30] [info] ➡️ GET /api/exchange-rate 요청 from ::1
[2025-08-04 01:45:30] [info] ➡️ GET /api/exchange-rate 요청 from ::1
[2025-08-04 01:45:32] [info] ➡️ GET /api/users/me/withdraws 요청 from ::1
[2025-08-04 01:45:32] [info] ➡️ GET /api/users/me/withdraws 요청 from ::1
[2025-08-04 01:45:50] [info] ➡️ GET / 요청 from ::1
[2025-08-04 01:45:50] [info] ➡️ GET /.well-known/appspecific/com.chrome.devtools.json 요청 from ::1
[2025-08-04 01:45:50] [info] ➡️ GET /api/exchange-rate 요청 from ::1
[2025-08-04 01:45:50] [info] ➡️ GET /api/exchange-rate 요청 from ::1
[2025-08-04 01:45:50] [info] ➡️ GET /api/users/notices?limit=3&lang=ko 요청 from ::1
[2025-08-04 01:45:53] [info] ➡️ GET /api/exchange-rate 요청 from ::1
[2025-08-04 01:45:58] [info] ➡️ POST /api/users/login 요청 from ::1
[2025-08-04 01:45:58] [info] ➡️ GET /api/admin/summary 요청 from ::1
[2025-08-04 01:46:02] [info] ➡️ GET /api/admin/wallet/transfer 요청 from ::1
[2025-08-04 01:46:22] [info] ➡️ GET /api/admin/requests?type=&status=pending&username=&startDate=&endDate=&page=1&limit=15 요청 from ::1
[2025-08-04 01:47:03] [info] ➡️ GET /api/admin/wallet/transfer 요청 from ::1
[2025-08-04 02:04:30] [info] ➡️ GET /admin/trade/wallet-transfer 요청 from ::1
[2025-08-04 02:04:32] [info] ➡️ GET /api/admin/wallet/transfer 요청 from ::1
[2025-08-04 02:04:46] [info] 🚀 서버 실행 중: http://localhost:3000
[2025-08-04 02:04:51] [info] ➡️ GET /admin/trade/wallet-transfer 요청 from ::1
[2025-08-04 02:04:51] [info] ➡️ GET /api/admin/wallet/transfer 요청 from ::1
[2025-08-04 02:04:53] [info] ➡️ GET /admin/trade/wallet-transfer 요청 from ::1
[2025-08-04 02:04:53] [info] ➡️ GET /api/admin/wallet/transfer 요청 from ::1
[2025-08-04 02:04:55] [info] ➡️ GET /admin/trade/wallet-transfer 요청 from ::1
[2025-08-04 02:04:56] [info] ➡️ GET /api/admin/wallet/transfer 요청 from ::1
[2025-08-04 02:04:56] [info] ➡️ GET /admin/trade/wallet-transfer 요청 from ::1
[2025-08-04 02:04:56] [info] ➡️ GET /api/admin/wallet/transfer 요청 from ::1
[2025-08-04 02:06:55] [info] 🚀 서버 실행 중: http://localhost:3000
[2025-08-04 02:06:59] [info] ➡️ GET /admin/trade/wallet-transfer 요청 from ::1
[2025-08-04 02:06:59] [info] ➡️ GET /api/admin/wallet/transfer 요청 from ::1
[2025-08-04 02:08:27] [info] ➡️ GET /admin/trade/wallet-transfer 요청 from ::1
[2025-08-04 02:08:28] [info] ➡️ GET /api/admin/wallet/transfer 요청 from ::1
[2025-08-04 02:08:30] [info] ➡️ GET /admin/trade/wallet-transfer 요청 from ::1
[2025-08-04 02:08:30] [info] ➡️ GET /api/admin/wallet/transfer 요청 from ::1
[2025-08-04 02:08:36] [info] 🚀 서버 실행 중: http://localhost:3000
[2025-08-04 02:08:38] [info] ➡️ GET /admin/trade/wallet-transfer 요청 from ::1
[2025-08-04 02:08:39] [info] ➡️ GET /api/admin/wallet/transfer 요청 from ::1
[2025-08-04 02:08:47] [info] ➡️ PATCH /api/admin/site-transactions/103/approve 요청 from ::1
[2025-08-04 02:08:50] [info] ➡️ GET /admin/trade/wallet-transfer 요청 from ::1
[2025-08-04 02:08:50] [info] ➡️ GET /api/admin/wallet/transfer 요청 from ::1
[2025-08-04 02:08:53] [info] ➡️ PATCH /api/admin/site-transactions/79/approve 요청 from ::1
[2025-08-04 02:09:46] [info] ➡️ PATCH /api/admin/site-transactions/110/reject 요청 from ::1
[2025-08-04 02:09:51] [info] ➡️ GET /admin/trade/wallet-transfer 요청 from ::1
[2025-08-04 02:09:53] [info] ➡️ GET /admin/trade/wallet-transfer 요청 from ::1
[2025-08-04 02:09:53] [info] ➡️ GET /api/admin/wallet/transfer 요청 from ::1
[2025-08-04 02:11:03] [info] ➡️ PATCH /api/admin/site-transactions/110/approve 요청 from ::1
[2025-08-04 02:11:05] [info] ➡️ GET /.well-known/appspecific/com.chrome.devtools.json 요청 from ::1
[2025-08-04 02:11:19] [info] ➡️ PATCH /api/admin/site-transactions/110/approve 요청 from ::1
[2025-08-04 02:14:19] [info] 🚀 서버 실행 중: http://localhost:3000
[2025-08-04 02:14:47] [info] ➡️ GET /admin/trade/wallet-transfer 요청 from ::1
[2025-08-04 02:14:47] [info] ➡️ GET /.well-known/appspecific/com.chrome.devtools.json 요청 from ::1
[2025-08-04 02:14:47] [info] ➡️ GET /api/admin/wallet/transfer 요청 from ::1
[2025-08-04 02:14:51] [info] ➡️ PATCH /api/admin/wallet/transfer/110/approve 요청 from ::1
[2025-08-04 02:16:57] [info] 🚀 서버 실행 중: http://localhost:3000
[2025-08-04 02:17:06] [info] ➡️ POST /api/users/login 요청 from ::1
[2025-08-04 02:17:06] [info] ➡️ GET /api/admin/summary 요청 from ::1
[2025-08-04 02:17:10] [info] ➡️ GET /api/admin/wallet/transfer 요청 from ::1
[2025-08-04 02:17:12] [info] ➡️ PATCH /api/admin/wallet/transfer/110/approve 요청 from ::1
[2025-08-04 02:17:24] [info] ➡️ GET /admin/trade/wallet-transfer 요청 from ::1
[2025-08-04 02:17:24] [info] ➡️ GET /.well-known/appspecific/com.chrome.devtools.json 요청 from ::1
[2025-08-04 02:17:26] [info] ➡️ GET /api/admin/wallet/transfer 요청 from ::1
[2025-08-04 02:17:29] [info] ➡️ PATCH /api/admin/wallet/transfer/110/approve 요청 from ::1
[2025-08-04 02:19:27] [info] ➡️ GET /admin/trade/wallet-transfer 요청 from ::1
[2025-08-04 02:19:27] [info] ➡️ GET /.well-known/appspecific/com.chrome.devtools.json 요청 from ::1
[2025-08-04 02:19:27] [info] ➡️ GET /api/admin/wallet/transfer 요청 from ::1
[2025-08-04 02:19:29] [info] ➡️ GET /admin/trade/wallet-transfer 요청 from ::1
[2025-08-04 02:19:29] [info] ➡️ GET /.well-known/appspecific/com.chrome.devtools.json 요청 from ::1
[2025-08-04 02:19:29] [info] ➡️ GET /api/admin/wallet/transfer 요청 from ::1
[2025-08-04 02:19:33] [info] ➡️ PATCH /api/admin/wallet/transfer/110/approve 요청 from ::1
[2025-08-04 02:21:22] [info] 🚀 서버 실행 중: http://localhost:3000
[2025-08-04 02:21:25] [info] ➡️ GET /admin/trade/wallet-transfer 요청 from ::1
[2025-08-04 02:21:25] [info] ➡️ GET /.well-known/appspecific/com.chrome.devtools.json 요청 from ::1
[2025-08-04 02:21:26] [info] ➡️ GET /api/admin/wallet/transfer 요청 from ::1
[2025-08-04 02:21:31] [info] ➡️ PATCH /api/admin/wallet/transfer/110/approve 요청 from ::1
[2025-08-04 02:22:42] [info] 🚀 서버 실행 중: http://localhost:3000
[2025-08-04 02:22:46] [info] ➡️ GET /admin/trade/wallet-transfer 요청 from ::1
[2025-08-04 02:22:46] [info] ➡️ GET /.well-known/appspecific/com.chrome.devtools.json 요청 from ::1
[2025-08-04 02:22:47] [info] ➡️ GET /api/admin/wallet/transfer 요청 from ::1
[2025-08-04 02:22:52] [info] ➡️ PATCH /api/admin/wallet/transfer/110/approve 요청 from ::1
[2025-08-04 02:23:23] [info] 🚀 서버 실행 중: http://localhost:3000
[2025-08-04 02:23:25] [info] ➡️ GET /admin/trade/wallet-transfer 요청 from ::1
[2025-08-04 02:23:25] [info] ➡️ GET /.well-known/appspecific/com.chrome.devtools.json 요청 from ::1
[2025-08-04 02:23:26] [info] ➡️ GET /api/admin/wallet/transfer 요청 from ::1
[2025-08-04 02:23:28] [info] ➡️ PATCH /api/admin/wallet/transfer/110/approve 요청 from ::1
[2025-08-04 02:25:54] [info] ➡️ GET /admin/trade/wallet-transfer 요청 from ::1
[2025-08-04 02:25:54] [info] ➡️ GET /.well-known/appspecific/com.chrome.devtools.json 요청 from ::1
[2025-08-04 02:25:54] [info] ➡️ GET /api/admin/wallet/transfer 요청 from ::1
[2025-08-04 02:25:57] [info] ➡️ PATCH /api/admin/wallet/transfer/110/approve 요청 from ::1
[2025-08-04 02:26:02] [info] 🚀 서버 실행 중: http://localhost:3000
[2025-08-04 02:26:04] [info] ➡️ GET /admin/trade/wallet-transfer 요청 from ::1
[2025-08-04 02:26:04] [info] ➡️ GET /.well-known/appspecific/com.chrome.devtools.json 요청 from ::1
[2025-08-04 02:26:04] [info] ➡️ GET /api/admin/wallet/transfer 요청 from ::1
[2025-08-04 02:26:07] [info] ➡️ PATCH /api/admin/wallet/transfer/110/approve 요청 from ::1
[2025-08-04 02:31:42] [info] 🚀 서버 실행 중: http://localhost:3000
[2025-08-04 02:31:45] [info] ➡️ GET /admin/trade/wallet-transfer 요청 from ::1
[2025-08-04 02:31:45] [info] ➡️ GET /.well-known/appspecific/com.chrome.devtools.json 요청 from ::1
[2025-08-04 02:31:47] [info] ➡️ GET /api/admin/wallet/transfer 요청 from ::1
[2025-08-04 02:32:21] [info] 🚀 서버 실행 중: http://localhost:3000
[2025-08-04 02:32:23] [info] ➡️ GET /admin/trade/wallet-transfer 요청 from ::1
[2025-08-04 02:32:23] [info] ➡️ GET /.well-known/appspecific/com.chrome.devtools.json 요청 from ::1
[2025-08-04 02:32:24] [info] ➡️ GET /api/admin/wallet/transfer 요청 from ::1
[2025-08-04 02:32:26] [info] ➡️ PATCH /api/admin/wallet/transfer/110/approve 요청 from ::1
[2025-08-04 02:32:58] [info] ➡️ PATCH /api/admin/wallet/transfer/110/reject 요청 from ::1
[2025-08-04 02:36:09] [info] 🚀 서버 실행 중: http://localhost:3000
[2025-08-04 02:36:19] [info] ➡️ GET /admin/trade/wallet-transfer 요청 from ::1
[2025-08-04 02:36:19] [info] ➡️ GET /.well-known/appspecific/com.chrome.devtools.json 요청 from ::1
[2025-08-04 02:36:20] [info] ➡️ GET /api/admin/wallet/transfer 요청 from ::1
[2025-08-04 02:36:29] [info] ➡️ PATCH /api/admin/wallet/transfer/110/approve 요청 from ::1
[2025-08-04 02:36:56] [info] ➡️ PATCH /api/admin/wallet/transfer/107/reject 요청 from ::1
[2025-08-04 02:36:56] [info] ➡️ GET /api/admin/wallet/transfer 요청 from ::1
[2025-08-04 02:38:13] [info] 🚀 서버 실행 중: http://localhost:3000
[2025-08-04 02:38:24] [info] ➡️ GET /admin/trade/wallet-transfer 요청 from ::1
[2025-08-04 02:38:24] [info] ➡️ GET /.well-known/appspecific/com.chrome.devtools.json 요청 from ::1
[2025-08-04 02:38:26] [info] ➡️ GET /api/admin/wallet/transfer 요청 from ::1
[2025-08-04 02:38:30] [info] ➡️ PATCH /api/admin/wallet/transfer/110/approve 요청 from ::1
[2025-08-04 02:39:43] [info] 🚀 서버 실행 중: http://localhost:3000
[2025-08-04 02:39:46] [info] ➡️ GET /admin/trade/wallet-transfer 요청 from ::1
[2025-08-04 02:39:46] [info] ➡️ GET /.well-known/appspecific/com.chrome.devtools.json 요청 from ::1
[2025-08-04 02:39:46] [info] ➡️ GET /api/admin/wallet/transfer 요청 from ::1
[2025-08-04 02:39:49] [info] ➡️ PATCH /api/admin/wallet/transfer/110/approve 요청 from ::1
[2025-08-04 02:44:01] [info] 🚀 서버 실행 중: http://localhost:3000
[2025-08-04 02:44:06] [info] ➡️ PATCH /api/admin/wallet/transfer/110/approve 요청 from ::1
[2025-08-04 02:44:06] [info] ➡️ GET /api/admin/wallet/transfer 요청 from ::1
[2025-08-04 02:52:37] [info] ➡️ GET /admin/trade/wallet-transfer 요청 from ::1
[2025-08-04 02:52:37] [info] ➡️ GET /.well-known/appspecific/com.chrome.devtools.json 요청 from ::1
[2025-08-04 02:52:38] [info] ➡️ GET /api/admin/wallet/transfer 요청 from ::1
[2025-08-04 02:53:45] [info] ➡️ GET /.well-known/appspecific/com.chrome.devtools.json 요청 from ::1
[2025-08-04 02:58:43] [info] ➡️ GET /admin/trade/wallet-transfer 요청 from ::1
[2025-08-04 02:58:45] [info] ➡️ GET /api/admin/wallet/transfer 요청 from ::1
[2025-08-04 02:58:52] [info] ➡️ GET /.well-known/appspecific/com.chrome.devtools.json 요청 from ::1
[2025-08-04 02:59:31] [info] ➡️ GET /admin/trade/wallet-transfer 요청 from ::1
[2025-08-04 02:59:32] [info] ➡️ GET /.well-known/appspecific/com.chrome.devtools.json 요청 from ::1
[2025-08-04 02:59:32] [info] ➡️ GET /api/admin/wallet/transfer 요청 from ::1
[2025-08-04 03:02:28] [info] ➡️ GET /admin/trade/wallet-transfer 요청 from ::1
[2025-08-04 03:02:29] [info] ➡️ GET /api/admin/wallet/transfer 요청 from ::1
[2025-08-04 03:02:34] [info] ➡️ GET /.well-known/appspecific/com.chrome.devtools.json 요청 from ::1
[2025-08-04 03:06:29] [info] ➡️ GET /admin/trade/wallet-transfer 요청 from ::1
[2025-08-04 03:06:29] [info] ➡️ GET /.well-known/appspecific/com.chrome.devtools.json 요청 from ::1
[2025-08-04 03:06:31] [info] ➡️ GET /api/admin/wallet/transfer 요청 from ::1
[2025-08-04 03:12:37] [info] ➡️ GET /admin/trade/wallet-transfer 요청 from ::1
[2025-08-04 03:12:37] [info] ➡️ GET /.well-known/appspecific/com.chrome.devtools.json 요청 from ::1
[2025-08-04 03:12:38] [info] ➡️ GET /api/admin/wallet/transfer 요청 from ::1
[2025-08-04 03:12:39] [info] ➡️ GET /admin/trade/wallet-transfer 요청 from ::1
[2025-08-04 03:12:39] [info] ➡️ GET /.well-known/appspecific/com.chrome.devtools.json 요청 from ::1
[2025-08-04 03:12:39] [info] ➡️ GET /api/admin/wallet/transfer 요청 from ::1
[2025-08-04 03:16:04] [info] ➡️ GET // 요청 from ::1
[2025-08-04 03:16:04] [info] ➡️ GET /.well-known/appspecific/com.chrome.devtools.json 요청 from ::1
[2025-08-04 03:16:05] [info] ➡️ GET /api/exchange-rate 요청 from ::1
[2025-08-04 03:16:05] [info] ➡️ GET /api/exchange-rate 요청 from ::1
[2025-08-04 03:16:05] [info] ➡️ GET /api/users/notices?limit=3&lang=ko 요청 from ::1
[2025-08-04 03:16:06] [info] ➡️ GET /api/exchange-rate 요청 from ::1
[2025-08-04 03:16:11] [info] ➡️ POST /api/users/login 요청 from ::1
[2025-08-04 03:16:11] [info] ➡️ GET /api/exchange-rate 요청 from ::1
[2025-08-04 03:16:11] [info] ➡️ GET /api/exchange-rate 요청 from ::1
[2025-08-04 03:16:11] [info] ➡️ GET /api/users/notices?limit=3&lang=ko 요청 from ::1
[2025-08-04 03:16:15] [info] ➡️ GET /api/exchange-rate 요청 from ::1
[2025-08-04 03:16:15] [info] ➡️ GET /api/platforms?lang=ko 요청 from ::1
[2025-08-04 03:16:29] [info] ➡️ POST /api/transactions/wallet/transfer 요청 from ::1
[2025-08-04 03:16:52] [info] ➡️ POST /api/transactions/wallet/transfer 요청 from ::1
[2025-08-04 03:17:31] [info] ➡️ POST /api/transactions/wallet/transfer 요청 from ::1
[2025-08-04 03:22:21] [info] ➡️ GET /wallet/transfer 요청 from ::1
[2025-08-04 03:22:21] [info] ➡️ GET /.well-known/appspecific/com.chrome.devtools.json 요청 from ::1
[2025-08-04 03:22:21] [info] ➡️ GET /api/exchange-rate 요청 from ::1
[2025-08-04 03:22:21] [info] ➡️ GET /api/platforms?lang=ko 요청 from ::1
[2025-08-04 03:22:42] [info] ➡️ POST /api/transactions/wallet/transfer 요청 from ::1
[2025-08-04 03:23:06] [info] ➡️ POST /api/transactions/wallet/transfer 요청 from ::1
[2025-08-04 03:26:04] [info] ➡️ GET /wallet/transfer 요청 from ::1
[2025-08-04 03:26:04] [info] ➡️ GET /.well-known/appspecific/com.chrome.devtools.json 요청 from ::1
[2025-08-04 03:26:04] [info] ➡️ GET /api/exchange-rate 요청 from ::1
[2025-08-04 03:26:04] [info] ➡️ GET /api/platforms?lang=ko 요청 from ::1
[2025-08-04 03:26:21] [info] ➡️ POST /api/transactions/wallet/transfer 요청 from ::1
[2025-08-04 03:26:28] [info] 🚀 서버 실행 중: http://localhost:3000
[2025-08-04 03:26:30] [info] ➡️ GET /wallet/transfer 요청 from ::1
[2025-08-04 03:26:30] [info] ➡️ GET /.well-known/appspecific/com.chrome.devtools.json 요청 from ::1
[2025-08-04 03:26:30] [info] ➡️ GET /api/exchange-rate 요청 from ::1
[2025-08-04 03:26:30] [info] ➡️ GET /api/platforms?lang=ko 요청 from ::1
[2025-08-04 03:26:42] [info] ➡️ POST /api/transactions/wallet/transfer 요청 from ::1
[2025-08-04 03:27:36] [info] ➡️ POST /api/transactions/wallet/transfer 요청 from ::1
[2025-08-04 03:34:23] [info] 🚀 서버 실행 중: http://localhost:3000
[2025-08-04 03:34:33] [info] ➡️ GET /wallet/transfer 요청 from ::1
[2025-08-04 03:34:33] [info] ➡️ GET /.well-known/appspecific/com.chrome.devtools.json 요청 from ::1
[2025-08-04 03:34:35] [info] ➡️ GET /api/exchange-rate 요청 from ::1
[2025-08-04 03:34:35] [info] ➡️ GET /api/platforms?lang=ko 요청 from ::1
[2025-08-04 03:34:49] [info] ➡️ POST /api/transactions/wallet/transfer 요청 from ::1
[2025-08-04 03:35:00] [info] ➡️ POST /api/transactions/wallet/transfer 요청 from ::1
[2025-08-04 03:35:05] [info] ➡️ POST /api/transactions/wallet/transfer 요청 from ::1
[2025-08-04 03:35:48] [info] ➡️ GET /api/exchange-rate 요청 from ::1
[2025-08-04 03:35:48] [info] ➡️ GET /api/platforms?lang=ko 요청 from ::1
[2025-08-04 03:35:48] [info] ➡️ GET /api/transactions/wallet/transfer/history 요청 from ::1
[2025-08-04 03:36:42] [info] ➡️ GET /api/exchange-rate 요청 from ::1
[2025-08-04 03:36:42] [info] ➡️ GET /api/platforms?lang=ko 요청 from ::1
[2025-08-04 03:36:52] [info] ➡️ GET /api/exchange-rate?from=KRW&to=USD 요청 from ::1
[2025-08-04 03:36:52] [info] ➡️ GET /api/exchange-rate?from=KRW&to=USD 요청 from ::1
[2025-08-04 03:36:52] [info] ➡️ GET /api/exchange-rate?from=KRW&to=USD 요청 from ::1
[2025-08-04 03:36:52] [info] ➡️ GET /api/exchange-rate?from=KRW&to=USD 요청 from ::1
[2025-08-04 03:36:57] [info] ➡️ GET /api/exchange-rate?from=KRW&to=USD 요청 from ::1
[2025-08-04 03:36:57] [info] ➡️ GET /api/exchange-rate?from=KRW&to=USD 요청 from ::1
[2025-08-04 03:36:57] [info] ➡️ GET /api/exchange-rate?from=KRW&to=USD 요청 from ::1
[2025-08-04 03:36:58] [info] ➡️ GET /api/exchange-rate?from=KRW&to=USD 요청 from ::1
[2025-08-04 03:36:58] [info] ➡️ GET /api/exchange-rate?from=KRW&to=USD 요청 from ::1
[2025-08-04 03:36:58] [info] ➡️ GET /api/exchange-rate?from=KRW&to=USD 요청 from ::1
[2025-08-04 03:38:26] [info] ➡️ GET /api/exchange-rate?from=KRW&to=USD 요청 from ::1
[2025-08-04 03:38:28] [info] ➡️ GET /wallet/transfer 요청 from ::1
[2025-08-04 03:38:29] [info] ➡️ GET /.well-known/appspecific/com.chrome.devtools.json 요청 from ::1
[2025-08-04 03:38:29] [info] ➡️ GET /api/exchange-rate 요청 from ::1
[2025-08-04 03:38:29] [info] ➡️ GET /api/platforms?lang=ko 요청 from ::1
[2025-08-04 03:38:40] [info] ➡️ GET /api/exchange-rate?from=KRW&to=USD 요청 from ::1
[2025-08-04 03:38:40] [info] ➡️ GET /api/exchange-rate?from=KRW&to=USD 요청 from ::1
[2025-08-04 03:38:41] [info] ➡️ GET /api/exchange-rate?from=KRW&to=USD 요청 from ::1
[2025-08-04 03:38:41] [info] ➡️ GET /api/exchange-rate?from=KRW&to=USD 요청 from ::1
[2025-08-04 03:38:41] [info] ➡️ GET /api/exchange-rate?from=KRW&to=USD 요청 from ::1
[2025-08-04 03:38:41] [info] ➡️ GET /api/exchange-rate?from=KRW&to=USD 요청 from ::1
[2025-08-04 03:42:42] [info] ➡️ GET /wallet/transfer 요청 from ::1
[2025-08-04 03:42:42] [info] ➡️ GET /.well-known/appspecific/com.chrome.devtools.json 요청 from ::1
[2025-08-04 03:42:44] [info] ➡️ GET /api/exchange-rate 요청 from ::1
[2025-08-04 03:42:44] [info] ➡️ GET /api/platforms?lang=ko 요청 from ::1
[2025-08-04 03:42:51] [info] ➡️ GET /api/exchange-rate?from=KRW&to=USD 요청 from ::1
[2025-08-04 03:42:51] [info] ➡️ GET /api/exchange-rate?from=KRW&to=USD 요청 from ::1
[2025-08-04 03:42:51] [info] ➡️ GET /api/exchange-rate?from=KRW&to=USD 요청 from ::1
[2025-08-04 03:42:51] [info] ➡️ GET /api/exchange-rate?from=KRW&to=USD 요청 from ::1
[2025-08-04 03:42:52] [info] ➡️ GET /api/exchange-rate?from=KRW&to=USD 요청 from ::1
[2025-08-04 03:42:52] [info] ➡️ GET /api/exchange-rate?from=KRW&to=USD 요청 from ::1
[2025-08-04 03:44:16] [info] ➡️ GET /wallet/transfer 요청 from ::1
[2025-08-04 03:44:19] [info] ➡️ GET /wallet/transfer 요청 from ::1
[2025-08-04 03:44:19] [info] ➡️ GET /.well-known/appspecific/com.chrome.devtools.json 요청 from ::1
[2025-08-04 03:44:19] [info] ➡️ GET /.well-known/appspecific/com.chrome.devtools.json 요청 from ::1
[2025-08-04 03:44:19] [info] ➡️ GET /api/exchange-rate 요청 from ::1
[2025-08-04 03:44:19] [info] ➡️ GET /api/platforms?lang=ko 요청 from ::1
[2025-08-04 03:44:35] [info] ➡️ GET /api/exchange-rate?from=KRW&to=USD 요청 from ::1
[2025-08-04 03:44:35] [info] ➡️ GET /api/exchange-rate?from=KRW&to=USD 요청 from ::1
[2025-08-04 03:44:35] [info] ➡️ GET /api/exchange-rate?from=KRW&to=USD 요청 from ::1
[2025-08-04 03:44:35] [info] ➡️ GET /api/exchange-rate?from=KRW&to=USD 요청 from ::1
[2025-08-04 03:44:35] [info] ➡️ GET /api/exchange-rate?from=KRW&to=USD 요청 from ::1
[2025-08-04 03:44:35] [info] ➡️ GET /api/exchange-rate?from=KRW&to=USD 요청 from ::1
[2025-08-04 03:47:55] [info] ➡️ GET /wallet/transfer 요청 from ::1
[2025-08-04 03:47:56] [info] ➡️ GET /.well-known/appspecific/com.chrome.devtools.json 요청 from ::1
[2025-08-04 03:47:56] [info] ➡️ GET /wallet/transfer 요청 from ::1
[2025-08-04 03:47:56] [info] ➡️ GET /.well-known/appspecific/com.chrome.devtools.json 요청 from ::1
[2025-08-04 03:47:57] [info] ➡️ GET /api/exchange-rate 요청 from ::1
[2025-08-04 03:47:57] [info] ➡️ GET /api/platforms?lang=ko 요청 from ::1
[2025-08-04 03:48:08] [info] ➡️ GET /api/exchange-rate?from=KRW&to=USD 요청 from ::1
[2025-08-04 03:48:08] [info] ➡️ GET /api/exchange-rate?from=KRW&to=USD 요청 from ::1
[2025-08-04 03:48:08] [info] ➡️ GET /api/exchange-rate?from=KRW&to=USD 요청 from ::1
[2025-08-04 03:48:08] [info] ➡️ GET /api/exchange-rate?from=KRW&to=USD 요청 from ::1
[2025-08-04 03:48:08] [info] ➡️ GET /api/exchange-rate?from=KRW&to=USD 요청 from ::1
[2025-08-04 03:48:08] [info] ➡️ GET /api/exchange-rate?from=KRW&to=USD 요청 from ::1
[2025-08-04 03:48:09] [info] ➡️ GET /api/exchange-rate?from=KRW&to=USD 요청 from ::1
[2025-08-04 03:48:09] [info] ➡️ GET /api/exchange-rate?from=KRW&to=USD 요청 from ::1
[2025-08-04 03:48:10] [info] ➡️ GET /api/exchange-rate?from=KRW&to=USD 요청 from ::1
[2025-08-04 03:48:10] [info] ➡️ GET /api/exchange-rate?from=KRW&to=USD 요청 from ::1
[2025-08-04 03:48:11] [info] ➡️ GET /api/exchange-rate?from=KRW&to=USD 요청 from ::1
[2025-08-04 03:48:11] [info] ➡️ GET /api/exchange-rate?from=KRW&to=USD 요청 from ::1
[2025-08-04 03:48:20] [info] ➡️ POST /api/transactions/wallet/transfer 요청 from ::1
[2025-08-04 03:48:31] [info] ➡️ GET /api/exchange-rate 요청 from ::1
[2025-08-04 03:48:31] [info] ➡️ GET /api/platforms?lang=ko 요청 from ::1
[2025-08-04 03:48:31] [info] ➡️ GET /api/transactions/wallet/transfer/history 요청 from ::1
[2025-08-04 03:49:18] [info] ➡️ GET / 요청 from ::1
[2025-08-04 03:49:18] [info] ➡️ GET /.well-known/appspecific/com.chrome.devtools.json 요청 from ::1
[2025-08-04 03:49:19] [info] ➡️ GET /api/exchange-rate 요청 from ::1
[2025-08-04 03:49:19] [info] ➡️ GET /api/exchange-rate 요청 from ::1
[2025-08-04 03:49:19] [info] ➡️ GET /api/users/notices?limit=3&lang=ko 요청 from ::1
[2025-08-04 03:49:20] [info] ➡️ GET /api/exchange-rate 요청 from ::1
[2025-08-04 03:49:24] [info] ➡️ POST /api/users/login 요청 from ::1
[2025-08-04 03:49:24] [info] ➡️ GET /api/admin/summary 요청 from ::1
[2025-08-04 03:49:29] [info] ➡️ GET /api/admin/wallet/transfer 요청 from ::1
[2025-08-04 03:54:09] [info] ➡️ GET /admin/trade/wallet-transfer 요청 from ::1
[2025-08-04 03:54:11] [info] ➡️ GET /api/admin/wallet/transfer 요청 from ::1
[2025-08-04 03:55:32] [info] ➡️ GET /admin/trade/wallet-transfer 요청 from ::1
[2025-08-04 03:55:33] [info] ➡️ GET /api/admin/wallet/transfer 요청 from ::1
[2025-08-04 03:56:43] [info] ➡️ PATCH /api/admin/wallet/transfer/112/reject 요청 from ::1
[2025-08-04 03:56:43] [info] ➡️ GET /api/admin/wallet/transfer 요청 from ::1
[2025-08-04 03:56:50] [info] ➡️ GET /api/admin/messages/sent 요청 from ::1
[2025-08-04 03:56:54] [info] ➡️ GET /.well-known/appspecific/com.chrome.devtools.json 요청 from ::1
[2025-08-04 04:06:17] [info] ➡️ GET /admin/messages/sent 요청 from ::1
[2025-08-04 04:06:19] [info] ➡️ GET /api/admin/messages/sent 요청 from ::1
[2025-08-04 04:06:20] [info] ➡️ GET /admin/messages/sent 요청 from ::1
[2025-08-04 04:06:20] [info] ➡️ GET /api/admin/messages/sent 요청 from ::1
[2025-08-04 04:06:24] [info] 🚀 서버 실행 중: http://localhost:3000
[2025-08-04 04:06:26] [info] ➡️ GET /admin/messages/sent 요청 from ::1
[2025-08-04 04:06:26] [info] ➡️ GET /api/admin/messages/sent 요청 from ::1
[2025-08-04 04:09:33] [info] 🚀 서버 실행 중: http://localhost:3000
[2025-08-04 04:09:41] [info] ➡️ GET /admin/messages/sent 요청 from ::1
[2025-08-04 04:09:41] [info] ➡️ GET /api/admin/messages/sent 요청 from ::1
[2025-08-04 04:09:45] [info] ➡️ GET /admin/messages/sent 요청 from ::1
[2025-08-04 04:09:45] [info] ➡️ GET /api/admin/messages/sent 요청 from ::1
[2025-08-04 04:09:47] [info] ➡️ GET /admin/messages/sent 요청 from ::1
[2025-08-04 04:09:47] [info] ➡️ GET /api/admin/messages/sent 요청 from ::1
[2025-08-04 04:12:24] [info] ➡️ GET /admin/messages/sent 요청 from ::1
[2025-08-04 04:12:26] [info] ➡️ GET /api/admin/messages/sent 요청 from ::1
[2025-08-04 04:13:11] [info] 🚀 서버 실행 중: http://localhost:3000
[2025-08-04 04:13:14] [info] ➡️ GET /admin/messages/sent 요청 from ::1
[2025-08-04 04:13:15] [info] ➡️ GET /api/admin/messages/sent 요청 from ::1
[2025-08-04 04:13:25] [info] ➡️ DELETE /api/admin/messages/18 요청 from ::1
[2025-08-04 04:13:26] [info] ➡️ GET /api/admin/messages/sent 요청 from ::1
[2025-08-04 04:13:28] [info] ➡️ GET /admin/messages/sent 요청 from ::1
[2025-08-04 04:13:28] [info] ➡️ GET /api/admin/messages/sent 요청 from ::1
[2025-08-04 04:13:32] [info] ➡️ DELETE /api/admin/messages/17 요청 from ::1
[2025-08-04 04:13:33] [info] ➡️ GET /api/admin/messages/sent 요청 from ::1
[2025-08-04 04:13:37] [info] ➡️ DELETE /api/admin/messages/15 요청 from ::1
[2025-08-04 04:13:47] [info] ➡️ GET /api/admin/requests?type=&status=pending&username=&startDate=&endDate=&page=1&limit=15 요청 from ::1
[2025-08-04 04:13:53] [info] ➡️ GET /api/admin/requests?type=&status=&username=&startDate=&endDate=&page=1&limit=50 요청 from ::1
[2025-08-04 04:14:09] [info] ➡️ GET /api/admin/message-templates 요청 from ::1
[2025-08-04 14:48:31] [info] 🚀 서버 실행 중: http://localhost:3000
[2025-08-04 14:48:41] [info] ➡️ GET / 요청 from ::1
[2025-08-04 14:48:42] [info] ➡️ GET /api/exchange-rate 요청 from ::1
[2025-08-04 14:48:42] [info] ➡️ GET /api/users/notices?limit=3&lang=ko 요청 from ::1
[2025-08-04 14:48:43] [info] ➡️ GET /api/exchange-rate 요청 from ::1
[2025-08-04 14:49:01] [info] ➡️ GET /?preview=true 요청 from ::1
[2025-08-04 14:49:01] [info] ➡️ GET /api/exchange-rate 요청 from ::1
[2025-08-04 14:49:01] [info] ➡️ GET /api/users/notices?limit=3&lang=ko 요청 from ::1
[2025-08-04 14:49:02] [info] ➡️ GET /api/exchange-rate 요청 from ::1
[2025-08-04 14:49:04] [info] ➡️ GET /api/exchange-rate 요청 from ::1
[2025-08-04 14:49:06] [info] ➡️ GET /api/exchange-rate 요청 from ::1
[2025-08-04 14:49:06] [info] ➡️ GET /api/platforms?lang=ko 요청 from ::1
[2025-08-04 14:49:15] [info] ➡️ POST /api/users/check-username 요청 from ::1
[2025-08-04 14:49:34] [info] ➡️ POST /api/auth/send-email-code 요청 from ::1
[2025-08-04 14:49:39] [info] ➡️ POST /api/auth/verify-email-code 요청 from ::1
[2025-08-04 14:49:44] [info] ➡️ GET /api/exchange-rate 요청 from ::1
[2025-08-04 14:49:49] [info] ➡️ GET /api/exchange-rate 요청 from ::1
[2025-08-04 14:49:49] [info] ➡️ GET /api/platforms?lang=ko 요청 from ::1
[2025-08-04 14:49:52] [info] ➡️ POST /api/users/check-username 요청 from ::1
[2025-08-04 14:50:11] [info] ➡️ POST /api/auth/send-email-code 요청 from ::1
[2025-08-04 14:50:16] [info] ➡️ POST /api/auth/verify-email-code 요청 from ::1
[2025-08-04 14:50:19] [info] ➡️ POST /api/users/register 요청 from ::1
[2025-08-04 14:52:35] [info] 🚀 서버 실행 중: http://localhost:3000
[2025-08-04 14:52:39] [info] ➡️ POST /api/users/register 요청 from ::1
[2025-08-04 14:52:44] [info] ➡️ POST /api/users/check-username 요청 from ::1
[2025-08-04 14:52:49] [info] ➡️ POST /api/users/check-username 요청 from ::1
[2025-08-04 14:53:01] [info] ➡️ POST /api/users/register 요청 from ::1
[2025-08-04 14:53:03] [info] ➡️ POST /api/auth/send-email-code 요청 from ::1
[2025-08-04 14:53:06] [info] ➡️ POST /api/auth/send-email-code 요청 from ::1
[2025-08-04 14:53:11] [info] ➡️ POST /api/auth/verify-email-code 요청 from ::1
[2025-08-04 14:53:13] [info] ➡️ POST /api/users/register 요청 from ::1
[2025-08-04 14:53:55] [info] ➡️ GET /api/exchange-rate 요청 from ::1
[2025-08-04 14:53:55] [info] ➡️ GET /api/users/notices?limit=3&lang=ko 요청 from ::1
[2025-08-04 14:53:56] [info] ➡️ GET /api/exchange-rate 요청 from ::1
[2025-08-04 14:57:39] [info] ➡️ GET /api/exchange-rate 요청 from ::1
[2025-08-04 14:57:40] [info] ➡️ GET /api/exchange-rate 요청 from ::1
[2025-08-04 14:57:40] [info] ➡️ GET /api/platforms?lang=ko 요청 from ::1
[2025-08-04 14:57:48] [info] ➡️ POST /api/users/check-username 요청 from ::1
[2025-08-04 14:58:00] [info] ➡️ POST /api/auth/send-email-code 요청 from ::1
[2025-08-04 14:58:05] [info] ➡️ POST /api/auth/verify-email-code 요청 from ::1
[2025-08-04 14:58:07] [info] ➡️ POST /api/users/register 요청 from ::1
[2025-08-04 14:58:18] [info] ➡️ GET /api/exchange-rate 요청 from ::1
[2025-08-04 14:58:18] [info] ➡️ GET /api/users/notices?limit=3&lang=ko 요청 from ::1
[2025-08-04 14:58:19] [info] ➡️ GET /api/exchange-rate 요청 from ::1
[2025-08-04 15:11:28] [info] 🚀 서버 실행 중: http://localhost:3000
[2025-08-04 15:11:35] [info] ➡️ GET / 요청 from ::1
[2025-08-04 15:11:36] [info] ➡️ GET /api/exchange-rate 요청 from ::1
[2025-08-04 15:11:36] [info] ➡️ GET /api/users/notices?limit=3&lang=ko 요청 from ::1
[2025-08-04 15:11:37] [info] ➡️ GET /api/exchange-rate 요청 from ::1
[2025-08-04 15:13:42] [info] ➡️ GET /api/exchange-rate 요청 from ::1
[2025-08-04 15:13:45] [info] ➡️ GET /api/platforms?lang=zh 요청 from ::1
[2025-08-04 15:13:45] [info] ➡️ GET /api/exchange-rate 요청 from ::1
[2025-08-04 15:13:51] [info] ➡️ POST /api/users/check-username 요청 from ::1
[2025-08-04 15:14:03] [info] ➡️ POST /api/auth/send-email-code 요청 from ::1
[2025-08-04 15:14:08] [info] ➡️ POST /api/auth/verify-email-code 요청 from ::1
[2025-08-04 15:14:12] [info] ➡️ GET /.well-known/appspecific/com.chrome.devtools.json 요청 from ::1
[2025-08-04 15:14:16] [info] ➡️ POST /api/users/register 요청 from ::1
[2025-08-04 15:14:18] [info] ➡️ GET /api/exchange-rate 요청 from ::1
[2025-08-04 15:14:18] [info] ➡️ GET /api/users/notices?limit=3&lang=zh 요청 from ::1
[2025-08-04 15:14:18] [info] ➡️ GET /api/exchange-rate 요청 from ::1
[2025-08-04 15:15:18] [info] ➡️ GET /api/exchange-rate 요청 from ::1
[2025-08-04 15:15:21] [info] ➡️ GET /api/exchange-rate 요청 from ::1
[2025-08-04 15:15:21] [info] ➡️ GET /api/platforms?lang=ko 요청 from ::1
[2025-08-04 15:15:26] [info] ➡️ POST /api/users/check-username 요청 from ::1
[2025-08-04 15:15:29] [info] ➡️ POST /api/users/check-username 요청 from ::1
[2025-08-04 15:15:39] [info] ➡️ POST /api/auth/send-email-code 요청 from ::1
[2025-08-04 15:15:44] [info] ➡️ POST /api/auth/verify-email-code 요청 from ::1
[2025-08-04 15:15:49] [info] ➡️ POST /api/users/register 요청 from ::1
[2025-08-04 15:15:51] [info] ➡️ GET /api/exchange-rate 요청 from ::1
[2025-08-04 15:15:51] [info] ➡️ GET /api/users/notices?limit=3&lang=ko 요청 from ::1
[2025-08-04 15:15:51] [info] ➡️ GET /api/exchange-rate 요청 from ::1
[2025-08-04 15:57:48] [info] ➡️ GET /api/exchange-rate 요청 from ::1
[2025-08-04 15:57:53] [info] ➡️ POST /api/users/login 요청 from ::1
[2025-08-04 15:57:59] [info] ➡️ POST /api/users/login 요청 from ::1
[2025-08-04 15:58:06] [info] ➡️ POST /api/users/login 요청 from ::1
[2025-08-04 15:58:06] [info] ➡️ GET /api/exchange-rate 요청 from ::1
[2025-08-04 15:58:06] [info] ➡️ GET /api/users/notices?limit=3&lang=ko 요청 from ::1
[2025-08-04 15:58:06] [info] ➡️ GET /api/exchange-rate 요청 from ::1
[2025-08-04 15:58:09] [info] ➡️ GET /api/exchange-rate 요청 from ::1
[2025-08-04 15:58:09] [info] ➡️ GET /api/users/info?lang=ko 요청 from ::1
[2025-08-04 15:58:11] [info] ➡️ GET /api/exchange-rate 요청 from ::1
[2025-08-04 15:58:19] [info] ➡️ POST /api/transactions/wallet/withdraw 요청 from ::1
[2025-08-04 15:58:24] [info] ➡️ POST /api/transactions/wallet/withdraw 요청 from ::1
[2025-08-04 15:58:25] [info] ➡️ GET /wallet/withdraw 요청 from ::1
[2025-08-04 15:58:25] [info] ➡️ GET /.well-known/appspecific/com.chrome.devtools.json 요청 from ::1
[2025-08-04 15:58:26] [info] ➡️ GET /api/exchange-rate 요청 from ::1
[2025-08-04 15:58:26] [info] ➡️ GET /api/users/info?lang=ko 요청 from ::1
[2025-08-04 15:59:59] [info] 🚀 서버 실행 중: http://localhost:3000
[2025-08-04 16:00:02] [info] ➡️ GET /wallet/withdraw 요청 from ::1
[2025-08-04 16:00:02] [info] ➡️ GET /.well-known/appspecific/com.chrome.devtools.json 요청 from ::1
[2025-08-04 16:00:02] [info] ➡️ GET /api/exchange-rate 요청 from ::1
[2025-08-04 16:00:02] [info] ➡️ GET /api/users/info?lang=ko 요청 from ::1
[2025-08-04 16:00:04] [info] ➡️ GET /api/exchange-rate 요청 from ::1
[2025-08-04 16:00:05] [info] ➡️ GET /api/exchange-rate 요청 from ::1
[2025-08-04 16:00:08] [info] ➡️ POST /api/transactions/wallet/charge 요청 from ::1
[2025-08-04 16:24:34] [info] ➡️ GET /api/exchange-rate 요청 from ::1
[2025-08-04 16:24:35] [info] ➡️ GET /api/exchange-rate 요청 from ::1
[2025-08-04 16:24:36] [info] ➡️ GET /api/exchange-rate 요청 from ::1
[2025-08-04 16:31:03] [info] ➡️ GET /wallet/charge 요청 from ::1
[2025-08-04 16:31:03] [info] ➡️ GET /.well-known/appspecific/com.chrome.devtools.json 요청 from ::1
[2025-08-04 16:31:04] [info] ➡️ GET /api/exchange-rate 요청 from ::1
[2025-08-04 16:31:07] [info] ➡️ GET / 요청 from ::1
[2025-08-04 16:31:07] [info] ➡️ GET /.well-known/appspecific/com.chrome.devtools.json 요청 from ::1
[2025-08-04 16:31:07] [info] ➡️ GET /api/exchange-rate 요청 from ::1
[2025-08-04 16:31:07] [info] ➡️ GET /api/exchange-rate 요청 from ::1
[2025-08-04 16:31:07] [info] ➡️ GET /api/users/notices?limit=3&lang=ko 요청 from ::1
[2025-08-04 16:36:08] [info] ➡️ GET /api/exchange-rate 요청 from ::1
[2025-08-04 16:36:16] [info] ➡️ POST /api/users/login 요청 from ::1
[2025-08-04 16:36:16] [info] ➡️ GET /api/admin/summary 요청 from ::1
[2025-08-04 16:36:20] [info] ➡️ GET /api/admin/transactions/wallet-charge?page=1&limit=20&username=&status=&currency=&startDate=&endDate= 요청 from ::1
[2025-08-04 16:38:07] [info] ➡️ GET /admin/trade/wallet-charge 요청 from ::1
[2025-08-04 16:38:07] [info] ➡️ GET /.well-known/appspecific/com.chrome.devtools.json 요청 from ::1
[2025-08-04 16:38:09] [info] ➡️ GET /api/admin/transactions/wallet-charge?page=1&limit=20&username=&status=&currency=&startDate=&endDate= 요청 from ::1
[2025-08-04 16:38:13] [info] ➡️ GET /api/admin/transactions/wallet-withdraw?page=1&limit=20&username=&status=&currency=&startDate=&endDate= 요청 from ::1
[2025-08-04 16:38:18] [info] ➡️ GET /api/admin/transactions/wallet-charge?page=1&limit=20&username=&status=&currency=&startDate=&endDate= 요청 from ::1
[2025-08-04 16:38:19] [info] ➡️ GET /api/admin/transactions/wallet-withdraw?page=1&limit=20&username=&status=&currency=&startDate=&endDate= 요청 from ::1
[2025-08-04 16:38:37] [info] ➡️ GET /api/platforms?lang=ko 요청 from ::1
[2025-08-04 16:38:37] [info] ➡️ GET /api/admin/users?username=&status=&startDate=&endDate=&warningOnly=false&platform=&referral_id=&page=1&limit=15 요청 from ::1
[2025-08-04 16:45:32] [info] 🚀 서버 실행 중: http://localhost:3000
[2025-08-04 16:46:59] [info] ➡️ GET /admin/users 요청 from ::1
[2025-08-04 16:46:59] [info] ➡️ GET /.well-known/appspecific/com.chrome.devtools.json 요청 from ::1
[2025-08-04 16:47:00] [info] ➡️ GET /api/platforms?lang=ko 요청 from ::1
[2025-08-04 16:47:00] [info] ➡️ GET /api/admin/users?username=&status=&startDate=&endDate=&warningOnly=false&platform=&referral_id=&page=1&limit=15 요청 from ::1
[2025-08-04 16:50:06] [info] ➡️ GET /admin/users 요청 from ::1
[2025-08-04 16:50:06] [info] ➡️ GET /.well-known/appspecific/com.chrome.devtools.json 요청 from ::1
[2025-08-04 16:50:08] [info] ➡️ GET /api/platforms?lang=ko 요청 from ::1
[2025-08-04 16:50:08] [info] ➡️ GET /api/admin/users?username=&status=&startDate=&endDate=&warningOnly=false&platform=&referral_id=&page=1&limit=15 요청 from ::1
[2025-08-04 16:50:14] [info] ➡️ GET /api/admin/requests?type=&status=pending&username=&startDate=&endDate=&page=1&limit=15 요청 from ::1
[2025-08-04 16:50:20] [info] ➡️ GET /api/admin/requests?type=&status=&username=&startDate=&endDate=&page=1&limit=50 요청 from ::1
[2025-08-04 16:50:31] [info] ➡️ GET /api/admin/messages/sent 요청 from ::1
[2025-08-04 17:13:38] [info] ➡️ GET / 요청 from ::1
[2025-08-04 17:13:38] [info] ➡️ GET /.well-known/appspecific/com.chrome.devtools.json 요청 from ::1
[2025-08-04 17:13:40] [info] ➡️ GET /api/exchange-rate 요청 from ::1
[2025-08-04 17:13:40] [info] ➡️ GET /api/users/notices?limit=3&lang=ko 요청 from ::1
[2025-08-04 17:13:40] [info] ➡️ GET /api/exchange-rate 요청 from ::1
[2025-08-04 17:13:44] [info] ➡️ GET /api/exchange-rate 요청 from ::1
[2025-08-04 17:13:50] [info] ➡️ POST /api/users/login 요청 from ::1
[2025-08-04 17:13:52] [info] ➡️ POST /api/users/login 요청 from ::1
[2025-08-04 17:13:52] [info] ➡️ GET /api/exchange-rate 요청 from ::1
[2025-08-04 17:13:52] [info] ➡️ GET /api/users/notices?limit=3&lang=ko 요청 from ::1
[2025-08-04 17:13:52] [info] ➡️ GET /api/exchange-rate 요청 from ::1
[2025-08-04 18:38:55] [info] ➡️ GET / 요청 from ::1
[2025-08-04 18:38:55] [info] ➡️ GET /.well-known/appspecific/com.chrome.devtools.json 요청 from ::1
[2025-08-04 18:38:55] [info] ➡️ GET /api/exchange-rate 요청 from ::1
[2025-08-04 18:38:55] [info] ➡️ GET /api/exchange-rate 요청 from ::1
[2025-08-04 18:38:55] [info] ➡️ GET /api/users/info 요청 from ::1
[2025-08-04 18:38:56] [info] ➡️ GET /api/users/notices?limit=3&lang=ko 요청 from ::1
[2025-08-04 18:39:28] [info] ➡️ GET / 요청 from ::1
[2025-08-04 18:39:28] [info] ➡️ GET /.well-known/appspecific/com.chrome.devtools.json 요청 from ::1
[2025-08-04 18:39:29] [info] ➡️ GET /api/exchange-rate 요청 from ::1
[2025-08-04 18:39:29] [info] ➡️ GET /api/users/info 요청 from ::1
[2025-08-04 18:39:29] [info] ➡️ GET /api/users/notices?limit=3&lang=ko 요청 from ::1
[2025-08-04 18:39:29] [info] ➡️ GET /api/exchange-rate 요청 from ::1
[2025-08-05 12:51:09] [info] 🚀 서버 실행 중: http://localhost:3000
[2025-08-05 13:27:22] [info] ➡️ GET / 요청 from ::1
[2025-08-05 13:27:22] [info] ➡️ GET /api/exchange-rate 요청 from ::1
[2025-08-05 13:27:22] [info] ➡️ GET /api/users/info 요청 from ::1
[2025-08-05 13:27:23] [info] ➡️ GET /api/users/notices?limit=3&lang=ko 요청 from ::1
[2025-08-05 13:27:24] [info] ➡️ GET /api/exchange-rate 요청 from ::1
[2025-08-05 13:27:55] [info] ➡️ GET /?preview=true 요청 from ::1
[2025-08-05 13:27:55] [info] ➡️ GET /api/exchange-rate 요청 from ::1
[2025-08-05 13:27:55] [info] ➡️ GET /api/users/info 요청 from ::1
[2025-08-05 13:27:55] [info] ➡️ GET /api/users/notices?limit=3&lang=ko 요청 from ::1
[2025-08-05 13:27:56] [info] ➡️ GET /api/exchange-rate 요청 from ::1
[2025-08-05 13:28:11] [info] ➡️ GET / 요청 from ::1
[2025-08-05 13:28:11] [info] ➡️ GET /api/users/notices?limit=3&lang=ko 요청 from ::1
[2025-08-05 13:28:11] [info] ➡️ GET /api/exchange-rate 요청 from ::1
[2025-08-05 13:28:12] [info] ➡️ GET /api/exchange-rate 요청 from ::1
[2025-08-05 13:28:13] [info] ➡️ GET /api/exchange-rate 요청 from ::1
[2025-08-05 13:28:19] [info] ➡️ POST /api/users/login 요청 from ::1
[2025-08-05 13:28:19] [info] ➡️ GET /api/exchange-rate 요청 from ::1
[2025-08-05 13:28:19] [info] ➡️ GET /api/users/info 요청 from ::1
[2025-08-05 13:28:19] [info] ➡️ GET /api/users/notices?limit=3&lang=ko 요청 from ::1
[2025-08-05 13:28:19] [info] ➡️ GET /api/exchange-rate 요청 from ::1
[2025-08-05 13:28:29] [info] ➡️ GET /api/exchange-rate 요청 from ::1
[2025-08-05 13:28:29] [info] ➡️ GET /api/users/info 요청 from ::1
[2025-08-05 13:28:29] [info] ➡️ GET /api/platforms?lang=ko 요청 from ::1
[2025-08-05 13:28:49] [info] ➡️ POST /api/transactions/wallet/transfer 요청 from ::1
[2025-08-05 13:28:58] [info] ➡️ GET /api/exchange-rate?from=USD&to=KRW 요청 from ::1
[2025-08-05 13:29:01] [info] ➡️ POST /api/transactions/wallet/transfer 요청 from ::1
[2025-08-05 13:29:12] [info] ➡️ GET /api/exchange-rate 요청 from ::1
[2025-08-05 13:29:12] [info] ➡️ GET /api/users/info 요청 from ::1
[2025-08-05 13:29:12] [info] ➡️ GET /api/transactions/wallet/transfer/history 요청 from ::1
[2025-08-05 13:29:12] [info] ➡️ GET /api/platforms?lang=ko 요청 from ::1
[2025-08-05 13:35:25] [info] ➡️ GET / 요청 from ::1
[2025-08-05 13:35:25] [info] ➡️ GET /api/exchange-rate 요청 from ::1
[2025-08-05 13:35:25] [info] ➡️ GET /api/users/notices?limit=3&lang=ko 요청 from ::1
[2025-08-05 13:35:26] [info] ➡️ GET /api/exchange-rate 요청 from ::1
[2025-08-05 13:35:26] [info] ➡️ GET /api/exchange-rate 요청 from ::1
[2025-08-05 13:35:27] [info] ➡️ GET /api/exchange-rate 요청 from ::1
[2025-08-05 13:35:34] [info] ➡️ POST /api/users/login 요청 from ::1
[2025-08-05 13:35:35] [info] ➡️ GET /api/admin/summary 요청 from ::1
[2025-08-05 13:35:39] [info] ➡️ GET /api/admin/wallet/transfer 요청 from ::1
[2025-08-05 15:23:47] [info] 🚀 서버 실행 중: http://localhost:3000
[2025-08-05 16:06:00] [info] 🚀 서버 실행 중: http://localhost:3000
[2025-08-05 16:08:13] [info] ➡️ GET / 요청 from ::1
[2025-08-05 16:08:14] [info] ➡️ GET /api/users/notices?limit=3&lang=ko 요청 from ::1
[2025-08-05 16:08:14] [info] ➡️ GET /api/exchange-rate 요청 from ::1
[2025-08-05 16:08:16] [info] ➡️ GET /api/exchange-rate 요청 from ::1
[2025-08-05 16:08:16] [info] ➡️ GET /api/exchange-rate 요청 from ::1
[2025-08-05 16:08:19] [info] ➡️ POST /api/users/login 요청 from ::1
[2025-08-05 16:08:19] [info] ➡️ GET /api/exchange-rate 요청 from ::1
[2025-08-05 16:08:19] [info] ➡️ GET /api/users/info 요청 from ::1
[2025-08-05 16:08:19] [info] ➡️ GET /api/users/notices?limit=3&lang=ko 요청 from ::1
[2025-08-05 16:08:19] [info] ➡️ GET /api/exchange-rate 요청 from ::1
[2025-08-05 16:08:23] [info] ➡️ GET /api/exchange-rate 요청 from ::1
[2025-08-05 16:08:23] [info] ➡️ GET /api/users/info 요청 from ::1
[2025-08-05 16:08:26] [info] ➡️ GET /api/users/me/transactions?status=pending 요청 from ::1
[2025-08-05 16:08:26] [info] ➡️ GET /api/platforms?lang=ko 요청 from ::1
[2025-08-05 16:08:26] [info] ➡️ GET /api/exchange-rate 요청 from ::1
[2025-08-05 16:08:26] [info] ➡️ GET /api/users/info 요청 from ::1
[2025-08-05 16:08:26] [info] ➡️ GET /api/platforms?lang=ko 요청 from ::1
[2025-08-05 16:08:26] [info] ➡️ GET /api/users/me 요청 from ::1
[2025-08-05 16:08:26] [info] ➡️ GET /api/users/me 요청 from ::1
[2025-08-05 16:08:26] [info] ➡️ GET /api/users/me/transactions?type=charge&lang=ko 요청 from ::1
[2025-08-05 16:08:26] [info] ➡️ GET /api/users/me/transactions?type=charge&lang=ko 요청 from ::1
[2025-08-05 16:08:49] [info] ➡️ GET /trade/recharge 요청 from ::1
[2025-08-05 16:08:50] [info] ➡️ GET /api/platforms?lang=ko 요청 from ::1
[2025-08-05 16:08:50] [info] ➡️ GET /api/exchange-rate 요청 from ::1
[2025-08-05 16:08:50] [info] ➡️ GET /api/users/info 요청 from ::1
[2025-08-05 16:08:50] [info] ➡️ GET /api/platforms?lang=ko 요청 from ::1
[2025-08-05 16:08:50] [info] ➡️ GET /api/users/me/transactions?status=pending 요청 from ::1
[2025-08-05 16:08:50] [info] ➡️ GET /api/users/me 요청 from ::1
[2025-08-05 16:08:50] [info] ➡️ GET /api/users/me 요청 from ::1
[2025-08-05 16:08:50] [info] ➡️ GET /api/users/me/transactions?type=charge&lang=ko 요청 from ::1
[2025-08-05 16:08:50] [info] ➡️ GET /api/users/me/transactions?type=charge&lang=ko 요청 from ::1
[2025-08-05 16:08:57] [info] ➡️ GET /.well-known/appspecific/com.chrome.devtools.json 요청 from ::1
[2025-08-05 16:09:40] [info] ➡️ GET /trade/recharge 요청 from ::1
[2025-08-05 16:09:40] [info] ➡️ GET /.well-known/appspecific/com.chrome.devtools.json 요청 from ::1
[2025-08-05 16:09:40] [info] ➡️ GET /api/platforms?lang=ko 요청 from ::1
[2025-08-05 16:09:40] [info] ➡️ GET /api/exchange-rate 요청 from ::1
[2025-08-05 16:09:40] [info] ➡️ GET /api/platforms?lang=ko 요청 from ::1
[2025-08-05 16:09:40] [info] ➡️ GET /api/users/info 요청 from ::1
[2025-08-05 16:09:40] [info] ➡️ GET /api/users/me/transactions?status=pending 요청 from ::1
[2025-08-05 16:09:40] [info] ➡️ GET /api/users/me 요청 from ::1
[2025-08-05 16:09:40] [info] ➡️ GET /api/users/me 요청 from ::1
[2025-08-05 16:09:40] [info] ➡️ GET /api/users/me/transactions?type=charge&lang=ko 요청 from ::1
[2025-08-05 16:09:40] [info] ➡️ GET /api/users/me/transactions?type=charge&lang=ko 요청 from ::1
[2025-08-05 16:09:49] [info] ➡️ GET /trade/recharge 요청 from ::1
[2025-08-05 16:09:49] [info] ➡️ GET /.well-known/appspecific/com.chrome.devtools.json 요청 from ::1
[2025-08-05 16:09:49] [info] ➡️ GET /api/platforms?lang=ko 요청 from ::1
[2025-08-05 16:09:49] [info] ➡️ GET /api/exchange-rate 요청 from ::1
[2025-08-05 16:09:49] [info] ➡️ GET /api/platforms?lang=ko 요청 from ::1
[2025-08-05 16:09:49] [info] ➡️ GET /api/users/info 요청 from ::1
[2025-08-05 16:09:49] [info] ➡️ GET /api/users/me/transactions?status=pending 요청 from ::1
[2025-08-05 16:09:49] [info] ➡️ GET /api/users/me 요청 from ::1
[2025-08-05 16:09:49] [info] ➡️ GET /api/users/me 요청 from ::1
[2025-08-05 16:09:49] [info] ➡️ GET /api/users/me/transactions?type=charge&lang=ko 요청 from ::1
[2025-08-05 16:09:49] [info] ➡️ GET /api/users/me/transactions?type=charge&lang=ko 요청 from ::1
[2025-08-05 16:12:22] [info] ➡️ GET /trade/recharge 요청 from ::1
[2025-08-05 16:12:22] [info] ➡️ GET /.well-known/appspecific/com.chrome.devtools.json 요청 from ::1
[2025-08-05 16:12:23] [info] ➡️ GET /api/platforms?lang=ko 요청 from ::1
[2025-08-05 16:12:23] [info] ➡️ GET /api/exchange-rate 요청 from ::1
[2025-08-05 16:12:23] [info] ➡️ GET /api/platforms?lang=ko 요청 from ::1
[2025-08-05 16:12:23] [info] ➡️ GET /api/users/info 요청 from ::1
[2025-08-05 16:12:23] [info] ➡️ GET /api/users/me/transactions?status=pending 요청 from ::1
[2025-08-05 16:12:23] [info] ➡️ GET /api/users/me 요청 from ::1
[2025-08-05 16:12:23] [info] ➡️ GET /api/users/me 요청 from ::1
[2025-08-05 16:12:23] [info] ➡️ GET /api/users/me/transactions?type=charge&lang=ko 요청 from ::1
[2025-08-05 16:12:23] [info] ➡️ GET /api/users/me/transactions?type=charge&lang=ko 요청 from ::1
[2025-08-05 16:12:25] [info] ➡️ GET /trade/recharge 요청 from ::1
[2025-08-05 16:12:25] [info] ➡️ GET /.well-known/appspecific/com.chrome.devtools.json 요청 from ::1
[2025-08-05 16:12:25] [info] ➡️ GET /api/platforms?lang=ko 요청 from ::1
[2025-08-05 16:12:25] [info] ➡️ GET /api/exchange-rate 요청 from ::1
[2025-08-05 16:12:25] [info] ➡️ GET /api/users/info 요청 from ::1
[2025-08-05 16:12:25] [info] ➡️ GET /api/users/me/transactions?status=pending 요청 from ::1
[2025-08-05 16:12:25] [info] ➡️ GET /api/platforms?lang=ko 요청 from ::1
[2025-08-05 16:12:25] [info] ➡️ GET /api/users/me 요청 from ::1
[2025-08-05 16:12:25] [info] ➡️ GET /api/users/me 요청 from ::1
[2025-08-05 16:12:25] [info] ➡️ GET /api/users/me/transactions?type=charge&lang=ko 요청 from ::1
[2025-08-05 16:12:25] [info] ➡️ GET /api/users/me/transactions?type=charge&lang=ko 요청 from ::1
[2025-08-05 16:12:34] [info] ➡️ GET /api/exchange-rate 요청 from ::1
[2025-08-05 16:12:34] [info] ➡️ GET /api/users/info 요청 from ::1
[2025-08-05 16:12:34] [info] ➡️ GET /api/exchange-rate 요청 from ::1
[2025-08-05 16:12:34] [info] ➡️ GET /api/users/notices?limit=3&lang=ko 요청 from ::1
[2025-08-05 16:12:38] [info] ➡️ GET /api/platforms?lang=ko 요청 from ::1
[2025-08-05 16:12:38] [info] ➡️ GET /api/exchange-rate 요청 from ::1
[2025-08-05 16:12:38] [info] ➡️ GET /api/platforms?lang=ko 요청 from ::1
[2025-08-05 16:12:38] [info] ➡️ GET /api/users/info 요청 from ::1
[2025-08-05 16:12:38] [info] ➡️ GET /api/users/me/transactions?status=pending 요청 from ::1
[2025-08-05 16:12:38] [info] ➡️ GET /api/users/me 요청 from ::1
[2025-08-05 16:12:38] [info] ➡️ GET /api/users/me 요청 from ::1
[2025-08-05 16:12:38] [info] ➡️ GET /api/users/me/transactions?type=charge&lang=ko 요청 from ::1
[2025-08-05 16:12:38] [info] ➡️ GET /api/users/me/transactions?type=charge&lang=ko 요청 from ::1
[2025-08-05 16:14:51] [info] ➡️ GET /trade/recharge 요청 from ::1
[2025-08-05 16:14:51] [info] ➡️ GET /.well-known/appspecific/com.chrome.devtools.json 요청 from ::1
[2025-08-05 16:14:53] [info] ➡️ GET /api/platforms?lang=ko 요청 from ::1
[2025-08-05 16:14:53] [info] ➡️ GET /api/exchange-rate 요청 from ::1
[2025-08-05 16:14:53] [info] ➡️ GET /api/platforms?lang=ko 요청 from ::1
[2025-08-05 16:14:53] [info] ➡️ GET /api/users/info 요청 from ::1
[2025-08-05 16:14:53] [info] ➡️ GET /api/users/me/transactions?status=pending 요청 from ::1
[2025-08-05 16:14:53] [info] ➡️ GET /api/users/me 요청 from ::1
[2025-08-05 16:14:53] [info] ➡️ GET /api/users/me 요청 from ::1
[2025-08-05 16:14:53] [info] ➡️ GET /api/users/me/transactions?type=charge&lang=ko 요청 from ::1
[2025-08-05 16:14:53] [info] ➡️ GET /api/users/me/transactions?type=charge&lang=ko 요청 from ::1
[2025-08-05 16:14:53] [info] ➡️ GET /trade/recharge 요청 from ::1
[2025-08-05 16:14:53] [info] ➡️ GET /.well-known/appspecific/com.chrome.devtools.json 요청 from ::1
[2025-08-05 16:14:53] [info] ➡️ GET /api/platforms?lang=ko 요청 from ::1
[2025-08-05 16:14:53] [info] ➡️ GET /api/exchange-rate 요청 from ::1
[2025-08-05 16:14:53] [info] ➡️ GET /api/users/info 요청 from ::1
[2025-08-05 16:14:53] [info] ➡️ GET /api/platforms?lang=ko 요청 from ::1
[2025-08-05 16:14:53] [info] ➡️ GET /api/users/me/transactions?status=pending 요청 from ::1
[2025-08-05 16:14:53] [info] ➡️ GET /api/users/me 요청 from ::1
[2025-08-05 16:14:53] [info] ➡️ GET /api/users/me 요청 from ::1
[2025-08-05 16:14:54] [info] ➡️ GET /api/users/me/transactions?type=charge&lang=ko 요청 from ::1
[2025-08-05 16:14:54] [info] ➡️ GET /api/users/me/transactions?type=charge&lang=ko 요청 from ::1
[2025-08-05 16:16:17] [info] ➡️ GET /trade/recharge 요청 from ::1
[2025-08-05 16:16:17] [info] ➡️ GET /.well-known/appspecific/com.chrome.devtools.json 요청 from ::1
[2025-08-05 16:16:18] [info] ➡️ GET /api/platforms?lang=ko 요청 from ::1
[2025-08-05 16:16:18] [info] ➡️ GET /api/exchange-rate 요청 from ::1
[2025-08-05 16:16:18] [info] ➡️ GET /api/users/info 요청 from ::1
[2025-08-05 16:16:18] [info] ➡️ GET /api/users/me/transactions?status=pending 요청 from ::1
[2025-08-05 16:16:18] [info] ➡️ GET /api/platforms?lang=ko 요청 from ::1
[2025-08-05 16:16:18] [info] ➡️ GET /api/users/me 요청 from ::1
[2025-08-05 16:16:18] [info] ➡️ GET /api/users/me 요청 from ::1
[2025-08-05 16:16:18] [info] ➡️ GET /api/users/me/transactions?type=charge&lang=ko 요청 from ::1
[2025-08-05 16:16:18] [info] ➡️ GET /api/users/me/transactions?type=charge&lang=ko 요청 from ::1
[2025-08-05 16:17:23] [info] ➡️ GET /trade/recharge 요청 from ::1
[2025-08-05 16:17:23] [info] ➡️ GET /.well-known/appspecific/com.chrome.devtools.json 요청 from ::1
[2025-08-05 16:17:24] [info] ➡️ GET /api/platforms?lang=ko 요청 from ::1
[2025-08-05 16:17:24] [info] ➡️ GET /api/exchange-rate 요청 from ::1
[2025-08-05 16:17:24] [info] ➡️ GET /api/platforms?lang=ko 요청 from ::1
[2025-08-05 16:17:24] [info] ➡️ GET /api/users/info 요청 from ::1
[2025-08-05 16:17:24] [info] ➡️ GET /api/users/me/transactions?status=pending 요청 from ::1
[2025-08-05 16:17:24] [info] ➡️ GET /api/users/me 요청 from ::1
[2025-08-05 16:17:24] [info] ➡️ GET /api/users/me 요청 from ::1
[2025-08-05 16:17:24] [info] ➡️ GET /api/users/me/transactions?type=charge&lang=ko 요청 from ::1
[2025-08-05 16:17:24] [info] ➡️ GET /api/users/me/transactions?type=charge&lang=ko 요청 from ::1
[2025-08-05 16:17:25] [info] ➡️ GET /trade/recharge 요청 from ::1
[2025-08-05 16:17:25] [info] ➡️ GET /.well-known/appspecific/com.chrome.devtools.json 요청 from ::1
[2025-08-05 16:17:25] [info] ➡️ GET /api/platforms?lang=ko 요청 from ::1
[2025-08-05 16:17:25] [info] ➡️ GET /api/exchange-rate 요청 from ::1
[2025-08-05 16:17:25] [info] ➡️ GET /api/users/info 요청 from ::1
[2025-08-05 16:17:25] [info] ➡️ GET /api/users/me/transactions?status=pending 요청 from ::1
[2025-08-05 16:17:25] [info] ➡️ GET /api/platforms?lang=ko 요청 from ::1
[2025-08-05 16:17:25] [info] ➡️ GET /api/users/me 요청 from ::1
[2025-08-05 16:17:25] [info] ➡️ GET /api/users/me 요청 from ::1
[2025-08-05 16:17:25] [info] ➡️ GET /api/users/me/transactions?type=charge&lang=ko 요청 from ::1
[2025-08-05 16:17:25] [info] ➡️ GET /api/users/me/transactions?type=charge&lang=ko 요청 from ::1
[2025-08-05 16:17:27] [info] ➡️ GET /trade/recharge 요청 from ::1
[2025-08-05 16:17:27] [info] ➡️ GET /.well-known/appspecific/com.chrome.devtools.json 요청 from ::1
[2025-08-05 16:17:28] [info] ➡️ GET /api/platforms?lang=ko 요청 from ::1
[2025-08-05 16:17:28] [info] ➡️ GET /api/exchange-rate 요청 from ::1
[2025-08-05 16:17:28] [info] ➡️ GET /api/platforms?lang=ko 요청 from ::1
[2025-08-05 16:17:28] [info] ➡️ GET /api/users/info 요청 from ::1
[2025-08-05 16:17:28] [info] ➡️ GET /api/users/me/transactions?status=pending 요청 from ::1
[2025-08-05 16:17:28] [info] ➡️ GET /api/users/me 요청 from ::1
[2025-08-05 16:17:28] [info] ➡️ GET /api/users/me 요청 from ::1
[2025-08-05 16:17:28] [info] ➡️ GET /api/users/me/transactions?type=charge&lang=ko 요청 from ::1
[2025-08-05 16:17:28] [info] ➡️ GET /api/users/me/transactions?type=charge&lang=ko 요청 from ::1
[2025-08-05 16:17:31] [info] ➡️ GET /api/exchange-rate 요청 from ::1
[2025-08-05 16:17:31] [info] ➡️ GET /api/users/info 요청 from ::1
[2025-08-05 16:17:31] [info] ➡️ GET /api/users/notices?limit=3&lang=ko 요청 from ::1
[2025-08-05 16:17:31] [info] ➡️ GET /api/exchange-rate 요청 from ::1
[2025-08-05 16:17:37] [info] ➡️ GET / 요청 from ::1
[2025-08-05 16:17:37] [info] ➡️ GET /.well-known/appspecific/com.chrome.devtools.json 요청 from ::1
[2025-08-05 16:17:37] [info] ➡️ GET /api/exchange-rate 요청 from ::1
[2025-08-05 16:17:37] [info] ➡️ GET /api/exchange-rate 요청 from ::1
[2025-08-05 16:17:37] [info] ➡️ GET /api/users/info 요청 from ::1
[2025-08-05 16:17:37] [info] ➡️ GET /api/users/notices?limit=3&lang=ko 요청 from ::1
[2025-08-05 16:17:40] [info] ➡️ GET /api/platforms?lang=ko 요청 from ::1
[2025-08-05 16:17:40] [info] ➡️ GET /api/exchange-rate 요청 from ::1
[2025-08-05 16:17:40] [info] ➡️ GET /api/users/info 요청 from ::1
[2025-08-05 16:17:40] [info] ➡️ GET /api/users/me/transactions?status=pending 요청 from ::1
[2025-08-05 16:17:40] [info] ➡️ GET /api/platforms?lang=ko 요청 from ::1
[2025-08-05 16:17:40] [info] ➡️ GET /api/users/me 요청 from ::1
[2025-08-05 16:17:40] [info] ➡️ GET /api/users/me 요청 from ::1
[2025-08-05 16:17:40] [info] ➡️ GET /api/users/me/transactions?type=charge&lang=ko 요청 from ::1
[2025-08-05 16:17:40] [info] ➡️ GET /api/users/me/transactions?type=charge&lang=ko 요청 from ::1
[2025-08-05 16:27:45] [info] ➡️ GET /trade/recharge 요청 from ::1
[2025-08-05 16:27:45] [info] ➡️ GET /.well-known/appspecific/com.chrome.devtools.json 요청 from ::1
[2025-08-05 16:27:46] [info] ➡️ GET /api/platforms?lang=ko 요청 from ::1
[2025-08-05 16:27:46] [info] ➡️ GET /api/exchange-rate 요청 from ::1
[2025-08-05 16:27:46] [info] ➡️ GET /api/platforms?lang=ko 요청 from ::1
[2025-08-05 16:27:46] [info] ➡️ GET /api/users/me/transactions?status=pending 요청 from ::1
[2025-08-05 16:27:46] [info] ➡️ GET /api/users/info 요청 from ::1
[2025-08-05 16:27:46] [info] ➡️ GET /api/users/me 요청 from ::1
[2025-08-05 16:27:46] [info] ➡️ GET /api/users/me 요청 from ::1
[2025-08-05 16:27:46] [info] ➡️ GET /api/users/me/transactions?type=charge&lang=ko 요청 from ::1
[2025-08-05 16:27:46] [info] ➡️ GET /api/users/me/transactions?type=charge&lang=ko 요청 from ::1
[2025-08-05 16:28:58] [info] ➡️ GET /api/exchange-rate 요청 from ::1
[2025-08-05 16:28:58] [info] ➡️ GET /api/users/info 요청 from ::1
[2025-08-05 16:28:58] [info] ➡️ GET /api/platforms?lang=ko 요청 from ::1
[2025-08-05 16:28:58] [info] ➡️ GET /api/transactions/wallet/transfer/history 요청 from ::1
[2025-08-05 16:30:37] [info] ➡️ GET /wallet/transfer/history 요청 from ::1
[2025-08-05 16:30:37] [info] ➡️ GET /.well-known/appspecific/com.chrome.devtools.json 요청 from ::1
[2025-08-05 16:30:38] [info] ➡️ GET /api/exchange-rate 요청 from ::1
[2025-08-05 16:30:38] [info] ➡️ GET /api/users/info 요청 from ::1
[2025-08-05 16:30:38] [info] ➡️ GET /api/platforms?lang=ko 요청 from ::1
[2025-08-05 16:30:38] [info] ➡️ GET /api/transactions/wallet/transfer/history 요청 from ::1
[2025-08-05 16:30:42] [info] ➡️ GET /api/platforms?lang=ko 요청 from ::1
[2025-08-05 16:30:42] [info] ➡️ GET /api/platforms?lang=ko 요청 from ::1
[2025-08-05 16:30:42] [info] ➡️ GET /api/exchange-rate 요청 from ::1
[2025-08-05 16:30:42] [info] ➡️ GET /api/users/info 요청 from ::1
[2025-08-05 16:30:42] [info] ➡️ GET /api/users/me/transactions?status=pending 요청 from ::1
[2025-08-05 16:30:42] [info] ➡️ GET /api/users/me 요청 from ::1
[2025-08-05 16:30:42] [info] ➡️ GET /api/users/me 요청 from ::1
[2025-08-05 16:30:42] [info] ➡️ GET /api/users/me/transactions?type=charge&lang=ko 요청 from ::1
[2025-08-05 16:30:42] [info] ➡️ GET /api/users/me/transactions?type=charge&lang=ko 요청 from ::1
[2025-08-05 16:34:42] [info] ➡️ GET /trade/recharge 요청 from ::1
[2025-08-05 16:34:42] [info] ➡️ GET /.well-known/appspecific/com.chrome.devtools.json 요청 from ::1
[2025-08-05 16:34:42] [info] ➡️ GET /api/platforms?lang=ko 요청 from ::1
[2025-08-05 16:34:42] [info] ➡️ GET /api/exchange-rate 요청 from ::1
[2025-08-05 16:34:42] [info] ➡️ GET /api/users/me/transactions?status=pending 요청 from ::1
[2025-08-05 16:34:42] [info] ➡️ GET /api/users/info 요청 from ::1
[2025-08-05 16:34:42] [info] ➡️ GET /api/platforms?lang=ko 요청 from ::1
[2025-08-05 16:34:42] [info] ➡️ GET /api/users/me 요청 from ::1
[2025-08-05 16:34:42] [info] ➡️ GET /api/users/me 요청 from ::1
[2025-08-05 16:34:42] [info] ➡️ GET /api/users/me/transactions?type=charge&lang=ko 요청 from ::1
[2025-08-05 16:34:42] [info] ➡️ GET /api/users/me/transactions?type=charge&lang=ko 요청 from ::1
[2025-08-05 16:35:17] [info] ➡️ GET /trade/recharge 요청 from ::1
[2025-08-05 16:35:17] [info] ➡️ GET /.well-known/appspecific/com.chrome.devtools.json 요청 from ::1
[2025-08-05 16:35:17] [info] ➡️ GET /api/platforms?lang=ko 요청 from ::1
[2025-08-05 16:35:17] [info] ➡️ GET /api/exchange-rate 요청 from ::1
[2025-08-05 16:35:17] [info] ➡️ GET /api/users/info 요청 from ::1
[2025-08-05 16:35:17] [info] ➡️ GET /api/users/me/transactions?status=pending 요청 from ::1
[2025-08-05 16:35:17] [info] ➡️ GET /api/platforms?lang=ko 요청 from ::1
[2025-08-05 16:35:17] [info] ➡️ GET /api/users/me 요청 from ::1
[2025-08-05 16:35:17] [info] ➡️ GET /api/users/me 요청 from ::1
[2025-08-05 16:35:18] [info] ➡️ GET /api/users/me/transactions?type=charge&lang=ko 요청 from ::1
[2025-08-05 16:35:18] [info] ➡️ GET /api/users/me/transactions?type=charge&lang=ko 요청 from ::1
[2025-08-18 23:05:41] [info] 🚀 서버 실행 중: http://localhost:3000
[2025-08-18 23:08:52] [info] ➡️ GET / 요청 from ::1
[2025-08-18 23:08:53] [info] ➡️ GET /api/users/notices?limit=3&lang=ko 요청 from ::1
[2025-08-18 23:08:53] [info] ➡️ GET /api/exchange-rate 요청 from ::1
[2025-08-18 23:08:53] [info] ➡️ GET /api/users/info 요청 from ::1
[2025-08-18 23:08:54] [info] ➡️ GET /api/exchange-rate 요청 from ::1
[2025-08-18 23:09:37] [info] ➡️ GET /?preview=true 요청 from ::1
[2025-08-18 23:09:37] [info] ➡️ GET /api/exchange-rate 요청 from ::1
[2025-08-18 23:09:37] [info] ➡️ GET /api/users/info 요청 from ::1
[2025-08-18 23:09:37] [info] ➡️ GET /api/users/notices?limit=3&lang=ko 요청 from ::1
[2025-08-18 23:09:38] [info] ➡️ GET /api/exchange-rate 요청 from ::1
[2025-08-18 23:11:02] [info] ➡️ GET / 요청 from ::1
[2025-08-18 23:11:02] [info] ➡️ GET /api/exchange-rate 요청 from ::1
[2025-08-18 23:11:02] [info] ➡️ GET /api/users/notices?limit=3&lang=ko 요청 from ::1
[2025-08-18 23:11:03] [info] ➡️ GET /api/exchange-rate 요청 from ::1
[2025-08-18 23:11:03] [info] ➡️ GET /api/exchange-rate 요청 from ::1
[2025-08-18 23:11:11] [info] ➡️ POST /api/users/login 요청 from ::1
[2025-08-18 23:11:11] [info] ➡️ GET /api/users/info 요청 from ::1
[2025-08-18 23:11:11] [info] ➡️ GET /api/exchange-rate 요청 from ::1
[2025-08-18 23:11:11] [info] ➡️ GET /api/users/notices?limit=3&lang=ko 요청 from ::1
[2025-08-18 23:11:12] [info] ➡️ GET /api/exchange-rate 요청 from ::1
[2025-08-18 23:11:24] [info] ➡️ GET /api/exchange-rate 요청 from ::1
[2025-08-18 23:11:24] [info] ➡️ GET /api/users/info 요청 from ::1
[2025-08-18 23:11:28] [info] ➡️ GET /api/platforms?lang=en 요청 from ::1
[2025-08-18 23:11:28] [info] ➡️ GET /api/exchange-rate 요청 from ::1
[2025-08-18 23:11:28] [info] ➡️ GET /api/users/me/transactions?status=pending 요청 from ::1
[2025-08-18 23:11:28] [info] ➡️ GET /api/users/info 요청 from ::1
[2025-08-18 23:11:28] [info] ➡️ GET /api/platforms?lang=en 요청 from ::1
[2025-08-18 23:11:28] [info] ➡️ GET /api/users/me 요청 from ::1
[2025-08-18 23:11:28] [info] ➡️ GET /api/users/me 요청 from ::1
[2025-08-18 23:11:28] [info] ➡️ GET /api/users/me/transactions?type=charge&lang=en 요청 from ::1
[2025-08-18 23:11:28] [info] ➡️ GET /api/users/me/transactions?type=charge&lang=en 요청 from ::1
[2025-08-18 23:15:10] [info] ➡️ GET /trade/recharge 요청 from ::1
[2025-08-18 23:15:12] [info] ➡️ GET /api/platforms?lang=en 요청 from ::1
[2025-08-18 23:15:12] [info] ➡️ GET /api/exchange-rate 요청 from ::1
[2025-08-18 23:15:12] [info] ➡️ GET /api/users/info 요청 from ::1
[2025-08-18 23:15:12] [info] ➡️ GET /api/users/me/transactions?status=pending 요청 from ::1
[2025-08-18 23:15:12] [info] ➡️ GET /api/platforms?lang=en 요청 from ::1
[2025-08-18 23:15:12] [info] ➡️ GET /api/users/me 요청 from ::1
[2025-08-18 23:15:12] [info] ➡️ GET /api/users/me 요청 from ::1
[2025-08-18 23:15:12] [info] ➡️ GET /api/users/me/transactions?type=charge&lang=en 요청 from ::1
[2025-08-18 23:15:12] [info] ➡️ GET /api/users/me/transactions?type=charge&lang=en 요청 from ::1
[2025-08-18 23:16:13] [info] ➡️ GET /api/users/me 요청 from ::1
[2025-08-18 23:16:13] [info] ➡️ GET /api/users/me/transactions?type=charge&lang=en 요청 from ::1
[2025-08-18 23:16:14] [info] ➡️ GET /api/platforms?lang=en 요청 from ::1
[2025-08-18 23:16:14] [info] ➡️ GET /api/users/me 요청 from ::1
[2025-08-18 23:16:14] [info] ➡️ GET /api/users/me/transactions?type=charge&lang=en 요청 from ::1
[2025-08-18 23:16:15] [info] ➡️ GET /api/users/me 요청 from ::1
[2025-08-18 23:16:15] [info] ➡️ GET /api/users/me/transactions?type=charge&lang=en 요청 from ::1
[2025-08-18 23:16:17] [info] ➡️ GET /api/platforms?lang=en 요청 from ::1
[2025-08-18 23:16:17] [info] ➡️ GET /api/users/me 요청 from ::1
[2025-08-18 23:16:17] [info] ➡️ GET /api/users/me/transactions?type=charge&lang=en 요청 from ::1
[2025-08-18 23:16:17] [info] ➡️ GET /api/users/me 요청 from ::1
[2025-08-18 23:16:17] [info] ➡️ GET /api/users/me/transactions?type=charge&lang=en 요청 from ::1
[2025-08-18 23:16:18] [info] ➡️ GET /api/platforms?lang=en 요청 from ::1
[2025-08-18 23:16:18] [info] ➡️ GET /api/users/me 요청 from ::1
[2025-08-18 23:16:18] [info] ➡️ GET /api/users/me/transactions?type=charge&lang=en 요청 from ::1
[2025-08-18 23:16:18] [info] ➡️ GET /api/users/me 요청 from ::1
[2025-08-18 23:16:18] [info] ➡️ GET /api/users/me/transactions?type=charge&lang=en 요청 from ::1
[2025-08-18 23:16:18] [info] ➡️ GET /api/platforms?lang=en 요청 from ::1
[2025-08-18 23:16:18] [info] ➡️ GET /api/users/me 요청 from ::1
[2025-08-18 23:16:18] [info] ➡️ GET /api/users/me/transactions?type=charge&lang=en 요청 from ::1
[2025-08-18 23:16:19] [info] ➡️ GET /api/users/me 요청 from ::1
[2025-08-18 23:16:19] [info] ➡️ GET /api/users/me/transactions?type=charge&lang=en 요청 from ::1
[2025-08-18 23:16:19] [info] ➡️ GET /api/platforms?lang=en 요청 from ::1
[2025-08-18 23:16:19] [info] ➡️ GET /api/users/me 요청 from ::1
[2025-08-18 23:16:19] [info] ➡️ GET /api/users/me/transactions?type=charge&lang=en 요청 from ::1
[2025-08-18 23:16:20] [info] ➡️ GET /api/users/me 요청 from ::1
[2025-08-18 23:16:20] [info] ➡️ GET /api/users/me/transactions?type=charge&lang=en 요청 from ::1
[2025-08-18 23:20:21] [info] ➡️ GET /trade/recharge 요청 from ::1
[2025-08-18 23:20:22] [info] ➡️ GET /api/platforms?lang=en 요청 from ::1
[2025-08-18 23:20:22] [info] ➡️ GET /api/exchange-rate 요청 from ::1
[2025-08-18 23:20:22] [info] ➡️ GET /api/users/info 요청 from ::1
[2025-08-18 23:20:22] [info] ➡️ GET /api/users/me/transactions?status=pending 요청 from ::1
[2025-08-18 23:20:22] [info] ➡️ GET /api/platforms?lang=en 요청 from ::1
[2025-08-18 23:20:22] [info] ➡️ GET /api/users/me 요청 from ::1
[2025-08-18 23:20:22] [info] ➡️ GET /api/users/me 요청 from ::1
[2025-08-18 23:20:22] [info] ➡️ GET /api/users/me/transactions?type=charge&lang=en 요청 from ::1
[2025-08-18 23:20:22] [info] ➡️ GET /api/users/me/transactions?type=charge&lang=en 요청 from ::1
[2025-08-18 23:20:30] [info] ➡️ GET /wallet/history 요청 from ::1
[2025-08-18 23:20:30] [info] ➡️ GET /api/exchange-rate 요청 from ::1
[2025-08-18 23:20:30] [info] ➡️ GET /api/users/info 요청 from ::1
[2025-08-18 23:20:30] [info] ➡️ GET /api/users/me/wallet-history 요청 from ::1
[2025-08-18 23:20:30] [info] ➡️ GET /api/users/me 요청 from ::1
[2025-08-18 23:21:12] [info] ➡️ GET /trade/recharge 요청 from ::1
[2025-08-18 23:21:12] [info] ➡️ GET /api/platforms?lang=en 요청 from ::1
[2025-08-18 23:21:12] [info] ➡️ GET /api/exchange-rate 요청 from ::1
[2025-08-18 23:21:12] [info] ➡️ GET /api/users/me/transactions?status=pending 요청 from ::1
[2025-08-18 23:21:12] [info] ➡️ GET /api/users/info 요청 from ::1
[2025-08-18 23:21:12] [info] ➡️ GET /api/platforms?lang=en 요청 from ::1
[2025-08-18 23:21:12] [info] ➡️ GET /api/users/me 요청 from ::1
[2025-08-18 23:21:12] [info] ➡️ GET /api/users/me 요청 from ::1
[2025-08-18 23:21:12] [info] ➡️ GET /api/users/me/transactions?type=charge&lang=en 요청 from ::1
[2025-08-18 23:21:12] [info] ➡️ GET /api/users/me/transactions?type=charge&lang=en 요청 from ::1
[2025-08-18 23:22:13] [info] ➡️ GET /api/users/me 요청 from ::1
[2025-08-18 23:22:13] [info] ➡️ GET /api/users/me/transactions?type=charge&lang=en 요청 from ::1
[2025-08-18 23:22:14] [info] ➡️ GET /api/platforms?lang=en 요청 from ::1
[2025-08-18 23:22:14] [info] ➡️ GET /api/users/me 요청 from ::1
[2025-08-18 23:22:14] [info] ➡️ GET /api/users/me/transactions?type=charge&lang=en 요청 from ::1
[2025-08-18 23:24:39] [info] ➡️ GET /trade/recharge 요청 from ::1
[2025-08-18 23:24:40] [info] ➡️ GET /api/platforms?lang=en 요청 from ::1
[2025-08-18 23:24:40] [info] ➡️ GET /api/exchange-rate 요청 from ::1
[2025-08-18 23:24:40] [info] ➡️ GET /api/users/info 요청 from ::1
[2025-08-18 23:24:40] [info] ➡️ GET /api/users/me/transactions?status=pending 요청 from ::1
[2025-08-18 23:24:40] [info] ➡️ GET /api/platforms?lang=en 요청 from ::1
[2025-08-18 23:24:40] [info] ➡️ GET /api/users/me 요청 from ::1
[2025-08-18 23:24:40] [info] ➡️ GET /api/users/me 요청 from ::1
[2025-08-18 23:24:40] [info] ➡️ GET /api/users/me/transactions?type=charge&lang=en 요청 from ::1
[2025-08-18 23:24:40] [info] ➡️ GET /api/users/me/transactions?type=charge&lang=en 요청 from ::1
[2025-08-18 23:24:43] [info] ➡️ GET /api/platforms?lang=en 요청 from ::1
[2025-08-18 23:24:43] [info] ➡️ GET /api/exchange-rate 요청 from ::1
[2025-08-18 23:24:43] [info] ➡️ GET /api/users/info 요청 from ::1
[2025-08-18 23:24:43] [info] ➡️ GET /api/platforms?lang=en 요청 from ::1
[2025-08-18 23:24:43] [info] ➡️ GET /api/users/me/transactions 요청 from ::1
[2025-08-18 23:24:43] [info] ➡️ GET /api/users/me/transactions 요청 from ::1
[2025-08-18 23:24:44] [info] ➡️ GET /api/platforms?lang=en 요청 from ::1
[2025-08-18 23:24:44] [info] ➡️ GET /api/exchange-rate 요청 from ::1
[2025-08-18 23:24:44] [info] ➡️ GET /api/users/info 요청 from ::1
[2025-08-18 23:24:44] [info] ➡️ GET /api/users/me/transactions?status=pending 요청 from ::1
[2025-08-18 23:24:44] [info] ➡️ GET /api/platforms?lang=en 요청 from ::1
[2025-08-18 23:24:44] [info] ➡️ GET /api/users/me 요청 from ::1
[2025-08-18 23:24:44] [info] ➡️ GET /api/users/me 요청 from ::1
[2025-08-18 23:24:44] [info] ➡️ GET /api/users/me/transactions?type=charge&lang=en 요청 from ::1
[2025-08-18 23:24:44] [info] ➡️ GET /api/users/me/transactions?type=charge&lang=en 요청 from ::1
[2025-08-18 23:24:47] [info] ➡️ GET /api/users/me 요청 from ::1
[2025-08-18 23:24:47] [info] ➡️ GET /api/exchange-rate 요청 from ::1
[2025-08-18 23:24:47] [info] ➡️ GET /api/users/info 요청 from ::1
[2025-08-18 23:24:47] [info] ➡️ GET /api/users/me 요청 from ::1
[2025-08-18 23:24:47] [info] ➡️ GET /api/platforms?lang=en 요청 from ::1
[2025-08-18 23:24:47] [info] ➡️ GET /api/platforms?lang=en 요청 from ::1
[2025-08-18 23:24:47] [info] ➡️ GET /api/users/me/withdraws 요청 from ::1
[2025-08-18 23:24:47] [info] ➡️ GET /api/users/me/withdraws 요청 from ::1
[2025-08-18 23:24:48] [info] ➡️ GET /api/exchange-rate 요청 from ::1
[2025-08-18 23:24:48] [info] ➡️ GET /api/exchange-rate 요청 from ::1
[2025-08-18 23:24:48] [info] ➡️ GET /api/users/me/withdraws 요청 from ::1
[2025-08-18 23:24:48] [info] ➡️ GET /api/users/me/withdraws 요청 from ::1
[2025-08-18 23:24:51] [info] ➡️ GET /api/exchange-rate 요청 from ::1
[2025-08-18 23:24:51] [info] ➡️ GET /api/users/info 요청 from ::1
[2025-08-18 23:24:54] [info] ➡️ GET /api/users/info 요청 from ::1
[2025-08-18 23:24:54] [info] ➡️ GET /api/users/me 요청 from ::1
[2025-08-18 23:24:54] [info] ➡️ GET /api/exchange-rate 요청 from ::1
[2025-08-18 23:24:54] [info] ➡️ GET /api/users/me 요청 from ::1
[2025-08-18 23:24:54] [info] ➡️ GET /api/platforms?lang=en 요청 from ::1
[2025-08-18 23:24:54] [info] ➡️ GET /api/platforms?lang=en 요청 from ::1
[2025-08-18 23:24:54] [info] ➡️ GET /api/users/me/withdraws 요청 from ::1
[2025-08-18 23:24:54] [info] ➡️ GET /api/users/me/withdraws 요청 from ::1
[2025-08-18 23:24:54] [info] ➡️ GET /api/exchange-rate 요청 from ::1
[2025-08-18 23:24:55] [info] ➡️ GET /api/exchange-rate 요청 from ::1
[2025-08-18 23:24:55] [info] ➡️ GET /api/users/me/withdraws 요청 from ::1
[2025-08-18 23:24:55] [info] ➡️ GET /api/users/me/withdraws 요청 from ::1
[2025-08-18 23:27:09] [info] ➡️ GET /api/platforms?lang=ko 요청 from ::1
[2025-08-18 23:27:09] [info] ➡️ GET /api/exchange-rate 요청 from ::1
[2025-08-18 23:27:09] [info] ➡️ GET /api/users/info 요청 from ::1
[2025-08-18 23:27:09] [info] ➡️ GET /api/users/me/transactions?status=pending 요청 from ::1
[2025-08-18 23:27:09] [info] ➡️ GET /api/platforms?lang=ko 요청 from ::1
[2025-08-18 23:27:09] [info] ➡️ GET /api/users/me 요청 from ::1
[2025-08-18 23:27:09] [info] ➡️ GET /api/users/me 요청 from ::1
[2025-08-18 23:27:09] [info] ➡️ GET /api/users/me/transactions?type=charge&lang=ko 요청 from ::1
[2025-08-18 23:27:09] [info] ➡️ GET /api/users/me/transactions?type=charge&lang=ko 요청 from ::1
[2025-08-18 23:27:22] [info] ➡️ GET /api/users/me 요청 from ::1
[2025-08-18 23:27:22] [info] ➡️ GET /api/exchange-rate 요청 from ::1
[2025-08-18 23:27:22] [info] ➡️ GET /api/users/info 요청 from ::1
[2025-08-18 23:27:22] [info] ➡️ GET /api/users/me 요청 from ::1
[2025-08-18 23:27:22] [info] ➡️ GET /api/platforms?lang=ko 요청 from ::1
[2025-08-18 23:27:22] [info] ➡️ GET /api/platforms?lang=ko 요청 from ::1
[2025-08-18 23:27:22] [info] ➡️ GET /api/users/me/withdraws 요청 from ::1
[2025-08-18 23:27:22] [info] ➡️ GET /api/users/me/withdraws 요청 from ::1
[2025-08-18 23:27:23] [info] ➡️ GET /api/exchange-rate 요청 from ::1
[2025-08-18 23:27:23] [info] ➡️ GET /api/exchange-rate 요청 from ::1
[2025-08-18 23:27:23] [info] ➡️ GET /api/users/me/withdraws 요청 from ::1
[2025-08-18 23:27:23] [info] ➡️ GET /api/users/me/withdraws 요청 from ::1
[2025-08-18 23:28:49] [info] ➡️ GET /trade/withdraw 요청 from ::1
[2025-08-18 23:28:49] [info] ➡️ GET /api/users/me 요청 from ::1
[2025-08-18 23:28:49] [info] ➡️ GET /api/exchange-rate 요청 from ::1
[2025-08-18 23:28:49] [info] ➡️ GET /api/users/info 요청 from ::1
[2025-08-18 23:28:49] [info] ➡️ GET /api/users/me 요청 from ::1
[2025-08-18 23:28:49] [info] ➡️ GET /api/platforms?lang=ko 요청 from ::1
[2025-08-18 23:28:49] [info] ➡️ GET /api/platforms?lang=ko 요청 from ::1
[2025-08-18 23:28:49] [info] ➡️ GET /api/users/me/withdraws 요청 from ::1
[2025-08-18 23:28:49] [info] ➡️ GET /api/users/me/withdraws 요청 from ::1
[2025-08-18 23:28:50] [info] ➡️ GET /api/exchange-rate 요청 from ::1
[2025-08-18 23:28:50] [info] ➡️ GET /api/exchange-rate 요청 from ::1
[2025-08-18 23:28:50] [info] ➡️ GET /api/users/me/withdraws 요청 from ::1
[2025-08-18 23:28:51] [info] ➡️ GET /api/users/me/withdraws 요청 from ::1
[2025-08-18 23:28:52] [info] ➡️ GET /trade/withdraw 요청 from ::1
[2025-08-18 23:28:52] [info] ➡️ GET /api/users/me 요청 from ::1
[2025-08-18 23:28:52] [info] ➡️ GET /api/users/me 요청 from ::1
[2025-08-18 23:28:52] [info] ➡️ GET /api/exchange-rate 요청 from ::1
[2025-08-18 23:28:52] [info] ➡️ GET /api/users/info 요청 from ::1
[2025-08-18 23:28:52] [info] ➡️ GET /api/platforms?lang=ko 요청 from ::1
[2025-08-18 23:28:52] [info] ➡️ GET /api/platforms?lang=ko 요청 from ::1
[2025-08-18 23:28:52] [info] ➡️ GET /api/users/me/withdraws 요청 from ::1
[2025-08-18 23:28:52] [info] ➡️ GET /api/users/me/withdraws 요청 from ::1
[2025-08-18 23:28:53] [info] ➡️ GET /api/exchange-rate 요청 from ::1
[2025-08-18 23:28:53] [info] ➡️ GET /api/exchange-rate 요청 from ::1
[2025-08-18 23:28:53] [info] ➡️ GET /api/users/me/withdraws 요청 from ::1
[2025-08-18 23:28:53] [info] ➡️ GET /api/users/me/withdraws 요청 from ::1
[2025-08-18 23:28:54] [info] ➡️ GET /api/platforms?lang=ko 요청 from ::1
[2025-08-18 23:28:54] [info] ➡️ GET /api/exchange-rate 요청 from ::1
[2025-08-18 23:28:54] [info] ➡️ GET /api/users/info 요청 from ::1
[2025-08-18 23:28:54] [info] ➡️ GET /api/users/me/transactions?status=pending 요청 from ::1
[2025-08-18 23:28:54] [info] ➡️ GET /api/platforms?lang=ko 요청 from ::1
[2025-08-18 23:28:54] [info] ➡️ GET /api/users/me 요청 from ::1
[2025-08-18 23:28:54] [info] ➡️ GET /api/users/me 요청 from ::1
[2025-08-18 23:28:54] [info] ➡️ GET /api/users/me/transactions?type=charge&lang=ko 요청 from ::1
[2025-08-18 23:28:54] [info] ➡️ GET /api/users/me/transactions?type=charge&lang=ko 요청 from ::1
[2025-08-18 23:30:15] [info] ➡️ GET /api/users/me 요청 from ::1
[2025-08-18 23:30:15] [info] ➡️ GET /api/exchange-rate 요청 from ::1
[2025-08-18 23:30:15] [info] ➡️ GET /api/users/info 요청 from ::1
[2025-08-18 23:30:15] [info] ➡️ GET /api/users/me 요청 from ::1
[2025-08-18 23:30:15] [info] ➡️ GET /api/platforms?lang=ko 요청 from ::1
[2025-08-18 23:30:15] [info] ➡️ GET /api/platforms?lang=ko 요청 from ::1
[2025-08-18 23:30:15] [info] ➡️ GET /api/users/me/withdraws 요청 from ::1
[2025-08-18 23:30:15] [info] ➡️ GET /api/users/me/withdraws 요청 from ::1
[2025-08-18 23:30:16] [info] ➡️ GET /api/exchange-rate 요청 from ::1
[2025-08-18 23:30:16] [info] ➡️ GET /api/exchange-rate 요청 from ::1
[2025-08-18 23:30:16] [info] ➡️ GET /api/users/me/withdraws 요청 from ::1
[2025-08-18 23:30:16] [info] ➡️ GET /api/users/me/withdraws 요청 from ::1
[2025-08-18 23:30:17] [info] ➡️ GET /trade/withdraw 요청 from ::1
[2025-08-18 23:30:17] [info] ➡️ GET /api/users/me 요청 from ::1
[2025-08-18 23:30:17] [info] ➡️ GET /api/exchange-rate 요청 from ::1
[2025-08-18 23:30:17] [info] ➡️ GET /api/users/info 요청 from ::1
[2025-08-18 23:30:17] [info] ➡️ GET /api/users/me/transactions?status=pending 요청 from ::1
[2025-08-18 23:30:17] [info] ➡️ GET /api/users/me 요청 from ::1
[2025-08-18 23:30:17] [info] ➡️ GET /api/platforms?lang=ko 요청 from ::1
[2025-08-18 23:30:17] [info] ➡️ GET /api/platforms?lang=ko 요청 from ::1
[2025-08-18 23:30:17] [info] ➡️ GET /api/users/me/withdraws 요청 from ::1
[2025-08-18 23:30:17] [info] ➡️ GET /api/users/me/withdraws 요청 from ::1
[2025-08-18 23:30:17] [info] ➡️ GET /api/exchange-rate 요청 from ::1
[2025-08-18 23:30:18] [info] ➡️ GET /api/exchange-rate 요청 from ::1
[2025-08-18 23:30:18] [info] ➡️ GET /api/users/me/withdraws 요청 from ::1
[2025-08-18 23:30:18] [info] ➡️ GET /api/users/me/withdraws 요청 from ::1
[2025-08-18 23:30:18] [info] ➡️ GET /trade/withdraw 요청 from ::1
[2025-08-18 23:30:18] [info] ➡️ GET /api/users/me 요청 from ::1
[2025-08-18 23:30:18] [info] ➡️ GET /api/exchange-rate 요청 from ::1
[2025-08-18 23:30:18] [info] ➡️ GET /api/users/info 요청 from ::1
[2025-08-18 23:30:18] [info] ➡️ GET /api/users/me/transactions?status=pending 요청 from ::1
[2025-08-18 23:30:18] [info] ➡️ GET /api/users/me 요청 from ::1
[2025-08-18 23:30:18] [info] ➡️ GET /api/platforms?lang=ko 요청 from ::1
[2025-08-18 23:30:18] [info] ➡️ GET /api/platforms?lang=ko 요청 from ::1
[2025-08-18 23:30:18] [info] ➡️ GET /api/users/me/withdraws 요청 from ::1
[2025-08-18 23:30:18] [info] ➡️ GET /api/users/me/withdraws 요청 from ::1
[2025-08-18 23:30:19] [info] ➡️ GET /api/exchange-rate 요청 from ::1
[2025-08-18 23:30:19] [info] ➡️ GET /api/exchange-rate 요청 from ::1
[2025-08-18 23:30:19] [info] ➡️ GET /api/users/me/withdraws 요청 from ::1
[2025-08-18 23:30:19] [info] ➡️ GET /trade/withdraw 요청 from ::1
[2025-08-18 23:30:19] [info] ➡️ GET /api/exchange-rate 요청 from ::1
[2025-08-18 23:30:19] [info] ➡️ GET /api/users/me 요청 from ::1
[2025-08-18 23:30:19] [info] ➡️ GET /api/users/info 요청 from ::1
[2025-08-18 23:30:19] [info] ➡️ GET /api/users/me/transactions?status=pending 요청 from ::1
[2025-08-18 23:30:19] [info] ➡️ GET /api/users/me 요청 from ::1
[2025-08-18 23:30:19] [info] ➡️ GET /api/platforms?lang=ko 요청 from ::1
[2025-08-18 23:30:19] [info] ➡️ GET /api/platforms?lang=ko 요청 from ::1
[2025-08-18 23:30:19] [info] ➡️ GET /api/users/me/withdraws 요청 from ::1
[2025-08-18 23:30:19] [info] ➡️ GET /api/users/me/withdraws 요청 from ::1
[2025-08-18 23:30:19] [info] ➡️ GET /trade/withdraw 요청 from ::1
[2025-08-18 23:30:20] [info] ➡️ GET /api/exchange-rate 요청 from ::1
[2025-08-18 23:30:20] [info] ➡️ GET /api/users/me 요청 from ::1
[2025-08-18 23:30:20] [info] ➡️ GET /api/users/info 요청 from ::1
[2025-08-18 23:30:20] [info] ➡️ GET /api/users/me/transactions?status=pending 요청 from ::1
[2025-08-18 23:30:20] [info] ➡️ GET /api/users/me 요청 from ::1
[2025-08-18 23:30:20] [info] ➡️ GET /api/platforms?lang=ko 요청 from ::1
[2025-08-18 23:30:20] [info] ➡️ GET /api/platforms?lang=ko 요청 from ::1
[2025-08-18 23:30:20] [info] ➡️ GET /api/users/me/withdraws 요청 from ::1
[2025-08-18 23:30:20] [info] ➡️ GET /api/users/me/withdraws 요청 from ::1
[2025-08-18 23:30:20] [info] ➡️ GET /trade/withdraw 요청 from ::1
[2025-08-18 23:30:20] [info] ➡️ GET /api/users/me 요청 from ::1
[2025-08-18 23:30:20] [info] ➡️ GET /api/exchange-rate 요청 from ::1
[2025-08-18 23:30:20] [info] ➡️ GET /api/users/info 요청 from ::1
[2025-08-18 23:30:20] [info] ➡️ GET /api/users/me/transactions?status=pending 요청 from ::1
[2025-08-18 23:30:20] [info] ➡️ GET /api/users/me 요청 from ::1
[2025-08-18 23:30:20] [info] ➡️ GET /api/platforms?lang=ko 요청 from ::1
[2025-08-18 23:30:20] [info] ➡️ GET /api/platforms?lang=ko 요청 from ::1
[2025-08-18 23:30:20] [info] ➡️ GET /api/users/me/withdraws 요청 from ::1
[2025-08-18 23:30:20] [info] ➡️ GET /api/users/me/withdraws 요청 from ::1
[2025-08-18 23:30:20] [info] ➡️ GET /api/exchange-rate 요청 from ::1
[2025-08-18 23:30:20] [info] ➡️ GET /api/exchange-rate 요청 from ::1
[2025-08-18 23:30:20] [info] ➡️ GET /api/users/me/withdraws 요청 from ::1
[2025-08-18 23:30:21] [info] ➡️ GET /api/users/me/withdraws 요청 from ::1
[2025-08-18 23:30:22] [info] ➡️ GET /trade/withdraw 요청 from ::1
[2025-08-18 23:30:23] [info] ➡️ GET /api/users/me 요청 from ::1
[2025-08-18 23:30:23] [info] ➡️ GET /api/exchange-rate 요청 from ::1
[2025-08-18 23:30:23] [info] ➡️ GET /api/users/info 요청 from ::1
[2025-08-18 23:30:23] [info] ➡️ GET /api/users/me/transactions?status=pending 요청 from ::1
[2025-08-18 23:30:23] [info] ➡️ GET /api/users/me 요청 from ::1
[2025-08-18 23:30:23] [info] ➡️ GET /api/platforms?lang=ko 요청 from ::1
[2025-08-18 23:30:23] [info] ➡️ GET /api/platforms?lang=ko 요청 from ::1
[2025-08-18 23:30:23] [info] ➡️ GET /api/users/me/withdraws 요청 from ::1
[2025-08-18 23:30:23] [info] ➡️ GET /api/users/me/withdraws 요청 from ::1
[2025-08-18 23:30:23] [info] ➡️ GET /api/exchange-rate 요청 from ::1
[2025-08-18 23:30:23] [info] ➡️ GET /api/exchange-rate 요청 from ::1
[2025-08-18 23:30:23] [info] ➡️ GET /api/users/me/withdraws 요청 from ::1
[2025-08-18 23:30:23] [info] ➡️ GET /api/users/me/withdraws 요청 from ::1
[2025-08-18 23:30:24] [info] ➡️ GET /trade/withdraw 요청 from ::1
[2025-08-18 23:30:24] [info] ➡️ GET /api/users/me 요청 from ::1
[2025-08-18 23:30:24] [info] ➡️ GET /api/exchange-rate 요청 from ::1
[2025-08-18 23:30:24] [info] ➡️ GET /api/users/info 요청 from ::1
[2025-08-18 23:30:24] [info] ➡️ GET /api/users/me/transactions?status=pending 요청 from ::1
[2025-08-18 23:30:24] [info] ➡️ GET /api/users/me 요청 from ::1
[2025-08-18 23:30:24] [info] ➡️ GET /api/platforms?lang=ko 요청 from ::1
[2025-08-18 23:30:24] [info] ➡️ GET /api/platforms?lang=ko 요청 from ::1
[2025-08-18 23:30:24] [info] ➡️ GET /api/users/me/withdraws 요청 from ::1
[2025-08-18 23:30:24] [info] ➡️ GET /api/users/me/withdraws 요청 from ::1
[2025-08-18 23:30:24] [info] ➡️ GET /api/exchange-rate 요청 from ::1
[2025-08-18 23:30:25] [info] ➡️ GET /api/exchange-rate 요청 from ::1
[2025-08-18 23:30:25] [info] ➡️ GET /api/users/me/withdraws 요청 from ::1
[2025-08-18 23:30:25] [info] ➡️ GET /api/users/me/withdraws 요청 from ::1
[2025-08-18 23:30:27] [info] ➡️ GET /api/platforms?lang=ko 요청 from ::1
[2025-08-18 23:30:27] [info] ➡️ GET /api/exchange-rate 요청 from ::1
[2025-08-18 23:30:27] [info] ➡️ GET /api/users/info 요청 from ::1
[2025-08-18 23:30:27] [info] ➡️ GET /api/users/me/transactions?status=pending 요청 from ::1
[2025-08-18 23:30:27] [info] ➡️ GET /api/platforms?lang=ko 요청 from ::1
[2025-08-18 23:30:27] [info] ➡️ GET /api/users/me 요청 from ::1
[2025-08-18 23:30:27] [info] ➡️ GET /api/users/me 요청 from ::1
[2025-08-18 23:30:27] [info] ➡️ GET /api/users/me/transactions?type=charge&lang=ko 요청 from ::1
[2025-08-18 23:30:27] [info] ➡️ GET /api/users/me/transactions?type=charge&lang=ko 요청 from ::1
[2025-08-18 23:30:43] [info] ➡️ GET /api/users/me 요청 from ::1
[2025-08-18 23:30:43] [info] ➡️ GET /api/exchange-rate 요청 from ::1
[2025-08-18 23:30:43] [info] ➡️ GET /api/users/info 요청 from ::1
[2025-08-18 23:30:43] [info] ➡️ GET /api/users/me/transactions?status=pending 요청 from ::1
[2025-08-18 23:30:43] [info] ➡️ GET /api/users/me 요청 from ::1
[2025-08-18 23:30:43] [info] ➡️ GET /api/platforms?lang=ko 요청 from ::1
[2025-08-18 23:30:43] [info] ➡️ GET /api/users/me/withdraws 요청 from ::1
[2025-08-18 23:30:43] [info] ➡️ GET /api/platforms?lang=ko 요청 from ::1
[2025-08-18 23:30:43] [info] ➡️ GET /api/users/me/withdraws 요청 from ::1
[2025-08-18 23:30:44] [info] ➡️ GET /api/exchange-rate 요청 from ::1
[2025-08-18 23:30:44] [info] ➡️ GET /api/exchange-rate 요청 from ::1
[2025-08-18 23:30:44] [info] ➡️ GET /api/users/me/withdraws 요청 from ::1
[2025-08-18 23:30:45] [info] ➡️ GET /api/users/me/withdraws 요청 from ::1
[2025-08-18 23:31:08] [info] ➡️ GET /.well-known/appspecific/com.chrome.devtools.json 요청 from ::1
[2025-08-18 23:32:43] [info] ➡️ GET /trade/withdraw 요청 from ::1
[2025-08-18 23:32:43] [info] ➡️ GET /.well-known/appspecific/com.chrome.devtools.json 요청 from ::1
[2025-08-18 23:32:44] [info] ➡️ GET /api/users/me 요청 from ::1
[2025-08-18 23:32:44] [info] ➡️ GET /api/exchange-rate 요청 from ::1
[2025-08-18 23:32:44] [info] ➡️ GET /api/users/info 요청 from ::1
[2025-08-18 23:32:44] [info] ➡️ GET /api/users/me 요청 from ::1
[2025-08-18 23:32:44] [info] ➡️ GET /api/users/me/transactions?status=pending 요청 from ::1
[2025-08-18 23:32:44] [info] ➡️ GET /api/platforms?lang=ko 요청 from ::1
[2025-08-18 23:32:44] [info] ➡️ GET /api/platforms?lang=ko 요청 from ::1
[2025-08-18 23:32:44] [info] ➡️ GET /api/users/me/withdraws 요청 from ::1
[2025-08-18 23:32:44] [info] ➡️ GET /api/users/me/withdraws 요청 from ::1
[2025-08-18 23:32:44] [info] ➡️ GET /api/exchange-rate 요청 from ::1
[2025-08-18 23:32:44] [info] ➡️ GET /api/exchange-rate 요청 from ::1
[2025-08-18 23:32:45] [info] ➡️ GET /api/users/me/withdraws 요청 from ::1
[2025-08-18 23:32:45] [info] ➡️ GET /api/users/me/withdraws 요청 from ::1
[2025-08-18 23:32:49] [info] ➡️ GET /api/platforms?lang=ko 요청 from ::1
[2025-08-18 23:32:49] [info] ➡️ GET /api/exchange-rate 요청 from ::1
[2025-08-18 23:32:49] [info] ➡️ GET /api/users/info 요청 from ::1
[2025-08-18 23:32:49] [info] ➡️ GET /api/platforms?lang=ko 요청 from ::1
[2025-08-18 23:32:49] [info] ➡️ GET /api/users/me/transactions?status=pending 요청 from ::1
[2025-08-18 23:32:49] [info] ➡️ GET /api/users/me 요청 from ::1
[2025-08-18 23:32:49] [info] ➡️ GET /api/users/me 요청 from ::1
[2025-08-18 23:32:49] [info] ➡️ GET /api/users/me/transactions?type=charge&lang=ko 요청 from ::1
[2025-08-18 23:32:49] [info] ➡️ GET /api/users/me/transactions?type=charge&lang=ko 요청 from ::1
[2025-08-18 23:33:17] [info] ➡️ GET /api/users/me 요청 from ::1
[2025-08-18 23:33:17] [info] ➡️ GET /api/exchange-rate 요청 from ::1
[2025-08-18 23:33:17] [info] ➡️ GET /api/users/info 요청 from ::1
[2025-08-18 23:33:17] [info] ➡️ GET /api/users/me/transactions?status=pending 요청 from ::1
[2025-08-18 23:33:17] [info] ➡️ GET /api/users/me 요청 from ::1
[2025-08-18 23:33:17] [info] ➡️ GET /api/platforms?lang=ko 요청 from ::1
[2025-08-18 23:33:17] [info] ➡️ GET /api/platforms?lang=ko 요청 from ::1
[2025-08-18 23:33:17] [info] ➡️ GET /api/users/me/withdraws 요청 from ::1
[2025-08-18 23:33:17] [info] ➡️ GET /api/users/me/withdraws 요청 from ::1
[2025-08-18 23:33:18] [info] ➡️ GET /api/exchange-rate 요청 from ::1
[2025-08-18 23:33:18] [info] ➡️ GET /api/exchange-rate 요청 from ::1
[2025-08-18 23:33:18] [info] ➡️ GET /api/users/me/withdraws 요청 from ::1
[2025-08-18 23:33:18] [info] ➡️ GET /api/users/me/withdraws 요청 from ::1
[2025-08-18 23:33:20] [info] ➡️ GET /favicon.ico 요청 from ::1
[2025-08-18 23:33:24] [info] ➡️ GET /.well-known/appspecific/com.chrome.devtools.json 요청 from ::1
[2025-08-18 23:33:29] [info] ➡️ GET /api/platforms?lang=ko 요청 from ::1
[2025-08-18 23:33:29] [info] ➡️ GET /api/exchange-rate 요청 from ::1
[2025-08-18 23:33:29] [info] ➡️ GET /api/platforms?lang=ko 요청 from ::1
[2025-08-18 23:33:29] [info] ➡️ GET /api/users/info 요청 from ::1
[2025-08-18 23:33:29] [info] ➡️ GET /api/users/me/transactions?status=pending 요청 from ::1
[2025-08-18 23:33:29] [info] ➡️ GET /api/users/me 요청 from ::1
[2025-08-18 23:33:29] [info] ➡️ GET /api/users/me 요청 from ::1
[2025-08-18 23:33:29] [info] ➡️ GET /api/users/me/transactions?type=charge&lang=ko 요청 from ::1
[2025-08-18 23:33:29] [info] ➡️ GET /api/users/me/transactions?type=charge&lang=ko 요청 from ::1
[2025-08-18 23:35:32] [info] ➡️ GET /trade/recharge 요청 from ::1
[2025-08-18 23:35:32] [info] ➡️ GET /.well-known/appspecific/com.chrome.devtools.json 요청 from ::1
[2025-08-18 23:35:32] [info] ➡️ GET /api/platforms?lang=ko 요청 from ::1
[2025-08-18 23:35:32] [info] ➡️ GET /api/exchange-rate 요청 from ::1
[2025-08-18 23:35:32] [info] ➡️ GET /api/platforms?lang=ko 요청 from ::1
[2025-08-18 23:35:32] [info] ➡️ GET /api/users/info 요청 from ::1
[2025-08-18 23:35:33] [info] ➡️ GET /api/users/me/transactions?status=pending 요청 from ::1
[2025-08-18 23:35:33] [info] ➡️ GET /api/users/me 요청 from ::1
[2025-08-18 23:35:33] [info] ➡️ GET /api/users/me 요청 from ::1
[2025-08-18 23:35:33] [info] ➡️ GET /api/users/me/transactions?type=charge&lang=ko 요청 from ::1
[2025-08-18 23:35:33] [info] ➡️ GET /api/users/me/transactions?type=charge&lang=ko 요청 from ::1
[2025-08-18 23:35:36] [info] ➡️ GET /api/users/me 요청 from ::1
[2025-08-18 23:35:36] [info] ➡️ GET /api/exchange-rate 요청 from ::1
[2025-08-18 23:35:36] [info] ➡️ GET /api/users/info 요청 from ::1
[2025-08-18 23:35:36] [info] ➡️ GET /api/users/me 요청 from ::1
[2025-08-18 23:35:36] [info] ➡️ GET /api/users/me/transactions?status=pending 요청 from ::1
[2025-08-18 23:35:36] [info] ➡️ GET /api/platforms?lang=ko 요청 from ::1
[2025-08-18 23:35:36] [info] ➡️ GET /api/platforms?lang=ko 요청 from ::1
[2025-08-18 23:35:36] [info] ➡️ GET /api/users/me/withdraws 요청 from ::1
[2025-08-18 23:35:36] [info] ➡️ GET /api/users/me/withdraws 요청 from ::1
[2025-08-18 23:35:36] [info] ➡️ GET /api/exchange-rate 요청 from ::1
[2025-08-18 23:35:36] [info] ➡️ GET /api/exchange-rate 요청 from ::1
[2025-08-18 23:35:36] [info] ➡️ GET /api/users/me/withdraws 요청 from ::1
[2025-08-18 23:35:37] [info] ➡️ GET /api/users/me/withdraws 요청 from ::1
[2025-08-18 23:35:40] [info] ➡️ GET /api/users/me 요청 from ::1
[2025-08-18 23:35:40] [info] ➡️ GET /api/platforms?lang=ko 요청 from ::1
[2025-08-18 23:35:40] [info] ➡️ GET /api/users/me/withdraws 요청 from ::1
[2025-08-18 23:35:41] [info] ➡️ GET /api/users/me 요청 from ::1
[2025-08-18 23:35:41] [info] ➡️ GET /api/platforms?lang=ko 요청 from ::1
[2025-08-18 23:35:41] [info] ➡️ GET /api/users/me/withdraws 요청 from ::1
[2025-08-18 23:35:41] [info] ➡️ GET /api/exchange-rate 요청 from ::1
[2025-08-18 23:35:41] [info] ➡️ GET /api/users/me/withdraws 요청 from ::1
[2025-08-18 23:35:46] [info] ➡️ GET /wallet/history 요청 from ::1
[2025-08-18 23:35:46] [info] ➡️ GET /api/exchange-rate 요청 from ::1
[2025-08-18 23:35:46] [info] ➡️ GET /api/users/info 요청 from ::1
[2025-08-18 23:35:46] [info] ➡️ GET /api/users/me/wallet-history 요청 from ::1
[2025-08-18 23:35:46] [info] ➡️ GET /api/users/me 요청 from ::1
[2025-08-18 23:36:28] [info] ➡️ GET /api/exchange-rate 요청 from ::1
[2025-08-18 23:36:28] [info] ➡️ GET /api/users/info 요청 from ::1
[2025-08-18 23:37:30] [info] ➡️ GET /api/exchange-rate 요청 from ::1
[2025-08-18 23:37:30] [info] ➡️ GET /api/users/info 요청 from ::1
[2025-08-18 23:37:30] [info] ➡️ GET /api/users/me/wallet-history 요청 from ::1
[2025-08-18 23:37:30] [info] ➡️ GET /api/users/me 요청 from ::1
[2025-08-18 23:37:37] [info] ➡️ GET /api/platforms?lang=ko 요청 from ::1
[2025-08-18 23:37:37] [info] ➡️ GET /api/exchange-rate 요청 from ::1
[2025-08-18 23:37:37] [info] ➡️ GET /api/users/info 요청 from ::1
[2025-08-18 23:37:37] [info] ➡️ GET /api/platforms?lang=ko 요청 from ::1
[2025-08-18 23:37:37] [info] ➡️ GET /api/users/me/transactions 요청 from ::1
[2025-08-18 23:37:37] [info] ➡️ GET /api/users/me/transactions 요청 from ::1
[2025-08-18 23:37:41] [info] ➡️ GET /api/users/me 요청 from ::1
[2025-08-18 23:37:41] [info] ➡️ GET /api/exchange-rate 요청 from ::1
[2025-08-18 23:37:41] [info] ➡️ GET /api/users/info 요청 from ::1
[2025-08-18 23:37:41] [info] ➡️ GET /api/users/me/transactions?status=pending 요청 from ::1
[2025-08-18 23:37:41] [info] ➡️ GET /api/users/me 요청 from ::1
[2025-08-18 23:37:41] [info] ➡️ GET /api/platforms?lang=ko 요청 from ::1
[2025-08-18 23:37:41] [info] ➡️ GET /api/platforms?lang=ko 요청 from ::1
[2025-08-18 23:37:41] [info] ➡️ GET /api/users/me/withdraws 요청 from ::1
[2025-08-18 23:37:41] [info] ➡️ GET /api/users/me/withdraws 요청 from ::1
[2025-08-18 23:37:41] [info] ➡️ GET /api/exchange-rate 요청 from ::1
[2025-08-18 23:37:41] [info] ➡️ GET /api/exchange-rate 요청 from ::1
[2025-08-18 23:37:41] [info] ➡️ GET /api/users/me/withdraws 요청 from ::1
[2025-08-18 23:37:42] [info] ➡️ GET /api/users/me/withdraws 요청 from ::1
[2025-08-18 23:37:42] [info] ➡️ GET /wallet/history 요청 from ::1
[2025-08-18 23:37:42] [info] ➡️ GET /api/exchange-rate 요청 from ::1
[2025-08-18 23:37:42] [info] ➡️ GET /api/users/info 요청 from ::1
[2025-08-18 23:37:42] [info] ➡️ GET /api/users/me/wallet-history 요청 from ::1
[2025-08-18 23:37:42] [info] ➡️ GET /api/users/me 요청 from ::1
[2025-08-18 23:37:52] [info] ➡️ GET /api/platforms?lang=ko 요청 from ::1
[2025-08-18 23:37:52] [info] ➡️ GET /api/exchange-rate 요청 from ::1
[2025-08-18 23:37:52] [info] ➡️ GET /api/users/info 요청 from ::1
[2025-08-18 23:37:52] [info] ➡️ GET /api/platforms?lang=ko 요청 from ::1
[2025-08-18 23:37:52] [info] ➡️ GET /api/users/me/transactions 요청 from ::1
[2025-08-18 23:37:52] [info] ➡️ GET /api/users/me/transactions 요청 from ::1
[2025-08-18 23:39:53] [info] ➡️ GET /trade/history 요청 from ::1
[2025-08-18 23:39:54] [info] ➡️ GET /api/platforms?lang=ko 요청 from ::1
[2025-08-18 23:39:54] [info] ➡️ GET /api/exchange-rate 요청 from ::1
[2025-08-18 23:39:54] [info] ➡️ GET /api/platforms?lang=ko 요청 from ::1
[2025-08-18 23:39:54] [info] ➡️ GET /api/users/info 요청 from ::1
[2025-08-18 23:39:54] [info] ➡️ GET /api/users/me/transactions 요청 from ::1
[2025-08-18 23:39:54] [info] ➡️ GET /api/users/me/transactions 요청 from ::1
[2025-08-18 23:39:55] [info] ➡️ GET /api/exchange-rate 요청 from ::1
[2025-08-18 23:39:55] [info] ➡️ GET /api/users/info 요청 from ::1
[2025-08-18 23:39:55] [info] ➡️ GET /api/users/me/transactions?status=pending 요청 from ::1
[2025-08-18 23:40:19] [info] ➡️ GET /wallet/charge 요청 from ::1
[2025-08-18 23:40:19] [info] ➡️ GET /api/exchange-rate 요청 from ::1
[2025-08-18 23:40:19] [info] ➡️ GET /api/users/info 요청 from ::1
[2025-08-18 23:40:19] [info] ➡️ GET /api/users/me/transactions?status=pending 요청 from ::1
[2025-08-18 23:40:20] [info] ➡️ GET /wallet/charge 요청 from ::1
[2025-08-18 23:40:20] [info] ➡️ GET /api/exchange-rate 요청 from ::1
[2025-08-18 23:40:20] [info] ➡️ GET /api/users/info 요청 from ::1
[2025-08-18 23:40:20] [info] ➡️ GET /api/users/me/transactions?status=pending 요청 from ::1
[2025-08-18 23:40:53] [info] ➡️ GET /wallet/charge 요청 from ::1
[2025-08-18 23:40:55] [info] ➡️ GET /api/exchange-rate 요청 from ::1
[2025-08-18 23:40:55] [info] ➡️ GET /api/users/info 요청 from ::1
[2025-08-18 23:40:55] [info] ➡️ GET /api/users/me/transactions?status=pending 요청 from ::1
[2025-08-18 23:42:30] [info] ➡️ GET /wallet/charge 요청 from ::1
[2025-08-18 23:42:30] [info] ➡️ GET /api/exchange-rate 요청 from ::1
[2025-08-18 23:42:30] [info] ➡️ GET /api/users/info 요청 from ::1
[2025-08-18 23:42:30] [info] ➡️ GET /api/users/me/transactions?status=pending 요청 from ::1
[2025-08-18 23:42:36] [info] ➡️ GET /wallet/history 요청 from ::1
[2025-08-18 23:42:36] [info] ➡️ GET /api/exchange-rate 요청 from ::1
[2025-08-18 23:42:36] [info] ➡️ GET /api/users/info 요청 from ::1
[2025-08-18 23:42:36] [info] ➡️ GET /api/users/me/wallet-history 요청 from ::1
[2025-08-18 23:42:36] [info] ➡️ GET /api/users/me 요청 from ::1
[2025-08-18 23:42:42] [info] ➡️ GET /api/exchange-rate 요청 from ::1
[2025-08-18 23:42:42] [info] ➡️ GET /api/users/info?lang=ko 요청 from ::1
[2025-08-18 23:42:42] [info] ➡️ GET /api/users/info 요청 from ::1
[2025-08-19 00:00:39] [info] ➡️ GET /wallet/withdraw 요청 from ::1
[2025-08-19 00:00:41] [info] ➡️ GET /api/exchange-rate 요청 from ::1
[2025-08-19 00:00:41] [info] ➡️ GET /api/users/info 요청 from ::1
[2025-08-19 00:00:41] [info] ➡️ GET /api/users/info?lang=ko 요청 from ::1
[2025-08-19 00:00:41] [info] ➡️ GET /api/users/me/transactions?status=pending 요청 from ::1
[2025-08-19 00:01:30] [info] ➡️ GET /wallet/withdraw 요청 from ::1
[2025-08-19 00:01:31] [info] ➡️ GET /api/exchange-rate 요청 from ::1
[2025-08-19 00:01:31] [info] ➡️ GET /api/users/me/transactions?status=pending 요청 from ::1
[2025-08-19 00:01:31] [info] ➡️ GET /api/users/info 요청 from ::1
[2025-08-19 00:01:31] [info] ➡️ GET /api/users/info?lang=ko 요청 from ::1
[2025-08-19 00:01:38] [info] ➡️ GET /api/platforms?lang=ko 요청 from ::1
[2025-08-19 00:01:38] [info] ➡️ GET /api/exchange-rate 요청 from ::1
[2025-08-19 00:01:38] [info] ➡️ GET /api/users/info 요청 from ::1
[2025-08-19 00:01:58] [info] ➡️ GET /api/users/me/transactions?status=pending 요청 from ::1
[2025-08-19 00:01:58] [info] ➡️ GET /api/exchange-rate 요청 from ::1
[2025-08-19 00:01:58] [info] ➡️ GET /api/users/info 요청 from ::1
[2025-08-19 00:02:04] [info] ➡️ GET /api/exchange-rate 요청 from ::1
[2025-08-19 00:02:04] [info] ➡️ GET /api/users/info?lang=zh 요청 from ::1
[2025-08-19 00:02:04] [info] ➡️ GET /api/users/info 요청 from ::1
[2025-08-19 00:02:04] [info] ➡️ GET /api/users/me/transactions?status=pending 요청 from ::1
[2025-08-19 00:02:07] [info] ➡️ GET /api/platforms?lang=zh 요청 from ::1
[2025-08-19 00:02:07] [info] ➡️ GET /api/exchange-rate 요청 from ::1
[2025-08-19 00:02:07] [info] ➡️ GET /api/users/info 요청 from ::1
[2025-08-19 00:02:07] [info] ➡️ GET /api/users/me/transactions?status=pending 요청 from ::1
[2025-08-19 00:02:07] [info] ➡️ GET /api/platforms?lang=zh 요청 from ::1
[2025-08-19 00:02:07] [info] ➡️ GET /api/users/me 요청 from ::1
[2025-08-19 00:02:07] [info] ➡️ GET /api/users/me 요청 from ::1
[2025-08-19 00:02:07] [info] ➡️ GET /api/users/me/transactions?type=charge&lang=zh 요청 from ::1
[2025-08-19 00:02:07] [info] ➡️ GET /api/users/me/transactions?type=charge&lang=zh 요청 from ::1
[2025-08-19 00:02:09] [info] ➡️ GET /api/users/me 요청 from ::1
[2025-08-19 00:02:09] [info] ➡️ GET /api/exchange-rate 요청 from ::1
[2025-08-19 00:02:09] [info] ➡️ GET /api/users/info 요청 from ::1
[2025-08-19 00:02:09] [info] ➡️ GET /api/users/me/transactions?status=pending 요청 from ::1
[2025-08-19 00:02:09] [info] ➡️ GET /api/users/me 요청 from ::1
[2025-08-19 00:02:09] [info] ➡️ GET /api/platforms?lang=zh 요청 from ::1
[2025-08-19 00:02:09] [info] ➡️ GET /api/platforms?lang=zh 요청 from ::1
[2025-08-19 00:02:09] [info] ➡️ GET /api/users/me/withdraws 요청 from ::1
[2025-08-19 00:02:09] [info] ➡️ GET /api/users/me/withdraws 요청 from ::1
[2025-08-19 00:02:10] [info] ➡️ GET /api/exchange-rate 요청 from ::1
[2025-08-19 00:02:10] [info] ➡️ GET /api/exchange-rate 요청 from ::1
[2025-08-19 00:02:10] [info] ➡️ GET /api/users/me/withdraws 요청 from ::1
[2025-08-19 00:02:10] [info] ➡️ GET /api/users/me/withdraws 요청 from ::1
[2025-08-19 00:02:12] [info] ➡️ GET /trade/history 요청 from ::1
[2025-08-19 00:02:12] [info] ➡️ GET /api/platforms?lang=zh 요청 from ::1
[2025-08-19 00:02:12] [info] ➡️ GET /api/exchange-rate 요청 from ::1
[2025-08-19 00:02:12] [info] ➡️ GET /api/users/info 요청 from ::1
[2025-08-19 00:02:12] [info] ➡️ GET /api/platforms?lang=zh 요청 from ::1
[2025-08-19 00:02:12] [info] ➡️ GET /api/users/me/transactions 요청 from ::1
[2025-08-19 00:02:12] [info] ➡️ GET /api/users/me/transactions 요청 from ::1
[2025-08-19 00:02:15] [info] ➡️ GET /api/exchange-rate 요청 from ::1
[2025-08-19 00:02:15] [info] ➡️ GET /api/users/info 요청 from ::1
[2025-08-19 00:02:15] [info] ➡️ GET /api/users/me/transactions?status=pending 요청 from ::1
[2025-08-19 00:44:56] [info] ➡️ GET /api/exchange-rate 요청 from ::1
[2025-08-19 00:44:56] [info] ➡️ GET /api/users/info 요청 from ::1
[2025-08-19 00:44:56] [info] ➡️ GET /api/platforms?lang=ko 요청 from ::1
[2025-08-19 01:33:04] [info] ➡️ GET /wallet/transfer 요청 from ::1
[2025-08-19 01:33:04] [info] ➡️ GET /api/exchange-rate 요청 from ::1
[2025-08-19 01:33:04] [info] ➡️ GET /api/users/info 요청 from ::1
[2025-08-19 01:33:04] [info] ➡️ GET /api/platforms?lang=ko 요청 from ::1
[2025-08-19 01:33:04] [info] ➡️ GET /api/users/me/transactions?status=pending 요청 from ::1
[2025-08-19 01:33:05] [info] ➡️ GET /wallet/transfer 요청 from ::1
[2025-08-19 01:33:05] [info] ➡️ GET /api/exchange-rate 요청 from ::1
[2025-08-19 01:33:05] [info] ➡️ GET /api/users/info 요청 from ::1
[2025-08-19 01:33:05] [info] ➡️ GET /api/users/me/transactions?status=pending 요청 from ::1
[2025-08-19 01:33:05] [info] ➡️ GET /api/platforms?lang=ko 요청 from ::1
[2025-08-19 01:33:08] [info] ➡️ GET /wallet/transfer 요청 from ::1
[2025-08-19 01:33:08] [info] ➡️ GET /api/exchange-rate 요청 from ::1
[2025-08-19 01:33:08] [info] ➡️ GET /api/users/info 요청 from ::1
[2025-08-19 01:33:08] [info] ➡️ GET /api/platforms?lang=ko 요청 from ::1
[2025-08-19 01:33:08] [info] ➡️ GET /api/users/me/transactions?status=pending 요청 from ::1
[2025-08-19 01:33:23] [info] ➡️ GET /.well-known/appspecific/com.chrome.devtools.json 요청 from ::1
[2025-08-19 01:33:28] [info] ➡️ GET /api/users/me/transactions?status=pending 요청 from ::1
[2025-08-19 01:33:28] [info] ➡️ GET /favicon.ico 요청 from ::1
[2025-08-19 01:33:36] [info] ➡️ GET / 요청 from ::1
[2025-08-19 01:33:36] [info] ➡️ GET /api/exchange-rate 요청 from ::1
[2025-08-19 01:33:36] [info] ➡️ GET /api/users/notices?limit=3&lang=ko 요청 from ::1
[2025-08-19 01:33:37] [info] ➡️ GET /api/exchange-rate 요청 from ::1
[2025-08-19 01:33:38] [info] ➡️ GET /api/exchange-rate 요청 from ::1
[2025-08-19 01:33:45] [info] ➡️ POST /api/users/login 요청 from ::1
[2025-08-19 01:33:45] [info] ➡️ GET /api/exchange-rate 요청 from ::1
[2025-08-19 01:33:45] [info] ➡️ GET /api/users/info 요청 from ::1
[2025-08-19 01:33:45] [info] ➡️ GET /api/users/notices?limit=3&lang=ko 요청 from ::1
[2025-08-19 01:33:45] [info] ➡️ GET /api/exchange-rate 요청 from ::1
[2025-08-19 14:14:31] [info] 🚀 서버 실행 중: http://localhost:3000
[2025-08-19 14:26:55] [info] ➡️ GET / 요청 from ::1
[2025-08-19 14:26:56] [info] ➡️ GET /api/exchange-rate 요청 from ::1
[2025-08-19 14:26:56] [info] ➡️ GET /api/users/info 요청 from ::1
[2025-08-19 14:26:56] [info] ➡️ GET /api/users/notices?limit=3&lang=ko 요청 from ::1
[2025-08-19 14:26:57] [info] ➡️ GET /?preview=true 요청 from ::1
[2025-08-19 14:26:57] [info] ➡️ GET /api/exchange-rate 요청 from ::1
[2025-08-19 14:26:57] [info] ➡️ GET /api/users/info 요청 from ::1
[2025-08-19 14:26:57] [info] ➡️ GET /api/users/notices?limit=3&lang=ko 요청 from ::1
[2025-08-19 14:26:58] [info] ➡️ GET /api/exchange-rate 요청 from ::1
[2025-08-19 14:27:04] [info] ➡️ GET / 요청 from ::1
[2025-08-19 14:27:04] [info] ➡️ GET /api/exchange-rate 요청 from ::1
[2025-08-19 14:27:04] [info] ➡️ GET /api/users/notices?limit=3&lang=ko 요청 from ::1
[2025-08-19 14:27:05] [info] ➡️ GET /api/exchange-rate 요청 from ::1
[2025-08-19 14:27:06] [info] ➡️ GET /api/exchange-rate 요청 from ::1
[2025-08-19 14:27:12] [info] ➡️ POST /api/users/login 요청 from ::1
[2025-08-19 14:27:12] [info] ➡️ GET /api/admin/summary 요청 from ::1
[2025-08-19 14:30:04] [info] ➡️ GET /api/admin/trade/recharge?page=1&username=&status=&currency=&startDate=&endDate= 요청 from ::1
[2025-08-19 14:30:10] [info] ➡️ GET /api/admin/trade/recharge?page=1&username=test66&status=&currency=&startDate=&endDate= 요청 from ::1
[2025-08-19 14:30:12] [info] ➡️ PATCH /api/admin/trade/recharge/72/approve 요청 from ::1
[2025-08-19 14:30:12] [info] ➡️ GET /api/admin/trade/recharge?page=1&username=test66&status=&currency=&startDate=&endDate= 요청 from ::1
[2025-08-19 14:30:14] [info] ➡️ PATCH /api/admin/trade/recharge/71/approve 요청 from ::1
[2025-08-19 14:30:14] [info] ➡️ GET /api/admin/trade/recharge?page=1&username=test66&status=&currency=&startDate=&endDate= 요청 from ::1
[2025-08-19 14:30:15] [info] ➡️ PATCH /api/admin/trade/recharge/66/approve 요청 from ::1
[2025-08-19 14:30:15] [info] ➡️ GET /api/admin/trade/recharge?page=1&username=test66&status=&currency=&startDate=&endDate= 요청 from ::1
[2025-08-19 14:30:17] [info] ➡️ PATCH /api/admin/trade/recharge/65/approve 요청 from ::1
[2025-08-19 14:30:17] [info] ➡️ GET /api/admin/trade/recharge?page=1&username=test66&status=&currency=&startDate=&endDate= 요청 from ::1
[2025-08-19 14:30:20] [info] ➡️ GET /api/admin/trade/withdraw?username=&status=&currency=&startDate=&endDate= 요청 from ::1
[2025-08-19 14:30:24] [info] ➡️ PATCH /api/admin/trade/withdraw/114/reject 요청 from ::1
[2025-08-19 14:30:24] [info] ➡️ GET /api/admin/trade/withdraw?username=&status=&currency=&startDate=&endDate= 요청 from ::1
[2025-08-19 14:30:25] [info] ➡️ PATCH /api/admin/trade/withdraw/113/reject 요청 from ::1
[2025-08-19 14:30:25] [info] ➡️ GET /api/admin/trade/withdraw?username=&status=&currency=&startDate=&endDate= 요청 from ::1
[2025-08-19 14:30:29] [info] ➡️ GET /api/admin/transactions/wallet-charge?page=1&limit=20&username=&status=&currency=&startDate=&endDate= 요청 from ::1
[2025-08-19 14:30:34] [info] ➡️ GET /api/admin/transactions/wallet-charge?page=1&limit=20&username=test66&status=&currency=&startDate=&endDate= 요청 from ::1
[2025-08-19 14:30:36] [info] ➡️ PATCH /api/admin/transactions/wallet-charge/120/approve 요청 from ::1
[2025-08-19 14:30:38] [info] ➡️ GET /api/admin/transactions/wallet-charge?page=1&limit=20&username=test66&status=&currency=&startDate=&endDate= 요청 from ::1
[2025-08-19 14:30:40] [info] ➡️ PATCH /api/admin/transactions/wallet-charge/63/approve 요청 from ::1
[2025-08-19 14:30:40] [info] ➡️ GET /api/admin/transactions/wallet-charge?page=1&limit=20&username=test66&status=&currency=&startDate=&endDate= 요청 from ::1
[2025-08-19 14:30:46] [info] ➡️ GET /api/admin/transactions/wallet-withdraw?page=1&limit=20&username=&status=&currency=&startDate=&endDate= 요청 from ::1
[2025-08-19 14:30:52] [info] ➡️ GET /api/admin/transactions/wallet-withdraw?page=1&limit=20&username=test66&status=&currency=&startDate=&endDate= 요청 from ::1
[2025-08-19 14:30:55] [info] ➡️ GET /admin/trade/wallet-withdraw 요청 from ::1
[2025-08-19 14:30:57] [info] ➡️ GET /api/admin/transactions/wallet-withdraw?page=1&limit=20&username=&status=&currency=&startDate=&endDate= 요청 from ::1
[2025-08-19 14:31:08] [info] ➡️ GET /api/admin/transactions/wallet-withdraw?page=1&limit=20&username=test66&status=&currency=&startDate=&endDate= 요청 from ::1
[2025-08-19 14:31:18] [info] ➡️ GET /.well-known/appspecific/com.chrome.devtools.json 요청 from ::1
[2025-08-19 14:59:31] [info] 🚀 서버 실행 중: http://localhost:3000
[2025-08-19 14:59:34] [info] ➡️ GET /admin/trade/wallet-withdraw 요청 from ::1
[2025-08-19 14:59:34] [info] ➡️ GET /api/admin/transactions/wallet-withdraw?page=1&limit=20&username=&status=&currency=&startDate=&endDate= 요청 from ::1
[2025-08-19 14:59:41] [info] ➡️ GET /api/admin/transactions/wallet-withdraw?page=1&limit=20&username=test66&status=&currency=&startDate=&endDate= 요청 from ::1
[2025-08-19 15:07:47] [info] 🚀 서버 실행 중: http://localhost:3000
[2025-08-19 15:07:50] [info] ➡️ GET /admin/trade/wallet-withdraw 요청 from ::1
[2025-08-19 15:07:50] [info] ➡️ GET /api/admin/transactions/wallet-withdraw?page=1&limit=20&username=&status=&currency=&startDate=&endDate= 요청 from ::1
[2025-08-19 15:07:56] [info] ➡️ GET /api/admin/transactions/wallet-withdraw?page=1&limit=20&username=test66&status=&currency=&startDate=&endDate= 요청 from ::1
[2025-08-19 15:08:07] [info] ➡️ GET /.well-known/appspecific/com.chrome.devtools.json 요청 from ::1
[2025-08-19 15:12:46] [info] 🚀 서버 실행 중: http://localhost:3000
[2025-08-19 15:12:49] [info] ➡️ GET /admin/trade/wallet-withdraw 요청 from ::1
[2025-08-19 15:12:49] [info] ➡️ GET /.well-known/appspecific/com.chrome.devtools.json 요청 from ::1
[2025-08-19 15:12:49] [info] ➡️ GET /api/admin/transactions/wallet-withdraw?page=1&limit=20&username=&status=&currency=&startDate=&endDate= 요청 from ::1
[2025-08-19 15:12:56] [info] ➡️ GET /api/admin/transactions/wallet-withdraw?page=1&limit=20&username=test66&status=&currency=&startDate=&endDate= 요청 from ::1
[2025-08-19 15:13:02] [info] ➡️ GET /admin/trade/wallet-withdraw 요청 from ::1
[2025-08-19 15:13:02] [info] ➡️ GET /.well-known/appspecific/com.chrome.devtools.json 요청 from ::1
[2025-08-19 15:13:02] [info] ➡️ GET /api/admin/transactions/wallet-withdraw?page=1&limit=20&username=&status=&currency=&startDate=&endDate= 요청 from ::1
[2025-08-19 15:13:02] [info] ➡️ GET /admin/trade/wallet-withdraw 요청 from ::1
[2025-08-19 15:13:02] [info] ➡️ GET /.well-known/appspecific/com.chrome.devtools.json 요청 from ::1
[2025-08-19 15:13:03] [info] ➡️ GET /admin/trade/wallet-withdraw 요청 from ::1
[2025-08-19 15:13:03] [info] ➡️ GET /.well-known/appspecific/com.chrome.devtools.json 요청 from ::1
[2025-08-19 15:13:03] [info] ➡️ GET /admin/trade/wallet-withdraw 요청 from ::1
[2025-08-19 15:13:03] [info] ➡️ GET /.well-known/appspecific/com.chrome.devtools.json 요청 from ::1
[2025-08-19 15:13:04] [info] ➡️ GET /api/admin/transactions/wallet-withdraw?page=1&limit=20&username=&status=&currency=&startDate=&endDate= 요청 from ::1
[2025-08-19 15:13:09] [info] ➡️ GET /api/admin/transactions/wallet-withdraw?page=1&limit=20&username=test66&status=&currency=&startDate=&endDate= 요청 from ::1
[2025-08-19 15:21:14] [info] ➡️ GET /admin/trade/wallet-withdraw 요청 from ::1
[2025-08-19 15:21:14] [info] ➡️ GET /.well-known/appspecific/com.chrome.devtools.json 요청 from ::1
[2025-08-19 15:21:15] [info] ➡️ GET /api/admin/transactions/wallet-withdraw?page=1&limit=20&username=&status=&currency=&startDate=&endDate= 요청 from ::1
[2025-08-19 15:21:20] [info] ➡️ GET /api/admin/transactions/wallet-withdraw?page=1&limit=20&username=test66&status=&currency=&startDate=&endDate= 요청 from ::1
[2025-08-19 15:24:06] [info] 🚀 서버 실행 중: http://localhost:3000
[2025-08-19 15:24:13] [info] ➡️ GET /admin/trade/wallet-withdraw 요청 from ::1
[2025-08-19 15:24:13] [info] ➡️ GET /.well-known/appspecific/com.chrome.devtools.json 요청 from ::1
[2025-08-19 15:24:13] [info] ➡️ GET /api/admin/transactions/wallet-withdraw?page=1&limit=20&username=&status=&currency=&startDate=&endDate= 요청 from ::1
[2025-08-19 15:27:29] [info] ➡️ GET /admin/trade/wallet-withdraw 요청 from ::1
[2025-08-19 15:27:29] [info] ➡️ GET /.well-known/appspecific/com.chrome.devtools.json 요청 from ::1
[2025-08-19 15:27:30] [info] ➡️ GET /api/admin/transactions/wallet-withdraw?page=1&limit=20&username=&status=&currency=&startDate=&endDate= 요청 from ::1
[2025-08-19 15:27:39] [info] 🚀 서버 실행 중: http://localhost:3000
[2025-08-19 15:27:43] [info] ➡️ GET /admin/trade/wallet-withdraw 요청 from ::1
[2025-08-19 15:27:43] [info] ➡️ GET /.well-known/appspecific/com.chrome.devtools.json 요청 from ::1
[2025-08-19 15:27:44] [info] ➡️ GET /api/admin/transactions/wallet-withdraw?page=1&limit=20&username=&status=&currency=&startDate=&endDate= 요청 from ::1
[2025-08-19 15:28:15] [info] ➡️ GET /admin/trade/wallet-withdraw 요청 from ::1
[2025-08-19 15:28:15] [info] ➡️ GET /.well-known/appspecific/com.chrome.devtools.json 요청 from ::1
[2025-08-19 15:28:15] [info] ➡️ GET /api/admin/transactions/wallet-withdraw?page=1&limit=20&username=&status=&currency=&startDate=&endDate= 요청 from ::1
[2025-08-19 15:28:33] [info] ➡️ GET /admin/trade/wallet-withdraw 요청 from ::1
[2025-08-19 15:28:33] [info] ➡️ GET /.well-known/appspecific/com.chrome.devtools.json 요청 from ::1
[2025-08-19 15:28:33] [info] ➡️ GET /api/admin/transactions/wallet-withdraw?page=1&limit=20&username=&status=&currency=&startDate=&endDate= 요청 from ::1
[2025-08-19 15:28:41] [info] ➡️ GET /api/admin/transactions/wallet-withdraw?page=1&limit=20&username=test66&status=&currency=&startDate=&endDate= 요청 from ::1
[2025-08-19 15:30:22] [info] ➡️ GET /admin/trade/wallet-withdraw 요청 from ::1
[2025-08-19 15:30:22] [info] ➡️ GET /.well-known/appspecific/com.chrome.devtools.json 요청 from ::1
[2025-08-19 15:30:24] [info] ➡️ GET /api/admin/transactions/wallet-withdraw?page=1&limit=20 요청 from ::1
[2025-08-19 15:30:32] [info] ➡️ GET /api/admin/transactions/wallet-withdraw?page=1&limit=20&username=test66 요청 from ::1
[2025-08-19 15:37:45] [info] 🚀 서버 실행 중: http://localhost:3000
[2025-08-19 15:37:48] [info] ➡️ GET /admin/trade/wallet-withdraw 요청 from ::1
[2025-08-19 15:37:48] [info] ➡️ GET /.well-known/appspecific/com.chrome.devtools.json 요청 from ::1
[2025-08-19 15:37:49] [info] ➡️ GET /api/admin/transactions/wallet-withdraw?page=1&limit=20 요청 from ::1
[2025-08-19 15:37:56] [info] ➡️ GET /api/admin/transactions/wallet-withdraw?page=1&limit=20&username=test66 요청 from ::1
[2025-08-19 15:38:16] [info] 🚀 서버 실행 중: http://localhost:3000
[2025-08-19 15:38:20] [info] ➡️ GET /admin/trade/wallet-withdraw 요청 from ::1
[2025-08-19 15:38:20] [info] ➡️ GET /.well-known/appspecific/com.chrome.devtools.json 요청 from ::1
[2025-08-19 15:38:20] [info] ➡️ GET /api/admin/transactions/wallet-withdraw?page=1&limit=20 요청 from ::1
[2025-08-19 15:38:25] [info] ➡️ GET /api/admin/transactions/wallet-withdraw?page=1&limit=20&username=test66 요청 from ::1
[2025-08-19 15:41:44] [info] 🚀 서버 실행 중: http://localhost:3000
[2025-08-19 15:41:50] [info] ➡️ GET /admin/trade/wallet-withdraw 요청 from ::1
[2025-08-19 15:41:50] [info] ➡️ GET /.well-known/appspecific/com.chrome.devtools.json 요청 from ::1
[2025-08-19 15:41:50] [info] ➡️ GET /api/admin/transactions/wallet-withdraw?page=1&limit=20 요청 from ::1
[2025-08-19 15:41:57] [info] ➡️ GET /api/admin/transactions/wallet-withdraw?page=1&limit=20&username=test66 요청 from ::1
[2025-08-19 15:42:08] [info] ➡️ PATCH /api/admin/transactions/wallet-withdraw/119/reject 요청 from ::1
[2025-08-19 15:42:09] [info] ➡️ GET /api/admin/transactions/wallet-withdraw?page=1&limit=20&username=test66 요청 from ::1
[2025-08-19 15:42:53] [info] ➡️ PATCH /api/admin/transactions/wallet-withdraw/83/reject 요청 from ::1
[2025-08-19 15:42:54] [info] ➡️ GET /api/admin/transactions/wallet-withdraw?page=1&limit=20&username=test66 요청 from ::1
[2025-08-19 15:42:57] [info] ➡️ PATCH /api/admin/transactions/wallet-withdraw/70/reject 요청 from ::1
[2025-08-19 15:42:58] [info] ➡️ GET /api/admin/transactions/wallet-withdraw?page=1&limit=20&username=test66 요청 from ::1
[2025-08-19 15:43:00] [info] ➡️ PATCH /api/admin/transactions/wallet-withdraw/67/reject 요청 from ::1
[2025-08-19 15:43:01] [info] ➡️ GET /api/admin/transactions/wallet-withdraw?page=1&limit=20&username=test66 요청 from ::1
[2025-08-19 15:47:35] [info] ➡️ GET /?preview=true 요청 from ::1
[2025-08-19 15:47:36] [info] ➡️ GET /.well-known/appspecific/com.chrome.devtools.json 요청 from ::1
[2025-08-19 15:47:36] [info] ➡️ GET /api/exchange-rate 요청 from ::1
[2025-08-19 15:47:36] [info] ➡️ GET /api/exchange-rate 요청 from ::1
[2025-08-19 15:47:36] [info] ➡️ GET /api/users/notices?limit=3&lang=ko 요청 from ::1
[2025-08-19 15:47:38] [info] ➡️ GET /api/exchange-rate 요청 from ::1
[2025-08-19 15:47:43] [info] ➡️ POST /api/users/login 요청 from ::1
[2025-08-19 15:47:47] [info] ➡️ POST /api/users/login 요청 from ::1
[2025-08-19 15:47:47] [info] ➡️ GET /api/exchange-rate 요청 from ::1
[2025-08-19 15:47:47] [info] ➡️ GET /api/users/info 요청 from ::1
[2025-08-19 15:47:47] [info] ➡️ GET /api/users/notices?limit=3&lang=ko 요청 from ::1
[2025-08-19 15:47:47] [info] ➡️ GET /api/exchange-rate 요청 from ::1
[2025-08-19 15:47:52] [info] ➡️ GET /api/exchange-rate 요청 from ::1
[2025-08-19 15:47:52] [info] ➡️ GET /api/users/info 요청 from ::1
[2025-08-19 15:47:52] [info] ➡️ GET /api/users/me/transactions?status=pending 요청 from ::1
[2025-08-19 15:47:55] [info] ➡️ GET /wallet/history 요청 from ::1
[2025-08-19 15:47:55] [info] ➡️ GET /.well-known/appspecific/com.chrome.devtools.json 요청 from ::1
[2025-08-19 15:47:55] [info] ➡️ GET /api/exchange-rate 요청 from ::1
[2025-08-19 15:47:55] [info] ➡️ GET /api/users/info 요청 from ::1
[2025-08-19 15:47:55] [info] ➡️ GET /api/users/me/wallet-history 요청 from ::1
[2025-08-19 15:47:55] [info] ➡️ GET /api/users/me 요청 from ::1
[2025-08-19 15:48:01] [info] ➡️ GET /api/platforms?lang=ko 요청 from ::1
[2025-08-19 15:48:01] [info] ➡️ GET /api/exchange-rate 요청 from ::1
[2025-08-19 15:48:01] [info] ➡️ GET /api/platforms?lang=ko 요청 from ::1
[2025-08-19 15:48:01] [info] ➡️ GET /api/users/info 요청 from ::1
[2025-08-19 15:48:01] [info] ➡️ GET /api/users/me/transactions 요청 from ::1
[2025-08-19 15:48:01] [info] ➡️ GET /api/users/me/transactions 요청 from ::1
[2025-08-19 15:48:02] [info] ➡️ GET /api/platforms?lang=ko 요청 from ::1
[2025-08-19 15:48:02] [info] ➡️ GET /api/users/me/withdraws 요청 from ::1
[2025-08-19 15:48:04] [info] ➡️ GET /api/exchange-rate 요청 from ::1
[2025-08-19 15:48:04] [info] ➡️ GET /api/users/info 요청 from ::1
[2025-08-19 15:48:04] [info] ➡️ GET /api/platforms?lang=ko 요청 from ::1
[2025-08-19 15:48:04] [info] ➡️ GET /api/transactions/wallet/transfer/history 요청 from ::1
[2025-08-19 15:48:11] [info] ➡️ GET / 요청 from ::1
[2025-08-19 15:48:11] [info] ➡️ GET /.well-known/appspecific/com.chrome.devtools.json 요청 from ::1
[2025-08-19 15:48:11] [info] ➡️ GET /api/exchange-rate 요청 from ::1
[2025-08-19 15:48:11] [info] ➡️ GET /api/exchange-rate 요청 from ::1
[2025-08-19 15:48:11] [info] ➡️ GET /api/users/notices?limit=3&lang=ko 요청 from ::1
[2025-08-19 15:48:13] [info] ➡️ GET /api/exchange-rate 요청 from ::1
[2025-08-19 15:48:18] [info] ➡️ POST /api/users/login 요청 from ::1
[2025-08-19 15:48:18] [info] ➡️ GET /api/admin/summary 요청 from ::1
[2025-08-19 15:48:22] [info] ➡️ GET /api/admin/wallet/transfer 요청 from ::1
[2025-08-19 15:48:34] [info] ➡️ PATCH /api/admin/wallet/transfer/122/reject 요청 from ::1
[2025-08-19 15:48:34] [info] ➡️ GET /api/admin/wallet/transfer 요청 from ::1
[2025-08-19 15:48:36] [info] ➡️ PATCH /api/admin/wallet/transfer/121/reject 요청 from ::1
[2025-08-19 15:56:08] [info] 🚀 서버 실행 중: http://localhost:3000
[2025-08-19 15:58:23] [info] ➡️ PATCH /api/admin/wallet/transfer/121/reject 요청 from ::1
[2025-08-19 15:58:23] [info] ➡️ GET /api/admin/wallet/transfer 요청 from ::1
[2025-08-19 15:58:27] [info] ➡️ PATCH /api/admin/wallet/transfer/118/approve 요청 from ::1
[2025-08-19 15:58:30] [info] ➡️ PATCH /api/admin/wallet/transfer/118/approve 요청 from ::1
[2025-08-19 15:58:37] [info] ➡️ PATCH /api/admin/wallet/transfer/118/approve 요청 from ::1
[2025-08-19 15:58:39] [info] ➡️ GET /.well-known/appspecific/com.chrome.devtools.json 요청 from ::1
[2025-08-19 15:58:58] [info] 🚀 서버 실행 중: http://localhost:3000
[2025-08-19 15:59:02] [info] ➡️ GET /admin/trade/wallet-transfer 요청 from ::1
[2025-08-19 15:59:02] [info] ➡️ GET /.well-known/appspecific/com.chrome.devtools.json 요청 from ::1
[2025-08-19 15:59:02] [info] ➡️ GET /api/admin/wallet/transfer 요청 from ::1
[2025-08-19 15:59:05] [info] ➡️ PATCH /api/admin/wallet/transfer/118/approve 요청 from ::1
[2025-08-19 15:59:06] [info] ➡️ GET /api/admin/wallet/transfer 요청 from ::1
[2025-08-19 15:59:07] [info] ➡️ PATCH /api/admin/wallet/transfer/117/approve 요청 from ::1
[2025-08-19 15:59:13] [info] ➡️ PATCH /api/admin/wallet/transfer/117/approve 요청 from ::1
[2025-08-19 15:59:34] [info] 🚀 서버 실행 중: http://localhost:3000
[2025-08-19 15:59:36] [info] ➡️ GET /admin/trade/wallet-transfer 요청 from ::1
[2025-08-19 15:59:36] [info] ➡️ GET /.well-known/appspecific/com.chrome.devtools.json 요청 from ::1
[2025-08-19 15:59:36] [info] ➡️ GET /api/admin/wallet/transfer 요청 from ::1
[2025-08-19 15:59:39] [info] ➡️ PATCH /api/admin/wallet/transfer/117/approve 요청 from ::1
[2025-08-19 16:03:26] [info] 🚀 서버 실행 중: http://localhost:3000
[2025-08-19 16:04:10] [info] ➡️ GET /admin/trade/wallet-transfer 요청 from ::1
[2025-08-19 16:04:10] [info] ➡️ GET /.well-known/appspecific/com.chrome.devtools.json 요청 from ::1
[2025-08-19 16:04:11] [info] ➡️ GET /api/admin/wallet/transfer 요청 from ::1
[2025-08-19 16:09:47] [info] ➡️ PATCH /api/admin/wallet/transfer/117/approve 요청 from ::1
[2025-08-19 16:09:47] [info] ➡️ GET /api/admin/wallet/transfer 요청 from ::1
[2025-08-19 16:09:50] [info] ➡️ PATCH /api/admin/wallet/transfer/116/approve 요청 from ::1
[2025-08-19 16:09:50] [info] ➡️ GET /api/admin/wallet/transfer 요청 from ::1
[2025-08-19 16:09:52] [info] ➡️ PATCH /api/admin/wallet/transfer/115/approve 요청 from ::1
[2025-08-19 16:11:42] [info] ➡️ GET /admin/trade/wallet-transfer 요청 from ::1
[2025-08-19 16:11:42] [info] ➡️ GET /.well-known/appspecific/com.chrome.devtools.json 요청 from ::1
[2025-08-19 16:11:43] [info] ➡️ GET /api/admin/wallet/transfer 요청 from ::1
[2025-08-19 16:11:48] [info] ➡️ GET /admin/trade/wallet-transfer 요청 from ::1
[2025-08-19 16:11:48] [info] ➡️ GET /.well-known/appspecific/com.chrome.devtools.json 요청 from ::1
[2025-08-19 16:11:48] [info] ➡️ GET /api/admin/wallet/transfer 요청 from ::1
[2025-08-19 16:11:49] [info] ➡️ GET /admin/trade/wallet-transfer 요청 from ::1
[2025-08-19 16:11:49] [info] ➡️ GET /.well-known/appspecific/com.chrome.devtools.json 요청 from ::1
[2025-08-19 16:11:50] [info] ➡️ GET /api/admin/wallet/transfer 요청 from ::1
[2025-08-19 16:13:57] [info] 🚀 서버 실행 중: http://localhost:3000
[2025-08-19 16:14:01] [info] ➡️ GET /admin/trade/wallet-transfer 요청 from ::1
[2025-08-19 16:14:01] [info] ➡️ GET /.well-known/appspecific/com.chrome.devtools.json 요청 from ::1
[2025-08-19 16:14:01] [info] ➡️ GET /api/admin/wallet/transfer 요청 from ::1
[2025-08-19 16:14:22] [info] ➡️ GET /admin/trade/wallet-transfer 요청 from ::1
[2025-08-19 16:14:22] [info] ➡️ GET /.well-known/appspecific/com.chrome.devtools.json 요청 from ::1
[2025-08-19 16:14:23] [info] ➡️ GET /api/admin/wallet/transfer 요청 from ::1
[2025-08-19 16:14:30] [info] ➡️ GET /admin/trade/wallet-transfer 요청 from ::1
[2025-08-19 16:14:30] [info] ➡️ GET /.well-known/appspecific/com.chrome.devtools.json 요청 from ::1
[2025-08-19 16:14:30] [info] ➡️ GET /api/admin/wallet/transfer 요청 from ::1
[2025-08-19 16:14:55] [info] ➡️ GET /admin/trade/wallet-transfer 요청 from ::1
[2025-08-19 16:14:55] [info] ➡️ GET /.well-known/appspecific/com.chrome.devtools.json 요청 from ::1
[2025-08-19 16:14:56] [info] ➡️ GET /api/admin/wallet/transfer 요청 from ::1
[2025-08-19 16:14:59] [info] ➡️ GET /api/admin/trade/withdraw?username=&status=&currency=&startDate=&endDate= 요청 from ::1
[2025-08-19 16:15:01] [info] ➡️ GET /api/admin/transactions/wallet-withdraw?page=1&limit=20 요청 from ::1
[2025-08-19 16:15:10] [info] ➡️ GET /?preview=true 요청 from ::1
[2025-08-19 16:15:10] [info] ➡️ GET /.well-known/appspecific/com.chrome.devtools.json 요청 from ::1
[2025-08-19 16:15:10] [info] ➡️ GET /api/exchange-rate 요청 from ::1
[2025-08-19 16:15:10] [info] ➡️ GET /api/users/notices?limit=3&lang=ko 요청 from ::1
[2025-08-19 16:15:10] [info] ➡️ GET /api/exchange-rate 요청 from ::1
[2025-08-19 16:15:11] [info] ➡️ GET /api/exchange-rate 요청 from ::1
[2025-08-19 16:15:19] [info] ➡️ POST /api/users/login 요청 from ::1
[2025-08-19 16:15:19] [info] ➡️ GET /api/exchange-rate 요청 from ::1
[2025-08-19 16:15:19] [info] ➡️ GET /api/users/info 요청 from ::1
[2025-08-19 16:15:19] [info] ➡️ GET /api/users/notices?limit=3&lang=ko 요청 from ::1
[2025-08-19 16:15:19] [info] ➡️ GET /api/exchange-rate 요청 from ::1
[2025-08-19 16:18:53] [info] ➡️ GET /api/exchange-rate 요청 from ::1
[2025-08-19 16:18:53] [info] ➡️ GET /api/users/info 요청 from ::1
[2025-08-19 16:18:53] [info] ➡️ GET /api/users/me/transactions?status=pending 요청 from ::1
[2025-08-19 16:18:55] [info] ➡️ GET /api/exchange-rate 요청 from ::1
[2025-08-19 16:18:55] [info] ➡️ GET /api/users/info 요청 from ::1
[2025-08-19 16:18:55] [info] ➡️ GET /api/users/info?lang=ko 요청 from ::1
[2025-08-19 16:18:55] [info] ➡️ GET /api/users/me/transactions?status=pending 요청 from ::1
[2025-08-19 16:18:57] [info] ➡️ GET /api/platforms?lang=ko 요청 from ::1
[2025-08-19 16:18:57] [info] ➡️ GET /api/exchange-rate 요청 from ::1
[2025-08-19 16:18:57] [info] ➡️ GET /api/users/info 요청 from ::1
[2025-08-19 16:18:57] [info] ➡️ GET /api/users/me/transactions?status=pending 요청 from ::1
[2025-08-19 16:18:57] [info] ➡️ GET /api/platforms?lang=ko 요청 from ::1
[2025-08-19 16:18:57] [info] ➡️ GET /api/users/me 요청 from ::1
[2025-08-19 16:18:57] [info] ➡️ GET /api/users/me 요청 from ::1
[2025-08-19 16:18:57] [info] ➡️ GET /api/users/me/transactions?type=charge&lang=ko 요청 from ::1
[2025-08-19 16:18:57] [info] ➡️ GET /api/users/me/transactions?type=charge&lang=ko 요청 from ::1
[2025-08-19 16:18:59] [info] ➡️ GET /api/users/me 요청 from ::1
[2025-08-19 16:18:59] [info] ➡️ GET /api/exchange-rate 요청 from ::1
[2025-08-19 16:18:59] [info] ➡️ GET /api/users/me 요청 from ::1
[2025-08-19 16:18:59] [info] ➡️ GET /api/users/info 요청 from ::1
[2025-08-19 16:18:59] [info] ➡️ GET /api/users/me/transactions?status=pending 요청 from ::1
[2025-08-19 16:18:59] [info] ➡️ GET /api/platforms?lang=ko 요청 from ::1
[2025-08-19 16:18:59] [info] ➡️ GET /api/platforms?lang=ko 요청 from ::1
[2025-08-19 16:18:59] [info] ➡️ GET /api/users/me/withdraws 요청 from ::1
[2025-08-19 16:18:59] [info] ➡️ GET /api/users/me/withdraws 요청 from ::1
[2025-08-19 16:18:59] [info] ➡️ GET /api/exchange-rate 요청 from ::1
[2025-08-19 16:18:59] [info] ➡️ GET /api/exchange-rate 요청 from ::1
[2025-08-19 16:19:00] [info] ➡️ GET /api/users/me/withdraws 요청 from ::1
[2025-08-19 16:19:00] [info] ➡️ GET /api/users/me/withdraws 요청 from ::1
[2025-08-19 16:19:01] [info] ➡️ GET /api/exchange-rate 요청 from ::1
[2025-08-19 16:19:01] [info] ➡️ GET /api/users/info 요청 from ::1
[2025-08-19 16:19:01] [info] ➡️ GET /api/platforms?lang=ko 요청 from ::1
[2025-08-19 16:19:01] [info] ➡️ GET /api/users/me/transactions?status=pending 요청 from ::1
[2025-08-19 16:54:31] [info] ➡️ GET / 요청 from ::1
[2025-08-19 16:54:31] [info] ➡️ GET /api/exchange-rate 요청 from ::1
[2025-08-19 16:54:31] [info] ➡️ GET /.well-known/appspecific/com.chrome.devtools.json 요청 from ::1
[2025-08-19 16:54:32] [info] ➡️ GET /api/exchange-rate 요청 from ::1
[2025-08-19 16:54:32] [info] ➡️ GET /api/exchange-rate 요청 from ::1
[2025-08-19 16:54:32] [info] ➡️ GET /api/users/notices?limit=3&lang=ko 요청 from ::1
[2025-08-19 16:54:33] [info] ➡️ GET /api/exchange-rate 요청 from ::1
[2025-08-19 16:54:41] [info] ➡️ POST /api/users/login 요청 from ::1
[2025-08-19 16:54:47] [info] ➡️ POST /api/users/login 요청 from ::1
[2025-08-19 16:54:53] [info] ➡️ POST /api/users/login 요청 from ::1
[2025-08-19 16:55:00] [info] ➡️ POST /api/users/login 요청 from ::1
[2025-08-19 16:55:07] [info] ➡️ POST /api/users/login 요청 from ::1
[2025-08-19 16:55:12] [info] ➡️ POST /api/users/login 요청 from ::1
[2025-08-19 16:55:12] [info] ➡️ GET /api/exchange-rate 요청 from ::1
[2025-08-19 16:55:12] [info] ➡️ GET /api/users/info 요청 from ::1
[2025-08-19 16:55:12] [info] ➡️ GET /api/users/notices?limit=3&lang=ko 요청 from ::1
[2025-08-19 16:55:12] [info] ➡️ GET /api/exchange-rate 요청 from ::1
[2025-08-19 16:55:18] [info] ➡️ GET /api/exchange-rate 요청 from ::1
[2025-08-19 16:55:18] [info] ➡️ GET /api/users/info 요청 from ::1
[2025-08-19 16:55:18] [info] ➡️ GET /api/users/me/wallet-history 요청 from ::1
[2025-08-19 16:55:18] [info] ➡️ GET /api/users/me 요청 from ::1
[2025-08-19 16:55:21] [info] ➡️ GET /api/platforms?lang=ko 요청 from ::1
[2025-08-19 16:55:21] [info] ➡️ GET /api/exchange-rate 요청 from ::1
[2025-08-19 16:55:21] [info] ➡️ GET /api/users/info 요청 from ::1
[2025-08-19 16:55:21] [info] ➡️ GET /api/platforms?lang=ko 요청 from ::1
[2025-08-19 16:55:21] [info] ➡️ GET /api/users/me/transactions 요청 from ::1
[2025-08-19 16:55:21] [info] ➡️ GET /api/users/me/transactions 요청 from ::1
[2025-08-19 16:55:24] [info] ➡️ GET /api/exchange-rate 요청 from ::1
[2025-08-19 16:55:24] [info] ➡️ GET /api/users/info 요청 from ::1
[2025-08-19 16:55:24] [info] ➡️ GET /api/users/info?lang=ko 요청 from ::1
[2025-08-19 16:55:24] [info] ➡️ GET /api/users/me/transactions?status=pending 요청 from ::1
[2025-08-19 16:55:26] [info] ➡️ GET /api/exchange-rate 요청 from ::1
[2025-08-19 16:55:26] [info] ➡️ GET /api/users/info 요청 from ::1
[2025-08-19 16:55:26] [info] ➡️ GET /api/platforms?lang=ko 요청 from ::1
[2025-08-19 16:55:26] [info] ➡️ GET /api/transactions/wallet/transfer/history 요청 from ::1
[2025-08-19 16:55:29] [info] ➡️ GET /api/exchange-rate 요청 from ::1
[2025-08-19 16:55:29] [info] ➡️ GET /api/users/info 요청 from ::1
[2025-08-19 16:55:29] [info] ➡️ GET /api/platforms?lang=ko 요청 from ::1
[2025-08-19 16:55:29] [info] ➡️ GET /api/users/me/transactions?status=pending 요청 from ::1
[2025-08-19 16:57:32] [info] ➡️ GET /wallet/transfer 요청 from ::1
[2025-08-19 16:57:32] [info] ➡️ GET /.well-known/appspecific/com.chrome.devtools.json 요청 from ::1
[2025-08-19 16:57:33] [info] ➡️ GET /api/exchange-rate 요청 from ::1
[2025-08-19 16:57:33] [info] ➡️ GET /api/users/info 요청 from ::1
[2025-08-19 16:57:33] [info] ➡️ GET /api/platforms?lang=ko 요청 from ::1
[2025-08-19 16:57:33] [info] ➡️ GET /api/users/me/transactions?status=pending 요청 from ::1
[2025-08-19 16:57:38] [info] ➡️ GET /api/exchange-rate 요청 from ::1
[2025-08-19 16:57:38] [info] ➡️ GET /api/users/info 요청 from ::1
[2025-08-19 16:57:38] [info] ➡️ GET /api/users/me/transactions?status=pending 요청 from ::1
[2025-08-19 16:58:03] [info] ➡️ GET /api/exchange-rate 요청 from ::1
[2025-08-19 16:58:03] [info] ➡️ GET /api/users/info 요청 from ::1
[2025-08-19 16:58:03] [info] ➡️ GET /api/users/info?lang=ko 요청 from ::1
[2025-08-19 16:58:03] [info] ➡️ GET /api/users/me/transactions?status=pending 요청 from ::1
[2025-08-19 17:00:09] [info] ➡️ GET /wallet/withdraw 요청 from ::1
[2025-08-19 17:00:11] [info] ➡️ GET /api/exchange-rate 요청 from ::1
[2025-08-19 17:00:11] [info] ➡️ GET /api/users/info 요청 from ::1
[2025-08-19 17:00:11] [info] ➡️ GET /api/users/info?lang=ko 요청 from ::1
[2025-08-19 17:00:11] [info] ➡️ GET /api/users/me/transactions?status=pending 요청 from ::1
[2025-08-19 17:00:14] [info] ➡️ GET /api/exchange-rate 요청 from ::1
[2025-08-19 17:00:14] [info] ➡️ GET /api/users/info 요청 from ::1
[2025-08-19 17:00:14] [info] ➡️ GET /api/users/me/transactions?status=pending 요청 from ::1
[2025-08-19 17:00:15] [info] ➡️ GET /api/exchange-rate 요청 from ::1
[2025-08-19 17:00:15] [info] ➡️ GET /api/users/info 요청 from ::1
[2025-08-19 17:00:15] [info] ➡️ GET /api/users/info?lang=ko 요청 from ::1
[2025-08-19 17:00:18] [info] ➡️ GET /api/exchange-rate 요청 from ::1
[2025-08-19 17:00:18] [info] ➡️ GET /api/users/info 요청 from ::1
[2025-08-19 17:00:18] [info] ➡️ GET /api/users/me/transactions?status=pending 요청 from ::1
[2025-08-19 17:00:20] [info] ➡️ GET /api/exchange-rate 요청 from ::1
[2025-08-19 17:00:20] [info] ➡️ GET /api/users/info 요청 from ::1
[2025-08-19 17:00:20] [info] ➡️ GET /api/users/info?lang=ko 요청 from ::1
[2025-08-19 17:00:20] [info] ➡️ GET /api/users/me/transactions?status=pending 요청 from ::1
[2025-08-19 17:02:35] [info] ➡️ GET /wallet/withdraw 요청 from ::1
[2025-08-19 17:02:36] [info] ➡️ GET /api/users/me/transactions?status=pending 요청 from ::1
[2025-08-19 17:02:36] [info] ➡️ GET /api/exchange-rate 요청 from ::1
[2025-08-19 17:02:36] [info] ➡️ GET /api/users/info 요청 from ::1
[2025-08-19 17:02:36] [info] ➡️ GET /api/users/info?lang=ko 요청 from ::1
[2025-08-19 17:02:39] [info] ➡️ GET /api/platforms?lang=ko 요청 from ::1
[2025-08-19 17:02:39] [info] ➡️ GET /api/exchange-rate 요청 from ::1
[2025-08-19 17:02:39] [info] ➡️ GET /api/users/info 요청 from ::1
[2025-08-19 17:02:39] [info] ➡️ GET /api/users/me/transactions?status=pending 요청 from ::1
[2025-08-19 17:02:39] [info] ➡️ GET /api/platforms?lang=ko 요청 from ::1
[2025-08-19 17:02:39] [info] ➡️ GET /api/users/me 요청 from ::1
[2025-08-19 17:02:39] [info] ➡️ GET /api/users/me 요청 from ::1
[2025-08-19 17:02:39] [info] ➡️ GET /api/users/me/transactions?type=charge&lang=ko 요청 from ::1
[2025-08-19 17:02:39] [info] ➡️ GET /api/users/me/transactions?type=charge&lang=ko 요청 from ::1
[2025-08-19 17:02:41] [info] ➡️ GET /.well-known/appspecific/com.chrome.devtools.json 요청 from ::1
[2025-08-19 17:08:10] [info] 🚀 서버 실행 중: http://localhost:3000
[2025-08-19 17:08:15] [info] ➡️ GET /trade/recharge 요청 from ::1
[2025-08-19 17:08:15] [info] ➡️ GET /.well-known/appspecific/com.chrome.devtools.json 요청 from ::1
[2025-08-19 17:08:17] [info] ➡️ GET /api/platforms?lang=ko 요청 from ::1
[2025-08-19 17:08:17] [info] ➡️ GET /api/exchange-rate 요청 from ::1
[2025-08-19 17:08:17] [info] ➡️ GET /api/platforms?lang=ko 요청 from ::1
[2025-08-19 17:08:17] [info] ➡️ GET /api/users/info 요청 from ::1
[2025-08-19 17:08:17] [info] ➡️ GET /api/users/me/transactions?status=pending 요청 from ::1
[2025-08-19 17:08:17] [info] ➡️ GET /api/users/me 요청 from ::1
[2025-08-19 17:08:17] [info] ➡️ GET /api/users/me 요청 from ::1
[2025-08-19 17:08:17] [info] ➡️ GET /api/users/me/transactions?type=charge&lang=ko 요청 from ::1
[2025-08-19 17:08:17] [info] ➡️ GET /api/users/me/transactions?type=charge&lang=ko 요청 from ::1
[2025-08-19 17:08:32] [info] ➡️ GET /api/users/me 요청 from ::1
[2025-08-19 17:08:32] [info] ➡️ GET /api/exchange-rate 요청 from ::1
[2025-08-19 17:08:32] [info] ➡️ GET /api/users/info 요청 from ::1
[2025-08-19 17:08:32] [info] ➡️ GET /api/users/me/transactions?status=pending 요청 from ::1
[2025-08-19 17:08:32] [info] ➡️ GET /api/users/me 요청 from ::1
[2025-08-19 17:08:32] [info] ➡️ GET /api/platforms?lang=ko 요청 from ::1
[2025-08-19 17:08:33] [info] ➡️ GET /api/platforms?lang=ko 요청 from ::1
[2025-08-19 17:08:33] [info] ➡️ GET /api/users/me/withdraws 요청 from ::1
[2025-08-19 17:08:33] [info] ➡️ GET /api/users/me/withdraws 요청 from ::1
[2025-08-19 17:08:33] [info] ➡️ GET /api/exchange-rate 요청 from ::1
[2025-08-19 17:08:33] [info] ➡️ GET /api/exchange-rate 요청 from ::1
[2025-08-19 17:08:34] [info] ➡️ GET /api/users/me/withdraws 요청 from ::1
[2025-08-19 17:08:34] [info] ➡️ GET /api/users/me/withdraws 요청 from ::1
[2025-08-19 17:08:35] [info] ➡️ GET /api/platforms?lang=ko 요청 from ::1
[2025-08-19 17:08:35] [info] ➡️ GET /api/exchange-rate 요청 from ::1
[2025-08-19 17:08:35] [info] ➡️ GET /api/platforms?lang=ko 요청 from ::1
[2025-08-19 17:08:35] [info] ➡️ GET /api/users/info 요청 from ::1
[2025-08-19 17:08:35] [info] ➡️ GET /api/users/me/transactions?status=pending 요청 from ::1
[2025-08-19 17:08:35] [info] ➡️ GET /api/users/me 요청 from ::1
[2025-08-19 17:08:35] [info] ➡️ GET /api/users/me 요청 from ::1
[2025-08-19 17:08:35] [info] ➡️ GET /api/users/me/transactions?type=charge&lang=ko 요청 from ::1
[2025-08-19 17:08:35] [info] ➡️ GET /api/users/me/transactions?type=charge&lang=ko 요청 from ::1
[2025-08-19 17:17:07] [info] ➡️ GET /trade/recharge 요청 from ::1
[2025-08-19 17:17:07] [info] ➡️ GET /.well-known/appspecific/com.chrome.devtools.json 요청 from ::1
[2025-08-19 17:17:08] [info] ➡️ GET /api/platforms?lang=ko 요청 from ::1
[2025-08-19 17:17:08] [info] ➡️ GET /api/exchange-rate 요청 from ::1
[2025-08-19 17:17:08] [info] ➡️ GET /api/platforms?lang=ko 요청 from ::1
[2025-08-19 17:17:08] [info] ➡️ GET /api/users/info 요청 from ::1
[2025-08-19 17:17:08] [info] ➡️ GET /api/users/me/transactions?status=pending 요청 from ::1
[2025-08-19 17:17:08] [info] ➡️ GET /api/users/me 요청 from ::1
[2025-08-19 17:17:08] [info] ➡️ GET /api/users/me 요청 from ::1
[2025-08-19 17:17:08] [info] ➡️ GET /api/users/me/transactions?type=charge&lang=ko 요청 from ::1
[2025-08-19 17:17:08] [info] ➡️ GET /api/users/me/transactions?type=charge&lang=ko 요청 from ::1
[2025-08-19 17:17:10] [info] ➡️ GET /api/users/me 요청 from ::1
[2025-08-19 17:17:10] [info] ➡️ GET /api/users/me/transactions?type=charge&lang=ko 요청 from ::1
[2025-08-19 17:17:10] [info] ➡️ GET /api/platforms?lang=ko 요청 from ::1
[2025-08-19 17:17:10] [info] ➡️ GET /api/users/me 요청 from ::1
[2025-08-19 17:17:10] [info] ➡️ GET /api/users/me/transactions?type=charge&lang=ko 요청 from ::1
[2025-08-19 17:17:12] [info] ➡️ GET /api/exchange-rate 요청 from ::1
[2025-08-19 17:17:12] [info] ➡️ GET /api/users/info 요청 from ::1
[2025-08-19 17:17:12] [info] ➡️ GET /api/users/me/transactions?status=pending 요청 from ::1
[2025-08-19 17:22:14] [info] ➡️ GET /wallet/charge 요청 from ::1
[2025-08-19 17:22:14] [info] ➡️ GET /.well-known/appspecific/com.chrome.devtools.json 요청 from ::1
[2025-08-19 17:22:15] [info] ➡️ GET /api/exchange-rate 요청 from ::1
[2025-08-19 17:22:15] [info] ➡️ GET /api/users/info 요청 from ::1
[2025-08-19 17:22:15] [info] ➡️ GET /api/users/me/transactions?status=pending 요청 from ::1
[2025-08-19 17:22:17] [info] ➡️ GET /api/exchange-rate 요청 from ::1
[2025-08-19 17:22:21] [info] ➡️ POST /api/transactions/wallet/charge 요청 from ::1
[2025-08-19 17:22:22] [info] ➡️ POST /api/transactions/wallet/charge 요청 from ::1
[2025-08-19 17:22:27] [info] ➡️ GET /wallet/charge 요청 from ::1
[2025-08-19 17:22:27] [info] ➡️ GET /.well-known/appspecific/com.chrome.devtools.json 요청 from ::1
[2025-08-19 17:22:27] [info] ➡️ GET /api/exchange-rate 요청 from ::1
[2025-08-19 17:22:27] [info] ➡️ GET /api/users/info 요청 from ::1
[2025-08-19 17:22:27] [info] ➡️ GET /api/users/me/transactions?status=pending 요청 from ::1
[2025-08-19 17:22:32] [info] ➡️ GET /wallet/charge 요청 from ::1
[2025-08-19 17:22:32] [info] ➡️ GET /api/exchange-rate 요청 from ::1
[2025-08-19 17:22:32] [info] ➡️ GET /api/users/info 요청 from ::1
[2025-08-19 17:22:32] [info] ➡️ GET /api/users/me/transactions?status=pending 요청 from ::1
[2025-08-19 17:22:34] [info] ➡️ GET /api/exchange-rate 요청 from ::1
[2025-08-19 17:22:34] [info] ➡️ GET /api/users/info 요청 from ::1
[2025-08-19 17:22:34] [info] ➡️ GET /api/users/me/wallet-history 요청 from ::1
[2025-08-19 17:22:34] [info] ➡️ GET /api/users/me 요청 from ::1
[2025-08-19 17:22:36] [info] ➡️ GET /api/exchange-rate 요청 from ::1
[2025-08-19 17:22:36] [info] ➡️ GET /api/users/info 요청 from ::1
[2025-08-19 17:22:36] [info] ➡️ GET /api/users/info?lang=ko 요청 from ::1
[2025-08-19 17:22:36] [info] ➡️ GET /api/users/me/transactions?status=pending 요청 from ::1
[2025-08-19 17:22:43] [info] ➡️ GET /api/exchange-rate 요청 from ::1
[2025-08-19 17:22:43] [info] ➡️ GET /api/users/info 요청 from ::1
[2025-08-19 17:22:43] [info] ➡️ GET /api/users/me/transactions?status=pending 요청 from ::1
[2025-08-19 17:22:45] [info] ➡️ GET /api/platforms?lang=ko 요청 from ::1
[2025-08-19 17:22:45] [info] ➡️ GET /api/exchange-rate 요청 from ::1
[2025-08-19 17:22:45] [info] ➡️ GET /api/users/info 요청 from ::1
[2025-08-19 17:22:45] [info] ➡️ GET /api/users/me/transactions?status=pending 요청 from ::1
[2025-08-19 17:22:45] [info] ➡️ GET /api/platforms?lang=ko 요청 from ::1
[2025-08-19 17:22:45] [info] ➡️ GET /api/users/me 요청 from ::1
[2025-08-19 17:22:45] [info] ➡️ GET /api/users/me 요청 from ::1
[2025-08-19 17:22:45] [info] ➡️ GET /api/users/me/transactions?type=charge&lang=ko 요청 from ::1
[2025-08-19 17:22:45] [info] ➡️ GET /api/users/me/transactions?type=charge&lang=ko 요청 from ::1
[2025-08-19 17:22:46] [info] ➡️ GET /api/exchange-rate 요청 from ::1
[2025-08-19 17:22:52] [info] ➡️ POST /api/transactions 요청 from ::1
[2025-08-19 17:22:53] [info] ➡️ GET /trade/recharge 요청 from ::1
[2025-08-19 17:22:53] [info] ➡️ GET /api/platforms?lang=ko 요청 from ::1
[2025-08-19 17:22:53] [info] ➡️ GET /api/exchange-rate 요청 from ::1
[2025-08-19 17:22:53] [info] ➡️ GET /api/users/info 요청 from ::1
[2025-08-19 17:22:53] [info] ➡️ GET /api/users/me/transactions?status=pending 요청 from ::1
[2025-08-19 17:22:53] [info] ➡️ GET /api/platforms?lang=ko 요청 from ::1
[2025-08-19 17:22:53] [info] ➡️ GET /api/users/me 요청 from ::1
[2025-08-19 17:22:53] [info] ➡️ GET /api/users/me 요청 from ::1
[2025-08-19 17:22:53] [info] ➡️ GET /api/users/me/transactions?type=charge&lang=ko 요청 from ::1
[2025-08-19 17:22:53] [info] ➡️ GET /api/users/me/transactions?type=charge&lang=ko 요청 from ::1
[2025-08-19 17:23:01] [info] ➡️ GET /api/exchange-rate 요청 from ::1
[2025-08-19 17:23:01] [info] ➡️ GET /api/users/info 요청 from ::1
[2025-08-19 17:23:01] [info] ➡️ GET /api/users/me/transactions?status=pending 요청 from ::1
[2025-08-19 17:23:03] [info] ➡️ GET /api/users/me/transactions?status=pending 요청 from ::1
[2025-08-19 17:23:03] [info] ➡️ GET /api/exchange-rate 요청 from ::1
[2025-08-19 17:23:03] [info] ➡️ GET /api/users/info 요청 from ::1
[2025-08-19 17:23:03] [info] ➡️ GET /api/users/info?lang=ko 요청 from ::1
[2025-08-19 17:23:22] [info] ➡️ GET / 요청 from ::1
[2025-08-19 17:23:22] [info] ➡️ GET /api/exchange-rate 요청 from ::1
[2025-08-19 17:23:22] [info] ➡️ GET /api/users/notices?limit=3&lang=ko 요청 from ::1
[2025-08-19 17:23:23] [info] ➡️ GET /api/exchange-rate 요청 from ::1
[2025-08-19 17:23:24] [info] ➡️ GET /api/exchange-rate 요청 from ::1
[2025-08-19 17:23:32] [info] ➡️ POST /api/users/login 요청 from ::1
[2025-08-19 17:23:32] [info] ➡️ GET /api/admin/summary 요청 from ::1
[2025-08-19 17:23:35] [info] ➡️ GET /api/admin/trade/recharge?page=1&username=&status=&currency=&startDate=&endDate= 요청 from ::1
[2025-08-19 17:23:37] [info] ➡️ PATCH /api/admin/trade/recharge/125/approve 요청 from ::1
[2025-08-19 17:23:37] [info] ➡️ GET /api/admin/trade/recharge?page=1&username=&status=&currency=&startDate=&endDate= 요청 from ::1
[2025-08-19 17:23:42] [info] ➡️ GET /api/admin/transactions/wallet-charge?page=1&limit=20&username=&status=&currency=&startDate=&endDate= 요청 from ::1
[2025-08-19 17:23:44] [info] ➡️ PATCH /api/admin/transactions/wallet-charge/124/approve 요청 from ::1
[2025-08-19 17:23:45] [info] ➡️ GET /api/admin/transactions/wallet-charge?page=1&limit=20&username=&status=&currency=&startDate=&endDate= 요청 from ::1
[2025-08-19 17:23:47] [info] ➡️ PATCH /api/admin/transactions/wallet-charge/123/approve 요청 from ::1
[2025-08-19 17:23:48] [info] ➡️ GET /api/admin/transactions/wallet-charge?page=1&limit=20&username=&status=&currency=&startDate=&endDate= 요청 from ::1
[2025-08-19 17:23:52] [info] ➡️ GET / 요청 from ::1
[2025-08-19 17:23:53] [info] ➡️ GET /?preview=true 요청 from ::1
[2025-08-19 17:23:54] [info] ➡️ GET /api/exchange-rate 요청 from ::1
[2025-08-19 17:23:54] [info] ➡️ GET /api/users/notices?limit=3&lang=ko 요청 from ::1
[2025-08-19 17:23:55] [info] ➡️ GET /api/exchange-rate 요청 from ::1
[2025-08-19 17:23:56] [info] ➡️ GET /api/exchange-rate 요청 from ::1
[2025-08-19 17:24:30] [info] ➡️ POST /api/users/login 요청 from ::1
[2025-08-19 17:24:30] [info] ➡️ GET /api/exchange-rate 요청 from ::1
[2025-08-19 17:24:30] [info] ➡️ GET /api/users/info 요청 from ::1
[2025-08-19 17:24:30] [info] ➡️ GET /api/users/notices?limit=3&lang=ko 요청 from ::1
[2025-08-19 17:24:31] [info] ➡️ GET /api/exchange-rate 요청 from ::1
[2025-08-19 17:24:35] [info] ➡️ GET /api/exchange-rate 요청 from ::1
[2025-08-19 17:24:35] [info] ➡️ GET /api/users/info 요청 from ::1
[2025-08-19 17:24:35] [info] ➡️ GET /api/users/me/transactions?status=pending 요청 from ::1
[2025-08-19 17:24:36] [info] ➡️ GET /api/platforms?lang=ko 요청 from ::1
[2025-08-19 17:24:36] [info] ➡️ GET /api/exchange-rate 요청 from ::1
[2025-08-19 17:24:36] [info] ➡️ GET /api/users/info 요청 from ::1
[2025-08-19 17:24:36] [info] ➡️ GET /api/users/me/transactions?status=pending 요청 from ::1
[2025-08-19 17:24:36] [info] ➡️ GET /api/platforms?lang=ko 요청 from ::1
[2025-08-19 17:24:36] [info] ➡️ GET /api/users/me 요청 from ::1
[2025-08-19 17:24:36] [info] ➡️ GET /api/users/me 요청 from ::1
[2025-08-19 17:24:36] [info] ➡️ GET /api/users/me/transactions?type=charge&lang=ko 요청 from ::1
[2025-08-19 17:24:36] [info] ➡️ GET /api/users/me/transactions?type=charge&lang=ko 요청 from ::1
[2025-08-19 17:24:39] [info] ➡️ GET /api/users/me 요청 from ::1
[2025-08-19 17:24:39] [info] ➡️ GET /api/users/me/transactions?type=charge&lang=ko 요청 from ::1
[2025-08-19 17:24:40] [info] ➡️ GET /api/exchange-rate 요청 from ::1
[2025-08-19 17:24:50] [info] ➡️ POST /api/transactions 요청 from ::1
[2025-08-19 17:24:51] [info] ➡️ GET /trade/recharge 요청 from ::1
[2025-08-19 17:24:52] [info] ➡️ GET /api/platforms?lang=ko 요청 from ::1
[2025-08-19 17:24:52] [info] ➡️ GET /api/exchange-rate 요청 from ::1
[2025-08-19 17:24:52] [info] ➡️ GET /api/users/info 요청 from ::1
[2025-08-19 17:24:52] [info] ➡️ GET /api/users/me/transactions?status=pending 요청 from ::1
[2025-08-19 17:24:52] [info] ➡️ GET /api/platforms?lang=ko 요청 from ::1
[2025-08-19 17:24:52] [info] ➡️ GET /api/users/me 요청 from ::1
[2025-08-19 17:24:52] [info] ➡️ GET /api/users/me 요청 from ::1
[2025-08-19 17:24:52] [info] ➡️ GET /api/users/me/transactions?type=charge&lang=ko 요청 from ::1
[2025-08-19 17:24:52] [info] ➡️ GET /api/users/me/transactions?type=charge&lang=ko 요청 from ::1
[2025-08-19 17:25:17] [info] ➡️ GET /trade/history 요청 from ::1
[2025-08-19 17:25:17] [info] ➡️ GET /api/platforms?lang=ko 요청 from ::1
[2025-08-19 17:25:17] [info] ➡️ GET /api/exchange-rate 요청 from ::1
[2025-08-19 17:25:17] [info] ➡️ GET /api/users/info 요청 from ::1
[2025-08-19 17:25:17] [info] ➡️ GET /api/platforms?lang=ko 요청 from ::1
[2025-08-19 17:25:17] [info] ➡️ GET /api/users/me/transactions 요청 from ::1
[2025-08-19 17:25:17] [info] ➡️ GET /api/users/me/transactions 요청 from ::1
[2025-08-19 17:25:26] [info] ➡️ GET /api/users/me/transactions?status=pending 요청 from ::1
[2025-08-19 17:25:26] [info] ➡️ GET /api/exchange-rate 요청 from ::1
[2025-08-19 17:25:26] [info] ➡️ GET /api/users/info 요청 from ::1
[2025-08-19 17:25:27] [info] ➡️ GET /wallet/history 요청 from ::1
[2025-08-19 17:25:27] [info] ➡️ GET /api/exchange-rate 요청 from ::1
[2025-08-19 17:25:27] [info] ➡️ GET /api/users/info 요청 from ::1
[2025-08-19 17:25:27] [info] ➡️ GET /api/users/me/wallet-history 요청 from ::1
[2025-08-19 17:25:27] [info] ➡️ GET /api/users/me 요청 from ::1
[2025-08-19 17:25:35] [info] ➡️ GET /api/exchange-rate 요청 from ::1
[2025-08-19 17:25:35] [info] ➡️ GET /api/users/info 요청 from ::1
[2025-08-19 17:25:35] [info] ➡️ GET /api/users/me/wallet-history 요청 from ::1
[2025-08-19 17:25:35] [info] ➡️ GET /api/users/me 요청 from ::1
[2025-08-19 17:25:40] [info] ➡️ GET /api/exchange-rate 요청 from ::1
[2025-08-19 17:25:40] [info] ➡️ GET /api/users/info 요청 from ::1
[2025-08-19 17:25:40] [info] ➡️ GET /api/platforms?lang=ko 요청 from ::1
[2025-08-19 17:25:40] [info] ➡️ GET /api/transactions/wallet/transfer/history 요청 from ::1
[2025-08-19 17:25:43] [info] ➡️ GET /api/exchange-rate 요청 from ::1
[2025-08-19 17:25:43] [info] ➡️ GET /api/users/info 요청 from ::1
[2025-08-19 17:25:43] [info] ➡️ GET /api/platforms?lang=ko 요청 from ::1
[2025-08-19 17:25:43] [info] ➡️ GET /api/users/me/transactions?status=pending 요청 from ::1
[2025-08-19 17:25:45] [info] ➡️ GET /wallet/history 요청 from ::1
[2025-08-19 17:25:45] [info] ➡️ GET /api/exchange-rate 요청 from ::1
[2025-08-19 17:25:45] [info] ➡️ GET /api/users/info 요청 from ::1
[2025-08-19 17:25:45] [info] ➡️ GET /api/users/me/wallet-history 요청 from ::1
[2025-08-19 17:25:45] [info] ➡️ GET /api/users/me 요청 from ::1
[2025-08-19 17:26:02] [info] ➡️ GET / 요청 from ::1
[2025-08-19 17:26:02] [info] ➡️ GET /api/exchange-rate 요청 from ::1
[2025-08-19 17:26:02] [info] ➡️ GET /api/users/notices?limit=3&lang=ko 요청 from ::1
[2025-08-19 17:26:05] [info] ➡️ GET /api/exchange-rate 요청 from ::1
[2025-08-19 17:26:05] [info] ➡️ GET /api/exchange-rate 요청 from ::1
[2025-08-19 17:26:08] [info] ➡️ POST /api/users/login 요청 from ::1
[2025-08-19 17:26:08] [info] ➡️ GET /api/admin/summary 요청 from ::1
[2025-08-19 17:26:11] [info] ➡️ GET /api/admin/transactions/wallet-charge?page=1&limit=20&username=&status=&currency=&startDate=&endDate= 요청 from ::1
[2025-08-19 17:26:14] [info] ➡️ GET /api/admin/trade/recharge?page=1&username=&status=&currency=&startDate=&endDate= 요청 from ::1
[2025-08-19 17:26:15] [info] ➡️ PATCH /api/admin/trade/recharge/126/approve 요청 from ::1
[2025-08-19 17:26:15] [info] ➡️ GET /api/admin/trade/recharge?page=1&username=&status=&currency=&startDate=&endDate= 요청 from ::1
[2025-08-19 17:32:09] [info] ➡️ GET / 요청 from ::1
[2025-08-19 17:32:10] [info] ➡️ GET /?preview=true 요청 from ::1
[2025-08-19 17:32:10] [info] ➡️ GET /api/exchange-rate 요청 from ::1
[2025-08-19 17:32:10] [info] ➡️ GET /api/users/notices?limit=3&lang=ko 요청 from ::1
[2025-08-19 17:32:12] [info] ➡️ GET /api/exchange-rate 요청 from ::1
[2025-08-19 17:41:02] [info] ➡️ GET /api/exchange-rate 요청 from ::1
[2025-08-19 17:41:25] [info] ➡️ POST /api/users/login 요청 from ::1
[2025-08-19 17:41:25] [info] ➡️ GET /api/exchange-rate 요청 from ::1
[2025-08-19 17:41:25] [info] ➡️ GET /api/users/info 요청 from ::1
[2025-08-19 17:41:25] [info] ➡️ GET /api/users/notices?limit=3&lang=ko 요청 from ::1
[2025-08-19 17:41:26] [info] ➡️ GET /api/exchange-rate 요청 from ::1
[2025-08-19 17:41:29] [info] ➡️ GET /api/exchange-rate 요청 from ::1
[2025-08-19 17:41:29] [info] ➡️ GET /api/users/info 요청 from ::1
[2025-08-19 17:41:29] [info] ➡️ GET /api/users/me/transactions?status=pending 요청 from ::1
[2025-08-19 17:41:30] [info] ➡️ GET /api/exchange-rate 요청 from ::1
[2025-08-19 17:41:33] [info] ➡️ POST /api/transactions/wallet/charge 요청 from ::1
[2025-08-19 17:41:35] [info] ➡️ POST /api/transactions/wallet/charge 요청 from ::1
[2025-08-19 17:41:39] [info] ➡️ GET /wallet/charge 요청 from ::1
[2025-08-19 17:42:15] [info] ➡️ GET /wallet/charge 요청 from ::1
[2025-08-19 17:42:16] [info] ➡️ GET /api/exchange-rate 요청 from ::1
[2025-08-19 17:42:16] [info] ➡️ GET /api/users/info 요청 from ::1
[2025-08-19 17:42:16] [info] ➡️ GET /api/users/me/transactions?status=pending 요청 from ::1
[2025-08-19 17:42:17] [info] ➡️ GET /wallet/charge 요청 from ::1
[2025-08-19 17:42:17] [info] ➡️ GET /api/exchange-rate 요청 from ::1
[2025-08-19 17:42:17] [info] ➡️ GET /api/users/info 요청 from ::1
[2025-08-19 17:42:17] [info] ➡️ GET /api/users/me/transactions?status=pending 요청 from ::1
[2025-08-19 17:42:20] [info] ➡️ GET /api/users/me 요청 from ::1
[2025-08-19 17:42:20] [info] ➡️ GET /api/exchange-rate 요청 from ::1
[2025-08-19 17:42:20] [info] ➡️ GET /api/users/info 요청 from ::1
[2025-08-19 17:42:20] [info] ➡️ GET /api/users/me/transactions?status=pending 요청 from ::1
[2025-08-19 17:42:20] [info] ➡️ GET /api/users/me 요청 from ::1
[2025-08-19 17:42:20] [info] ➡️ GET /api/platforms?lang=ko 요청 from ::1
[2025-08-19 17:42:20] [info] ➡️ GET /api/platforms?lang=ko 요청 from ::1
[2025-08-19 17:42:20] [info] ➡️ GET /api/users/me/withdraws 요청 from ::1
[2025-08-19 17:42:20] [info] ➡️ GET /api/users/me/withdraws 요청 from ::1
[2025-08-19 17:42:20] [info] ➡️ GET /api/exchange-rate 요청 from ::1
[2025-08-19 17:42:21] [info] ➡️ GET /api/exchange-rate 요청 from ::1
[2025-08-19 17:42:21] [info] ➡️ GET /api/users/me/withdraws 요청 from ::1
[2025-08-19 17:42:21] [info] ➡️ GET /api/users/me/withdraws 요청 from ::1
[2025-08-19 17:42:22] [info] ➡️ GET /trade/withdraw 요청 from ::1
[2025-08-19 17:42:22] [info] ➡️ GET /api/users/me 요청 from ::1
[2025-08-19 17:42:22] [info] ➡️ GET /api/exchange-rate 요청 from ::1
[2025-08-19 17:42:22] [info] ➡️ GET /api/users/info 요청 from ::1
[2025-08-19 17:42:22] [info] ➡️ GET /api/users/me/transactions?status=pending 요청 from ::1
[2025-08-19 17:42:22] [info] ➡️ GET /api/users/me 요청 from ::1
[2025-08-19 17:42:22] [info] ➡️ GET /api/platforms?lang=ko 요청 from ::1
[2025-08-19 17:42:22] [info] ➡️ GET /api/platforms?lang=ko 요청 from ::1
[2025-08-19 17:42:22] [info] ➡️ GET /api/users/me/withdraws 요청 from ::1
[2025-08-19 17:42:22] [info] ➡️ GET /api/users/me/withdraws 요청 from ::1
[2025-08-19 17:42:23] [info] ➡️ GET /api/exchange-rate 요청 from ::1
[2025-08-19 17:42:23] [info] ➡️ GET /api/exchange-rate 요청 from ::1
[2025-08-19 17:42:23] [info] ➡️ GET /api/users/me/withdraws 요청 from ::1
[2025-08-19 17:42:23] [info] ➡️ GET /api/users/me/withdraws 요청 from ::1
[2025-08-19 17:49:32] [info] ➡️ GET /trade/withdraw 요청 from ::1
[2025-08-19 17:49:34] [info] ➡️ GET /api/users/me 요청 from ::1
[2025-08-19 17:49:34] [info] ➡️ GET /api/exchange-rate 요청 from ::1
[2025-08-19 17:49:34] [info] ➡️ GET /api/users/info 요청 from ::1
[2025-08-19 17:49:34] [info] ➡️ GET /api/users/me/transactions?status=pending 요청 from ::1
[2025-08-19 17:49:34] [info] ➡️ GET /api/users/me 요청 from ::1
[2025-08-19 17:49:34] [info] ➡️ GET /api/platforms?lang=ko 요청 from ::1
[2025-08-19 17:49:34] [info] ➡️ GET /api/platforms?lang=ko 요청 from ::1
[2025-08-19 17:49:34] [info] ➡️ GET /api/users/me/withdraws 요청 from ::1
[2025-08-19 17:49:34] [info] ➡️ GET /api/users/me/withdraws 요청 from ::1
[2025-08-19 17:49:35] [info] ➡️ GET /api/exchange-rate 요청 from ::1
[2025-08-19 17:49:35] [info] ➡️ GET /api/users/info 요청 from ::1
[2025-08-19 17:49:35] [info] ➡️ GET /api/users/notices?limit=3&lang=ko 요청 from ::1
[2025-08-19 17:49:35] [info] ➡️ GET /api/exchange-rate 요청 from ::1
[2025-08-19 17:49:35] [info] ➡️ GET /api/users/me/withdraws 요청 from ::1
[2025-08-19 17:49:36] [info] ➡️ GET /api/exchange-rate 요청 from ::1
[2025-08-19 17:49:36] [info] ➡️ GET /api/users/me/withdraws 요청 from ::1
[2025-08-19 17:49:36] [info] ➡️ GET /api/exchange-rate 요청 from ::1
[2025-08-19 17:49:37] [info] ➡️ GET /api/exchange-rate 요청 from ::1
[2025-08-19 17:49:37] [info] ➡️ GET /api/users/info 요청 from ::1
[2025-08-19 17:49:37] [info] ➡️ GET /api/users/me/transactions?status=pending 요청 from ::1
[2025-08-19 17:51:49] [info] ➡️ GET /wallet/charge 요청 from ::1
[2025-08-19 17:51:50] [info] ➡️ GET /api/exchange-rate 요청 from ::1
[2025-08-19 17:51:50] [info] ➡️ GET /api/users/info 요청 from ::1
[2025-08-19 17:51:50] [info] ➡️ GET /api/users/me/transactions?status=pending 요청 from ::1
[2025-08-19 17:51:51] [info] ➡️ GET /api/users/notices?limit=3&lang=ko 요청 from ::1
[2025-08-19 17:51:51] [info] ➡️ GET /api/users/info 요청 from ::1
[2025-08-19 17:51:51] [info] ➡️ GET /api/exchange-rate 요청 from ::1
[2025-08-19 17:51:51] [info] ➡️ GET /api/exchange-rate 요청 from ::1
[2025-08-19 17:51:52] [info] ➡️ GET /api/exchange-rate 요청 from ::1
[2025-08-19 17:51:52] [info] ➡️ GET /api/users/info 요청 from ::1
[2025-08-19 17:51:52] [info] ➡️ GET /api/users/me/transactions?status=pending 요청 from ::1
[2025-08-19 17:51:54] [info] ➡️ GET /api/exchange-rate 요청 from ::1
[2025-08-19 17:51:56] [info] ➡️ GET /api/exchange-rate 요청 from ::1
[2025-08-19 17:51:56] [info] ➡️ GET /api/users/info 요청 from ::1
[2025-08-19 17:51:56] [info] ➡️ GET /api/users/info?lang=ko 요청 from ::1
[2025-08-19 17:51:56] [info] ➡️ GET /api/users/me/transactions?status=pending 요청 from ::1
[2025-08-19 17:52:00] [info] ➡️ GET /.well-known/appspecific/com.chrome.devtools.json 요청 from ::1
[2025-08-19 17:52:03] [info] ➡️ GET /api/exchange-rate 요청 from ::1
[2025-08-19 17:52:03] [info] ➡️ GET /api/users/info 요청 from ::1
[2025-08-19 17:52:03] [info] ➡️ GET /api/users/me/transactions?status=pending 요청 from ::1
[2025-08-19 17:55:41] [info] 🚀 서버 실행 중: http://localhost:3000
[2025-08-19 17:55:47] [info] ➡️ GET /wallet/charge 요청 from ::1
[2025-08-19 17:55:47] [info] ➡️ GET /.well-known/appspecific/com.chrome.devtools.json 요청 from ::1
[2025-08-19 17:55:49] [info] ➡️ GET /api/exchange-rate 요청 from ::1
[2025-08-19 17:55:49] [info] ➡️ GET /api/users/info 요청 from ::1
[2025-08-19 17:55:49] [info] ➡️ GET /api/users/me/transactions?status=pending 요청 from ::1
[2025-08-19 17:55:54] [info] ➡️ GET /wallet/charge 요청 from ::1
[2025-08-19 17:55:54] [info] ➡️ GET /.well-known/appspecific/com.chrome.devtools.json 요청 from ::1
[2025-08-19 17:55:54] [info] ➡️ GET /api/exchange-rate 요청 from ::1
[2025-08-19 17:55:54] [info] ➡️ GET /api/users/info 요청 from ::1
[2025-08-19 17:55:54] [info] ➡️ GET /api/users/me/transactions?status=pending 요청 from ::1
[2025-08-19 18:00:01] [info] ➡️ GET /api/platforms?lang=ko 요청 from ::1
[2025-08-19 18:00:01] [info] ➡️ GET /api/exchange-rate 요청 from ::1
[2025-08-19 18:00:01] [info] ➡️ GET /api/users/info 요청 from ::1
[2025-08-19 18:00:01] [info] ➡️ GET /api/platforms?lang=ko 요청 from ::1
[2025-08-19 18:00:01] [info] ➡️ GET /api/users/me/transactions?status=pending 요청 from ::1
[2025-08-19 18:00:01] [info] ➡️ GET /api/users/me 요청 from ::1
[2025-08-19 18:00:01] [info] ➡️ GET /api/users/me 요청 from ::1
[2025-08-19 18:00:01] [info] ➡️ GET /api/users/me/transactions?type=charge&lang=ko 요청 from ::1
[2025-08-19 18:00:01] [info] ➡️ GET /api/users/me/transactions?type=charge&lang=ko 요청 from ::1
[2025-08-19 18:00:02] [info] ➡️ GET /api/exchange-rate 요청 from ::1
[2025-08-19 18:00:09] [info] ➡️ POST /api/transactions 요청 from ::1
[2025-08-19 18:00:11] [info] ➡️ GET /trade/recharge 요청 from ::1
[2025-08-19 18:00:11] [info] ➡️ GET /.well-known/appspecific/com.chrome.devtools.json 요청 from ::1
[2025-08-19 18:00:12] [info] ➡️ GET /api/platforms?lang=ko 요청 from ::1
[2025-08-19 18:00:12] [info] ➡️ GET /api/exchange-rate 요청 from ::1
[2025-08-19 18:00:12] [info] ➡️ GET /api/users/info 요청 from ::1
[2025-08-19 18:00:12] [info] ➡️ GET /api/users/me/transactions?status=pending 요청 from ::1
[2025-08-19 18:00:12] [info] ➡️ GET /api/platforms?lang=ko 요청 from ::1
[2025-08-19 18:00:12] [info] ➡️ GET /api/users/me 요청 from ::1
[2025-08-19 18:00:12] [info] ➡️ GET /api/users/me 요청 from ::1
[2025-08-19 18:00:12] [info] ➡️ GET /api/users/me/transactions?type=charge&lang=ko 요청 from ::1
[2025-08-19 18:00:12] [info] ➡️ GET /api/users/me/transactions?type=charge&lang=ko 요청 from ::1
[2025-08-19 18:00:15] [info] ➡️ GET /api/exchange-rate 요청 from ::1
[2025-08-19 18:00:15] [info] ➡️ GET /api/users/info 요청 from ::1
[2025-08-19 18:00:15] [info] ➡️ GET /api/users/me/transactions?status=pending 요청 from ::1
[2025-08-19 18:00:18] [info] ➡️ GET / 요청 from ::1
[2025-08-19 18:00:18] [info] ➡️ GET /.well-known/appspecific/com.chrome.devtools.json 요청 from ::1
[2025-08-19 18:00:18] [info] ➡️ GET /api/exchange-rate 요청 from ::1
[2025-08-19 18:00:18] [info] ➡️ GET /api/exchange-rate 요청 from ::1
[2025-08-19 18:00:18] [info] ➡️ GET /api/users/notices?limit=3&lang=ko 요청 from ::1
[2025-08-19 18:00:21] [info] ➡️ GET /api/exchange-rate 요청 from ::1
[2025-08-19 18:00:26] [info] ➡️ POST /api/users/login 요청 from ::1
[2025-08-19 18:00:26] [info] ➡️ GET /api/admin/summary 요청 from ::1
[2025-08-19 18:00:29] [info] ➡️ GET /api/admin/users?username=&status=&startDate=&endDate=&warningOnly=false&platform=&referral_id=&page=1&limit=15 요청 from ::1
[2025-08-19 18:00:29] [info] ➡️ GET /api/platforms?lang=ko 요청 from ::1
[2025-08-19 18:00:33] [info] ➡️ GET /api/admin/messages/sent 요청 from ::1
[2025-08-19 18:00:38] [info] ➡️ GET /api/admin/transactions/wallet-charge?page=1&limit=20&username=&status=&currency=&startDate=&endDate= 요청 from ::1
[2025-08-19 18:00:39] [info] ➡️ PATCH /api/admin/transactions/wallet-charge/128/approve 요청 from ::1
[2025-08-19 18:00:41] [info] ➡️ GET /api/admin/transactions/wallet-charge?page=1&limit=20&username=&status=&currency=&startDate=&endDate= 요청 from ::1
[2025-08-19 18:00:55] [info] ➡️ GET /api/admin/trade/recharge?page=1&username=&status=&currency=&startDate=&endDate= 요청 from ::1
[2025-08-19 18:00:56] [info] ➡️ PATCH /api/admin/trade/recharge/129/reject 요청 from ::1
[2025-08-19 18:00:56] [info] ➡️ GET /api/admin/trade/recharge?page=1&username=&status=&currency=&startDate=&endDate= 요청 from ::1
[2025-08-19 18:02:12] [info] ➡️ GET / 요청 from ::1
[2025-08-19 18:02:13] [info] ➡️ GET /?preview=true 요청 from ::1
[2025-08-19 18:02:14] [info] ➡️ GET /api/exchange-rate 요청 from ::1
[2025-08-19 18:02:14] [info] ➡️ GET /api/users/notices?limit=3&lang=ko 요청 from ::1
[2025-08-19 18:02:16] [info] ➡️ GET /api/exchange-rate 요청 from ::1
[2025-08-19 18:02:16] [info] ➡️ GET /api/exchange-rate 요청 from ::1
[2025-08-19 18:02:21] [info] ➡️ POST /api/users/login 요청 from ::1
[2025-08-19 18:02:21] [info] ➡️ GET /api/exchange-rate 요청 from ::1
[2025-08-19 18:02:21] [info] ➡️ GET /api/users/info 요청 from ::1
[2025-08-19 18:02:21] [info] ➡️ GET /api/users/notices?limit=3&lang=ko 요청 from ::1
[2025-08-19 18:02:22] [info] ➡️ GET /api/exchange-rate 요청 from ::1
[2025-08-19 18:02:26] [info] ➡️ GET /api/exchange-rate 요청 from ::1
[2025-08-19 18:02:26] [info] ➡️ GET /api/users/info 요청 from ::1
[2025-08-19 18:02:26] [info] ➡️ GET /api/users/me/transactions?status=pending 요청 from ::1
[2025-08-19 18:02:28] [info] ➡️ GET /api/exchange-rate 요청 from ::1
[2025-08-19 18:02:31] [info] ➡️ POST /api/transactions/wallet/charge 요청 from ::1
[2025-08-19 18:02:37] [info] ➡️ GET /wallet/charge 요청 from ::1
[2025-08-19 18:02:37] [info] ➡️ GET /api/exchange-rate 요청 from ::1
[2025-08-19 18:02:37] [info] ➡️ GET /api/users/info 요청 from ::1
[2025-08-19 18:02:37] [info] ➡️ GET /api/users/me/transactions?status=pending 요청 from ::1
[2025-08-19 18:02:58] [info] ➡️ GET /api/exchange-rate 요청 from ::1
[2025-08-19 18:02:58] [info] ➡️ GET /api/users/info 요청 from ::1
[2025-08-19 18:02:58] [info] ➡️ GET /api/users/me/wallet-history 요청 from ::1
[2025-08-19 18:02:58] [info] ➡️ GET /api/users/me 요청 from ::1
[2025-08-19 18:03:23] [info] ➡️ GET /api/exchange-rate 요청 from ::1
[2025-08-19 18:03:23] [info] ➡️ GET /api/users/info 요청 from ::1
[2025-08-19 18:03:23] [info] ➡️ GET /api/users/me/transactions?status=pending 요청 from ::1
[2025-08-19 18:03:58] [info] ➡️ GET /api/exchange-rate 요청 from ::1
[2025-08-19 18:04:01] [info] ➡️ POST /api/transactions/wallet/charge 요청 from ::1
[2025-08-19 18:04:06] [info] ➡️ GET /wallet/charge 요청 from ::1
[2025-08-19 18:04:06] [info] ➡️ GET /api/exchange-rate 요청 from ::1
[2025-08-19 18:04:06] [info] ➡️ GET /api/users/info 요청 from ::1
[2025-08-19 18:04:06] [info] ➡️ GET /api/users/me/transactions?status=pending 요청 from ::1
[2025-08-19 18:05:10] [info] ➡️ GET /.well-known/appspecific/com.chrome.devtools.json 요청 from ::1
[2025-08-19 18:05:10] [info] ➡️ GET /wallet/charge 요청 from ::1
[2025-08-19 18:05:10] [info] ➡️ GET /.well-known/appspecific/com.chrome.devtools.json 요청 from ::1
[2025-08-19 18:05:46] [info] ➡️ GET /wallet/charge 요청 from ::1
[2025-08-19 18:05:46] [info] ➡️ GET /.well-known/appspecific/com.chrome.devtools.json 요청 from ::1
[2025-08-19 18:05:46] [info] ➡️ GET /api/exchange-rate 요청 from ::1
[2025-08-19 18:05:46] [info] ➡️ GET /api/users/info 요청 from ::1
[2025-08-19 18:05:46] [info] ➡️ GET /api/users/me/transactions?status=pending 요청 from ::1
[2025-08-19 18:09:00] [info] 🚀 서버 실행 중: http://localhost:3000
[2025-08-19 18:09:06] [info] ➡️ GET /api/exchange-rate 요청 from ::1
[2025-08-19 18:09:06] [info] ➡️ GET /api/users/info 요청 from ::1
[2025-08-19 18:09:06] [info] ➡️ GET /api/users/notices?limit=3&lang=ko 요청 from ::1
[2025-08-19 18:09:06] [info] ➡️ GET /api/exchange-rate 요청 from ::1
[2025-08-19 18:09:10] [info] ➡️ GET /api/exchange-rate 요청 from ::1
[2025-08-19 18:09:10] [info] ➡️ GET /api/users/info 요청 from ::1
[2025-08-19 18:09:10] [info] ➡️ GET /api/users/me/transactions?status=pending 요청 from ::1
[2025-08-19 18:11:30] [info] 🚀 서버 실행 중: http://localhost:3000
[2025-08-19 18:11:33] [info] ➡️ GET /wallet/charge 요청 from ::1
[2025-08-19 18:11:33] [info] ➡️ GET /.well-known/appspecific/com.chrome.devtools.json 요청 from ::1
[2025-08-19 18:11:34] [info] ➡️ GET /api/exchange-rate 요청 from ::1
[2025-08-19 18:11:34] [info] ➡️ GET /api/users/info 요청 from ::1
[2025-08-19 18:11:34] [info] ➡️ GET /api/users/me/transactions?status=pending 요청 from ::1
[2025-08-19 18:11:37] [info] ➡️ GET /wallet/charge 요청 from ::1
[2025-08-19 18:11:37] [info] ➡️ GET /.well-known/appspecific/com.chrome.devtools.json 요청 from ::1
[2025-08-19 18:11:38] [info] ➡️ GET /api/exchange-rate 요청 from ::1
[2025-08-19 18:11:38] [info] ➡️ GET /api/users/info 요청 from ::1
[2025-08-19 18:11:38] [info] ➡️ GET /api/users/me/transactions?status=pending 요청 from ::1
[2025-08-19 18:12:52] [info] ➡️ GET /wallet/charge 요청 from ::1
[2025-08-19 18:12:52] [info] ➡️ GET /.well-known/appspecific/com.chrome.devtools.json 요청 from ::1
[2025-08-19 18:12:53] [info] ➡️ GET /api/exchange-rate 요청 from ::1
[2025-08-19 18:12:53] [info] ➡️ GET /api/users/info 요청 from ::1
[2025-08-19 18:12:53] [info] ➡️ GET /api/users/me/transactions?status=pending 요청 from ::1
[2025-08-19 18:14:59] [info] ➡️ GET /wallet/charge 요청 from ::1
[2025-08-19 18:14:59] [info] ➡️ GET /.well-known/appspecific/com.chrome.devtools.json 요청 from ::1
[2025-08-19 18:15:00] [info] ➡️ GET /api/exchange-rate 요청 from ::1
[2025-08-19 18:15:00] [info] ➡️ GET /api/users/info 요청 from ::1
[2025-08-19 18:15:00] [info] ➡️ GET /api/users/me/transactions?status=pending 요청 from ::1
[2025-08-19 18:15:01] [info] ➡️ GET /wallet/charge 요청 from ::1
[2025-08-19 18:15:01] [info] ➡️ GET /.well-known/appspecific/com.chrome.devtools.json 요청 from ::1
[2025-08-19 18:15:02] [info] ➡️ GET /api/exchange-rate 요청 from ::1
[2025-08-19 18:15:02] [info] ➡️ GET /api/users/info 요청 from ::1
[2025-08-19 18:15:02] [info] ➡️ GET /api/users/me/transactions?status=pending 요청 from ::1
[2025-08-19 18:17:37] [info] ➡️ GET /wallet/charge 요청 from ::1
[2025-08-19 18:17:37] [info] ➡️ GET /.well-known/appspecific/com.chrome.devtools.json 요청 from ::1
[2025-08-19 18:17:38] [info] ➡️ GET /api/exchange-rate 요청 from ::1
[2025-08-19 18:17:38] [info] ➡️ GET /api/users/info 요청 from ::1
[2025-08-19 18:17:38] [info] ➡️ GET /api/users/me/transactions?status=pending 요청 from ::1
[2025-08-19 18:26:22] [info] ➡️ GET / 요청 from ::1
[2025-08-19 18:26:23] [info] ➡️ GET /api/exchange-rate 요청 from ::1
[2025-08-19 18:26:23] [info] ➡️ GET /api/users/notices?limit=3&lang=en 요청 from ::1
[2025-08-19 18:26:25] [info] ➡️ GET /api/exchange-rate 요청 from ::1
[2025-08-19 18:26:27] [info] ➡️ GET /?preview=true 요청 from ::1
[2025-08-19 18:26:27] [info] ➡️ GET /api/exchange-rate 요청 from ::1
[2025-08-19 18:26:27] [info] ➡️ GET /api/users/notices?limit=3&lang=en 요청 from ::1
[2025-08-19 18:26:28] [info] ➡️ GET /api/exchange-rate 요청 from ::1
[2025-08-19 18:28:02] [info] ➡️ GET /api/exchange-rate 요청 from ::1
[2025-08-19 18:28:06] [info] ➡️ POST /api/users/login 요청 from ::1
[2025-08-19 18:28:08] [info] ➡️ POST /api/users/login 요청 from ::1
[2025-08-19 18:28:08] [info] ➡️ GET /api/exchange-rate 요청 from ::1
[2025-08-19 18:28:08] [info] ➡️ GET /api/users/info 요청 from ::1
[2025-08-19 18:28:08] [info] ➡️ GET /api/users/notices?limit=3&lang=en 요청 from ::1
[2025-08-19 18:28:09] [info] ➡️ GET /api/exchange-rate 요청 from ::1
[2025-08-19 18:28:10] [info] ➡️ GET /api/exchange-rate 요청 from ::1
[2025-08-19 18:28:10] [info] ➡️ GET /api/users/info 요청 from ::1
[2025-08-19 18:28:10] [info] ➡️ GET /api/users/me/transactions?status=pending 요청 from ::1
[2025-08-19 18:28:15] [info] ➡️ GET /api/platforms?lang=ko 요청 from ::1
[2025-08-19 18:28:15] [info] ➡️ GET /api/exchange-rate 요청 from ::1
[2025-08-19 18:28:15] [info] ➡️ GET /api/users/info 요청 from ::1
[2025-08-19 18:28:15] [info] ➡️ GET /api/users/me/transactions?status=pending 요청 from ::1
[2025-08-19 18:28:15] [info] ➡️ GET /api/platforms?lang=ko 요청 from ::1
[2025-08-19 18:28:15] [info] ➡️ GET /api/users/me 요청 from ::1
[2025-08-19 18:28:15] [info] ➡️ GET /api/users/me 요청 from ::1
[2025-08-19 18:28:15] [info] ➡️ GET /api/users/me/transactions?type=charge&lang=ko 요청 from ::1
[2025-08-19 18:28:15] [info] ➡️ GET /api/users/me/transactions?type=charge&lang=ko 요청 from ::1
[2025-08-19 18:28:17] [info] ➡️ GET /api/exchange-rate 요청 from ::1
[2025-08-19 18:28:17] [info] ➡️ GET /api/users/info 요청 from ::1
[2025-08-19 18:28:17] [info] ➡️ GET /api/users/me/transactions?status=pending 요청 from ::1
[2025-08-19 18:28:18] [info] ➡️ GET /.well-known/appspecific/com.chrome.devtools.json 요청 from ::1
[2025-08-19 18:30:27] [info] ➡️ GET / 요청 from ::1
[2025-08-19 18:30:27] [info] ➡️ GET /api/exchange-rate 요청 from ::1
[2025-08-19 18:30:27] [info] ➡️ GET /.well-known/appspecific/com.chrome.devtools.json 요청 from ::1
[2025-08-19 18:30:28] [info] ➡️ GET /api/exchange-rate 요청 from ::1
[2025-08-19 18:30:28] [info] ➡️ GET /api/exchange-rate 요청 from ::1
[2025-08-19 18:30:28] [info] ➡️ GET /api/users/notices?limit=3&lang=ko 요청 from ::1
[2025-08-19 18:30:39] [info] ➡️ GET /api/exchange-rate 요청 from ::1
[2025-08-19 18:30:45] [info] ➡️ POST /api/users/login 요청 from ::1
[2025-08-19 18:30:45] [info] ➡️ GET /api/exchange-rate 요청 from ::1
[2025-08-19 18:30:45] [info] ➡️ GET /api/users/info 요청 from ::1
[2025-08-19 18:30:45] [info] ➡️ GET /api/users/notices?limit=3&lang=ko 요청 from ::1
[2025-08-19 18:30:45] [info] ➡️ GET /api/exchange-rate 요청 from ::1
[2025-08-19 18:30:48] [info] ➡️ GET /api/exchange-rate 요청 from ::1
[2025-08-19 18:30:48] [info] ➡️ GET /api/users/info 요청 from ::1
[2025-08-19 18:30:48] [info] ➡️ GET /api/users/me/transactions?status=pending 요청 from ::1
[2025-08-19 18:32:13] [info] ➡️ GET /wallet/charge 요청 from ::1
[2025-08-19 18:32:13] [info] ➡️ GET /.well-known/appspecific/com.chrome.devtools.json 요청 from ::1
[2025-08-19 18:33:04] [info] ➡️ GET /wallet/charge 요청 from ::1
[2025-08-19 18:33:04] [info] ➡️ GET /.well-known/appspecific/com.chrome.devtools.json 요청 from ::1
[2025-08-19 18:33:04] [info] ➡️ GET /api/exchange-rate 요청 from ::1
[2025-08-19 18:33:04] [info] ➡️ GET /api/users/info 요청 from ::1
[2025-08-19 18:33:04] [info] ➡️ GET /api/users/me/transactions?status=pending 요청 from ::1
[2025-08-19 18:35:23] [info] 🚀 서버 실행 중: http://localhost:3000
[2025-08-19 18:35:26] [info] ➡️ GET /wallet/charge 요청 from ::1
[2025-08-19 18:35:26] [info] ➡️ GET /.well-known/appspecific/com.chrome.devtools.json 요청 from ::1
[2025-08-19 18:35:27] [info] ➡️ GET /api/exchange-rate 요청 from ::1
[2025-08-19 18:35:27] [info] ➡️ GET /api/users/info 요청 from ::1
[2025-08-19 18:35:27] [info] ➡️ GET /api/users/me/transactions?status=pending 요청 from ::1
[2025-08-19 18:35:32] [info] ➡️ GET /wallet/charge 요청 from ::1
[2025-08-19 18:35:32] [info] ➡️ GET /.well-known/appspecific/com.chrome.devtools.json 요청 from ::1
[2025-08-19 18:35:32] [info] ➡️ GET /api/exchange-rate 요청 from ::1
[2025-08-19 18:35:32] [info] ➡️ GET /api/users/info 요청 from ::1
[2025-08-19 18:35:32] [info] ➡️ GET /api/users/me/transactions?status=pending 요청 from ::1
[2025-08-19 18:42:05] [info] 🚀 서버 실행 중: http://localhost:3000
[2025-08-19 18:42:10] [info] ➡️ GET /api/platforms?lang=ko 요청 from ::1
[2025-08-19 18:42:10] [info] ➡️ GET /api/exchange-rate 요청 from ::1
[2025-08-19 18:42:10] [info] ➡️ GET /api/users/info 요청 from ::1
[2025-08-19 18:42:10] [info] ➡️ GET /api/users/me/transactions?status=pending 요청 from ::1
[2025-08-19 18:42:10] [info] ➡️ GET /api/platforms?lang=ko 요청 from ::1
[2025-08-19 18:42:10] [info] ➡️ GET /api/users/me 요청 from ::1
[2025-08-19 18:42:10] [info] ➡️ GET /api/users/me 요청 from ::1
[2025-08-19 18:42:10] [info] ➡️ GET /api/users/me/transactions?type=charge&lang=ko 요청 from ::1
[2025-08-19 18:42:10] [info] ➡️ GET /api/users/me/transactions?type=charge&lang=ko 요청 from ::1
[2025-08-19 18:42:13] [info] ➡️ GET /trade/recharge 요청 from ::1
[2025-08-19 18:42:13] [info] ➡️ GET /.well-known/appspecific/com.chrome.devtools.json 요청 from ::1
[2025-08-19 18:42:15] [info] ➡️ GET /api/platforms?lang=ko 요청 from ::1
[2025-08-19 18:42:15] [info] ➡️ GET /api/exchange-rate 요청 from ::1
[2025-08-19 18:42:15] [info] ➡️ GET /api/users/info 요청 from ::1
[2025-08-19 18:42:15] [info] ➡️ GET /api/users/me/transactions?status=pending 요청 from ::1
[2025-08-19 18:42:15] [info] ➡️ GET /api/platforms?lang=ko 요청 from ::1
[2025-08-19 18:42:15] [info] ➡️ GET /api/users/me 요청 from ::1
[2025-08-19 18:42:15] [info] ➡️ GET /api/users/me 요청 from ::1
[2025-08-19 18:42:15] [info] ➡️ GET /api/users/me/transactions?type=charge&lang=ko 요청 from ::1
[2025-08-19 18:42:15] [info] ➡️ GET /api/users/me/transactions?type=charge&lang=ko 요청 from ::1
[2025-08-19 18:42:21] [info] ➡️ GET /api/exchange-rate 요청 from ::1
[2025-08-19 18:42:21] [info] ➡️ GET /api/users/info 요청 from ::1
[2025-08-19 18:42:21] [info] ➡️ GET /api/users/me/transactions?status=pending 요청 from ::1
[2025-08-19 18:42:25] [info] ➡️ GET /wallet/charge 요청 from ::1
[2025-08-19 18:42:25] [info] ➡️ GET /.well-known/appspecific/com.chrome.devtools.json 요청 from ::1
[2025-08-19 18:42:25] [info] ➡️ GET /api/exchange-rate 요청 from ::1
[2025-08-19 18:42:25] [info] ➡️ GET /api/users/info 요청 from ::1
[2025-08-19 18:42:25] [info] ➡️ GET /api/users/me/transactions?status=pending 요청 from ::1
[2025-08-19 18:43:08] [info] ➡️ GET /wallet/charge 요청 from ::1
[2025-08-19 18:43:08] [info] ➡️ GET /.well-known/appspecific/com.chrome.devtools.json 요청 from ::1
[2025-08-19 18:43:09] [info] ➡️ GET /api/exchange-rate 요청 from ::1
[2025-08-19 18:43:09] [info] ➡️ GET /api/users/info 요청 from ::1
[2025-08-19 18:43:09] [info] ➡️ GET /api/users/me/transactions?status=pending 요청 from ::1
[2025-08-19 18:44:03] [info] 🚀 서버 실행 중: http://localhost:3000
[2025-08-19 18:44:05] [info] ➡️ GET /api/exchange-rate 요청 from ::1
[2025-08-19 18:44:05] [info] ➡️ GET /api/users/info 요청 from ::1
[2025-08-19 18:44:05] [info] ➡️ GET /api/exchange-rate 요청 from ::1
[2025-08-19 18:44:05] [info] ➡️ GET /api/users/notices?limit=3&lang=ko 요청 from ::1
[2025-08-19 18:44:09] [info] ➡️ GET /api/exchange-rate 요청 from ::1
[2025-08-19 18:44:09] [info] ➡️ GET /api/users/info 요청 from ::1
[2025-08-19 18:44:09] [info] ➡️ GET /api/users/me/transactions?status=pending 요청 from ::1
[2025-08-19 18:44:20] [info] ➡️ GET /api/exchange-rate 요청 from ::1
[2025-08-19 18:44:20] [info] ➡️ GET /api/users/info 요청 from ::1
[2025-08-19 18:44:20] [info] ➡️ GET /api/users/me/transactions?status=pending 요청 from ::1
[2025-08-19 18:44:20] [info] ➡️ GET /api/platforms?lang=ko 요청 from ::1
[2025-08-19 18:44:34] [info] ➡️ GET /api/exchange-rate 요청 from ::1
[2025-08-19 18:44:34] [info] ➡️ GET /api/users/info 요청 from ::1
[2025-08-19 18:44:34] [info] ➡️ GET /api/users/me/transactions?status=pending 요청 from ::1
[2025-08-19 18:44:38] [info] ➡️ GET /api/platforms?lang=ko 요청 from ::1
[2025-08-19 18:44:38] [info] ➡️ GET /api/exchange-rate 요청 from ::1
[2025-08-19 18:44:38] [info] ➡️ GET /api/users/info 요청 from ::1
[2025-08-19 18:44:38] [info] ➡️ GET /api/users/me/transactions?status=pending 요청 from ::1
[2025-08-19 18:44:38] [info] ➡️ GET /api/platforms?lang=ko 요청 from ::1
[2025-08-19 18:44:38] [info] ➡️ GET /api/users/me 요청 from ::1
[2025-08-19 18:44:38] [info] ➡️ GET /api/users/me/transactions?type=charge&lang=ko 요청 from ::1
[2025-08-19 18:44:38] [info] ➡️ GET /api/users/me 요청 from ::1
[2025-08-19 18:44:38] [info] ➡️ GET /api/users/me/transactions?type=charge&lang=ko 요청 from ::1
[2025-08-19 18:46:46] [info] ➡️ GET /api/exchange-rate 요청 from ::1
[2025-08-19 18:46:46] [info] ➡️ GET /api/users/info 요청 from ::1
[2025-08-19 18:46:46] [info] ➡️ GET /api/exchange-rate 요청 from ::1
[2025-08-19 18:46:46] [info] ➡️ GET /api/users/notices?limit=3&lang=ko 요청 from ::1
[2025-08-19 18:46:50] [info] ➡️ GET /api/exchange-rate 요청 from ::1
[2025-08-19 18:46:50] [info] ➡️ GET /api/users/info 요청 from ::1
[2025-08-19 18:46:50] [info] ➡️ GET /api/platforms?lang=ko 요청 from ::1
[2025-08-19 18:46:50] [info] ➡️ GET /api/users/me/transactions?status=pending 요청 from ::1
[2025-08-19 18:46:56] [info] ➡️ GET /api/exchange-rate 요청 from ::1
[2025-08-19 18:46:56] [info] ➡️ GET /api/users/info 요청 from ::1
[2025-08-19 18:46:56] [info] ➡️ GET /api/users/me/transactions?status=pending 요청 from ::1
[2025-08-19 18:47:55] [info] ➡️ GET /wallet/charge 요청 from ::1
[2025-08-19 18:47:55] [info] ➡️ GET /.well-known/appspecific/com.chrome.devtools.json 요청 from ::1
[2025-08-19 18:47:57] [info] ➡️ GET /api/exchange-rate 요청 from ::1
[2025-08-19 18:47:57] [info] ➡️ GET /api/users/info 요청 from ::1
[2025-08-19 18:47:57] [info] ➡️ GET /api/users/me/transactions?status=pending 요청 from ::1
[2025-08-19 18:51:17] [info] ➡️ GET /wallet/charge 요청 from ::1
[2025-08-19 18:51:17] [info] ➡️ GET /.well-known/appspecific/com.chrome.devtools.json 요청 from ::1
[2025-08-19 18:51:17] [info] ➡️ GET /api/exchange-rate 요청 from ::1
[2025-08-19 18:51:17] [info] ➡️ GET /api/users/info 요청 from ::1
[2025-08-19 18:51:17] [info] ➡️ GET /api/users/me/transactions?status=pending 요청 from ::1
[2025-08-19 18:55:08] [info] 🚀 서버 실행 중: http://localhost:3000
[2025-08-19 18:55:46] [info] ➡️ GET /wallet/charge 요청 from ::1
[2025-08-19 18:55:46] [info] ➡️ GET /.well-known/appspecific/com.chrome.devtools.json 요청 from ::1
[2025-08-19 18:55:48] [info] ➡️ GET /api/exchange-rate 요청 from ::1
[2025-08-19 18:55:48] [info] ➡️ GET /api/users/info 요청 from ::1
[2025-08-19 18:55:48] [info] ➡️ GET /api/users/me/transactions?status=pending 요청 from ::1
[2025-08-19 18:57:39] [info] 🚀 서버 실행 중: http://localhost:3000
[2025-08-19 18:57:46] [info] ➡️ GET /wallet/charge 요청 from ::1
[2025-08-19 18:57:46] [info] ➡️ GET /.well-known/appspecific/com.chrome.devtools.json 요청 from ::1
[2025-08-19 18:57:47] [info] ➡️ GET /api/exchange-rate 요청 from ::1
[2025-08-19 18:57:47] [info] ➡️ GET /api/users/info 요청 from ::1
[2025-08-19 18:57:47] [info] ➡️ GET /api/users/me/transactions?status=pending 요청 from ::1
[2025-08-19 19:12:40] [info] ➡️ GET /api/exchange-rate 요청 from ::1
[2025-08-19 19:12:40] [info] ➡️ GET /api/users/info 요청 from ::1
[2025-08-19 19:12:40] [info] ➡️ GET /api/users/info?lang=ko 요청 from ::1
[2025-08-19 19:12:40] [info] ➡️ GET /api/users/me/transactions?status=pending 요청 from ::1
[2025-08-19 19:12:44] [info] ➡️ GET /api/users/me 요청 from ::1
[2025-08-19 19:12:44] [info] ➡️ GET /api/exchange-rate 요청 from ::1
[2025-08-19 19:12:44] [info] ➡️ GET /api/users/info 요청 from ::1
[2025-08-19 19:12:44] [info] ➡️ GET /api/users/me/transactions?status=pending 요청 from ::1
[2025-08-19 19:12:44] [info] ➡️ GET /api/users/me 요청 from ::1
[2025-08-19 19:12:44] [info] ➡️ GET /api/platforms?lang=ko 요청 from ::1
[2025-08-19 19:12:44] [info] ➡️ GET /api/platforms?lang=ko 요청 from ::1
[2025-08-19 19:12:44] [info] ➡️ GET /api/users/me/withdraws 요청 from ::1
[2025-08-19 19:12:44] [info] ➡️ GET /api/users/me/withdraws 요청 from ::1
[2025-08-19 19:12:44] [info] ➡️ GET /api/exchange-rate 요청 from ::1
[2025-08-19 19:12:45] [info] ➡️ GET /api/exchange-rate 요청 from ::1
[2025-08-19 19:12:45] [info] ➡️ GET /api/users/me/withdraws 요청 from ::1
[2025-08-19 19:12:45] [info] ➡️ GET /api/users/me/withdraws 요청 from ::1
[2025-08-19 19:18:49] [info] ➡️ GET / 요청 from ::1
[2025-08-19 19:18:49] [info] ➡️ GET /api/exchange-rate 요청 from ::1
[2025-08-19 19:18:49] [info] ➡️ GET /api/users/notices?limit=3&lang=ko 요청 from ::1
[2025-08-19 19:18:51] [info] ➡️ GET /api/exchange-rate 요청 from ::1
[2025-08-19 19:18:51] [info] ➡️ GET /api/exchange-rate 요청 from ::1
[2025-08-19 19:18:55] [info] ➡️ POST /api/users/login 요청 from ::1
[2025-08-19 19:18:55] [info] ➡️ GET /api/admin/summary 요청 from ::1
[2025-08-19 19:19:00] [info] ➡️ GET /api/admin/message-templates 요청 from ::1
[2025-08-19 19:21:52] [info] ➡️ GET / 요청 from ::1
[2025-08-19 19:21:53] [info] ➡️ GET /?preview=true 요청 from ::1
[2025-08-19 19:21:54] [info] ➡️ GET /api/exchange-rate 요청 from ::1
[2025-08-19 19:21:54] [info] ➡️ GET /api/users/notices?limit=3&lang=ko 요청 from ::1
[2025-08-19 19:21:55] [info] ➡️ GET /api/exchange-rate 요청 from ::1
[2025-08-19 19:22:16] [info] ➡️ GET /.well-known/appspecific/com.chrome.devtools.json 요청 from ::1
[2025-08-19 19:35:46] [info] ➡️ GET /?preview=true 요청 from ::1
[2025-08-19 19:35:46] [info] ➡️ GET /.well-known/appspecific/com.chrome.devtools.json 요청 from ::1
[2025-08-19 19:35:47] [info] ➡️ GET /api/exchange-rate 요청 from ::1
[2025-08-19 19:35:47] [info] ➡️ GET /api/exchange-rate 요청 from ::1
[2025-08-19 19:35:47] [info] ➡️ GET /api/users/notices?limit=3&lang=ko 요청 from ::1
[2025-08-19 19:36:00] [info] ➡️ GET /api/exchange-rate 요청 from ::1
[2025-08-19 19:36:00] [info] ➡️ GET /api/users/notices?lang=ko 요청 from ::1
[2025-08-19 19:36:02] [info] ➡️ GET /api/exchange-rate 요청 from ::1
[2025-08-19 19:36:04] [info] ➡️ GET /api/exchange-rate 요청 from ::1
[2025-08-19 19:36:04] [info] ➡️ GET /api/users/notices?limit=3&lang=ko 요청 from ::1
[2025-08-19 19:36:04] [info] ➡️ GET /api/exchange-rate 요청 from ::1
[2025-08-19 19:54:25] [info] 🚀 서버 실행 중: http://localhost:3000
[2025-08-19 19:54:34] [info] ➡️ GET / 요청 from ::1
[2025-08-19 19:54:34] [info] ➡️ GET /.well-known/appspecific/com.chrome.devtools.json 요청 from ::1
[2025-08-19 19:54:36] [info] ➡️ GET /api/exchange-rate 요청 from ::1
[2025-08-19 19:54:36] [info] ➡️ GET /api/exchange-rate 요청 from ::1
[2025-08-19 19:54:36] [info] ➡️ GET /api/users/notices?limit=3&lang=ko 요청 from ::1
[2025-08-19 19:56:59] [info] ➡️ GET /api/exchange-rate 요청 from ::1
[2025-08-19 19:57:05] [info] ➡️ POST /api/users/login 요청 from ::1
[2025-08-19 19:57:05] [info] ➡️ GET /api/exchange-rate 요청 from ::1
[2025-08-19 19:57:05] [info] ➡️ GET /api/exchange-rate 요청 from ::1
[2025-08-19 19:57:05] [info] ➡️ GET /api/users/info 요청 from ::1
[2025-08-19 19:57:05] [info] ➡️ GET /api/users/notices?limit=3&lang=ko 요청 from ::1
[2025-08-19 20:04:05] [info] 🚀 서버 실행 중: http://localhost:3000
[2025-08-19 21:29:02] [info] 🚀 서버 실행 중: http://localhost:3000
[2025-08-19 21:56:37] [info] 🚀 서버 실행 중: http://localhost:3000
[2025-08-19 21:56:42] [info] ➡️ GET / 요청 from ::1
[2025-08-19 21:56:42] [info] ➡️ GET /api/exchange-rate 요청 from ::1
[2025-08-19 21:56:44] [info] ➡️ GET /api/exchange-rate 요청 from ::1
[2025-08-19 21:56:44] [info] ➡️ GET /api/users/notices?limit=3&lang=ko 요청 from ::1
[2025-08-19 21:56:44] [info] ➡️ GET /api/exchange-rate 요청 from ::1
[2025-08-19 21:56:45] [info] ➡️ GET /api/exchange-rate 요청 from ::1
[2025-08-19 21:56:50] [info] ➡️ POST /api/users/login 요청 from ::1
[2025-08-19 21:56:50] [info] ➡️ GET /api/admin/summary 요청 from ::1
[2025-08-19 21:56:54] [info] ➡️ GET /api/admin/wallet/transfer 요청 from ::1
[2025-08-19 21:56:56] [info] ➡️ GET /api/admin/summary 요청 from ::1
[2025-08-19 21:56:59] [info] ➡️ GET / 요청 from ::1
[2025-08-19 21:57:00] [info] ➡️ GET /api/exchange-rate 요청 from ::1
[2025-08-19 21:57:00] [info] ➡️ GET /api/users/notices?limit=3&lang=ko 요청 from ::1
[2025-08-19 21:57:01] [info] ➡️ GET /api/exchange-rate 요청 from ::1
[2025-08-19 21:57:02] [info] ➡️ GET /api/exchange-rate 요청 from ::1
[2025-08-19 21:57:05] [info] ➡️ POST /api/users/login 요청 from ::1
[2025-08-19 21:57:05] [info] ➡️ GET /api/exchange-rate 요청 from ::1
[2025-08-19 21:57:05] [info] ➡️ GET /api/users/info 요청 from ::1
[2025-08-19 21:57:05] [info] ➡️ GET /api/users/notices?limit=3&lang=ko 요청 from ::1
[2025-08-19 21:57:05] [info] ➡️ GET /api/exchange-rate 요청 from ::1
[2025-08-19 21:57:09] [info] ➡️ GET /api/exchange-rate 요청 from ::1
[2025-08-19 21:57:09] [info] ➡️ GET /api/users/me/transactions/pending-check?status=pending 요청 from ::1
[2025-08-19 21:57:09] [info] ➡️ GET /api/users/info 요청 from ::1
[2025-08-19 21:57:09] [info] ➡️ GET /api/platforms?lang=ko 요청 from ::1
[2025-08-19 21:57:11] [info] ➡️ GET /wallet/history 요청 from ::1
[2025-08-19 21:57:11] [info] ➡️ GET /api/exchange-rate 요청 from ::1
[2025-08-19 21:57:11] [info] ➡️ GET /api/users/info 요청 from ::1
[2025-08-19 21:57:11] [info] ➡️ GET /api/users/me/wallet-history 요청 from ::1
[2025-08-19 21:57:11] [info] ➡️ GET /api/users/me 요청 from ::1
[2025-08-19 21:57:19] [info] ➡️ GET / 요청 from ::1
[2025-08-19 21:57:20] [info] ➡️ GET /api/exchange-rate 요청 from ::1
[2025-08-19 21:57:20] [info] ➡️ GET /api/users/notices?limit=3&lang=ko 요청 from ::1
[2025-08-19 21:57:21] [info] ➡️ GET /api/exchange-rate 요청 from ::1
[2025-08-19 21:57:22] [info] ➡️ GET /api/exchange-rate 요청 from ::1
[2025-08-19 21:57:54] [info] ➡️ POST /api/users/login 요청 from ::1
[2025-08-19 21:57:54] [info] ➡️ GET /api/exchange-rate 요청 from ::1
[2025-08-19 21:57:54] [info] ➡️ GET /api/users/info 요청 from ::1
[2025-08-19 21:57:54] [info] ➡️ GET /api/users/notices?limit=3&lang=ko 요청 from ::1
[2025-08-19 21:57:55] [info] ➡️ GET /api/exchange-rate 요청 from ::1
[2025-08-19 21:57:57] [info] ➡️ GET /api/exchange-rate 요청 from ::1
[2025-08-19 21:57:57] [info] ➡️ GET /api/users/info 요청 from ::1
[2025-08-19 21:57:57] [info] ➡️ GET /api/platforms?lang=ko 요청 from ::1
[2025-08-19 21:57:57] [info] ➡️ GET /api/transactions/wallet/transfer/history 요청 from ::1
[2025-08-19 21:58:29] [info] ➡️ GET / 요청 from ::1
[2025-08-19 21:58:29] [info] ➡️ GET /api/exchange-rate 요청 from ::1
[2025-08-19 21:58:30] [info] ➡️ GET /api/users/notices?limit=3&lang=ko 요청 from ::1
[2025-08-19 21:58:31] [info] ➡️ GET /api/exchange-rate 요청 from ::1
[2025-08-19 21:58:31] [info] ➡️ GET /api/exchange-rate 요청 from ::1
[2025-08-19 21:58:32] [info] ➡️ GET /api/exchange-rate 요청 from ::1
[2025-08-19 21:58:36] [info] ➡️ POST /api/users/login 요청 from ::1
[2025-08-19 21:58:36] [info] ➡️ GET /api/admin/summary 요청 from ::1
[2025-08-19 21:58:43] [info] ➡️ GET /api/admin/trade/recharge?page=1&username=&status=&currency=&startDate=&endDate= 요청 from ::1
[2025-08-19 21:58:46] [info] ➡️ GET /api/admin/trade/withdraw?username=&status=&currency=&startDate=&endDate= 요청 from ::1
[2025-08-19 21:58:49] [info] ➡️ GET /api/admin/transactions/wallet-charge?page=1&limit=20&username=&status=&currency=&startDate=&endDate= 요청 from ::1
[2025-08-19 21:58:52] [info] ➡️ PATCH /api/admin/transactions/wallet-charge/131/approve 요청 from ::1
[2025-08-19 21:58:54] [info] ➡️ GET /api/admin/transactions/wallet-charge?page=1&limit=20&username=&status=&currency=&startDate=&endDate= 요청 from ::1
[2025-08-19 21:58:54] [info] ➡️ PATCH /api/admin/transactions/wallet-charge/130/approve 요청 from ::1
[2025-08-19 21:58:55] [info] ➡️ GET /api/admin/transactions/wallet-charge?page=1&limit=20&username=&status=&currency=&startDate=&endDate= 요청 from ::1
[2025-08-19 21:58:56] [info] ➡️ PATCH /api/admin/transactions/wallet-charge/127/approve 요청 from ::1
[2025-08-19 21:58:56] [info] ➡️ GET /api/admin/transactions/wallet-charge?page=1&limit=20&username=&status=&currency=&startDate=&endDate= 요청 from ::1
[2025-08-19 21:58:59] [info] ➡️ GET /api/admin/transactions/wallet-withdraw?page=1&limit=20 요청 from ::1
[2025-08-19 21:59:04] [info] ➡️ GET /api/admin/transactions/wallet-withdraw?page=1&limit=20&username=test44 요청 from ::1
[2025-08-19 21:59:07] [info] ➡️ GET /api/admin/wallet/transfer 요청 from ::1
[2025-08-19 21:59:16] [info] ➡️ GET / 요청 from ::1
[2025-08-19 21:59:17] [info] ➡️ GET /api/exchange-rate 요청 from ::1
[2025-08-19 21:59:17] [info] ➡️ GET /api/users/notices?limit=3&lang=ko 요청 from ::1
[2025-08-19 21:59:18] [info] ➡️ GET /api/exchange-rate 요청 from ::1
[2025-08-19 21:59:18] [info] ➡️ GET /api/exchange-rate 요청 from ::1
[2025-08-19 21:59:22] [info] ➡️ POST /api/users/login 요청 from ::1
[2025-08-19 21:59:22] [info] ➡️ GET /api/exchange-rate 요청 from ::1
[2025-08-19 21:59:22] [info] ➡️ GET /api/users/info 요청 from ::1
[2025-08-19 21:59:22] [info] ➡️ GET /api/users/notices?limit=3&lang=ko 요청 from ::1
[2025-08-19 21:59:23] [info] ➡️ GET /api/exchange-rate 요청 from ::1
[2025-08-19 21:59:25] [info] ➡️ GET /api/exchange-rate 요청 from ::1
[2025-08-19 21:59:25] [info] ➡️ GET /api/users/info 요청 from ::1
[2025-08-19 21:59:25] [info] ➡️ GET /api/users/me/transactions/pending-check?status=pending 요청 from ::1
[2025-08-19 21:59:27] [info] ➡️ GET /api/exchange-rate 요청 from ::1
[2025-08-19 21:59:27] [info] ➡️ GET /api/users/info 요청 from ::1
[2025-08-19 21:59:27] [info] ➡️ GET /api/platforms?lang=ko 요청 from ::1
[2025-08-19 21:59:27] [info] ➡️ GET /api/users/me/transactions/pending-check?status=pending 요청 from ::1
[2025-08-19 21:59:42] [info] ➡️ GET /api/users/me/transactions/pending-check?status=pending 요청 from ::1
[2025-08-19 21:59:42] [info] ➡️ POST /api/transactions/wallet/transfer 요청 from ::1
[2025-08-19 21:59:50] [info] ➡️ GET /wallet/transfer 요청 from ::1
[2025-08-19 21:59:51] [info] ➡️ GET /api/exchange-rate 요청 from ::1
[2025-08-19 21:59:51] [info] ➡️ GET /api/users/info 요청 from ::1
[2025-08-19 21:59:51] [info] ➡️ GET /api/platforms?lang=ko 요청 from ::1
[2025-08-19 21:59:51] [info] ➡️ GET /api/users/me/transactions/pending-check?status=pending 요청 from ::1
[2025-08-19 22:00:32] [info] ➡️ GET / 요청 from ::1
[2025-08-19 22:00:32] [info] ➡️ GET /api/exchange-rate 요청 from ::1
[2025-08-19 22:00:32] [info] ➡️ GET /api/users/notices?limit=3&lang=ko 요청 from ::1
[2025-08-19 22:00:34] [info] ➡️ GET /api/exchange-rate 요청 from ::1
[2025-08-19 22:00:34] [info] ➡️ GET /api/exchange-rate 요청 from ::1
[2025-08-19 22:00:38] [info] ➡️ POST /api/users/login 요청 from ::1
[2025-08-19 22:00:38] [info] ➡️ GET /api/admin/summary 요청 from ::1
[2025-08-19 22:00:43] [info] ➡️ GET /api/admin/wallet/transfer 요청 from ::1
[2025-08-19 22:00:45] [info] ➡️ PATCH /api/admin/wallet/transfer/132/approve 요청 from ::1
[2025-08-19 22:00:45] [info] ➡️ GET /api/admin/wallet/transfer 요청 from ::1
[2025-08-19 22:07:33] [info] 🚀 서버 실행 중: http://localhost:3000
[2025-08-19 22:07:44] [info] ➡️ GET / 요청 from ::1
[2025-08-19 22:07:45] [info] ➡️ GET /api/exchange-rate 요청 from ::1
[2025-08-19 22:07:45] [info] ➡️ GET /api/users/notices?limit=3&lang=ko 요청 from ::1
[2025-08-19 22:07:47] [info] ➡️ GET /api/exchange-rate 요청 from ::1
[2025-08-19 22:07:47] [info] ➡️ GET /api/exchange-rate 요청 from ::1
[2025-08-19 22:07:52] [info] ➡️ POST /api/users/login 요청 from ::1
[2025-08-19 22:07:52] [info] ➡️ GET /api/exchange-rate 요청 from ::1
[2025-08-19 22:07:52] [info] ➡️ GET /api/users/info 요청 from ::1
[2025-08-19 22:07:52] [info] ➡️ GET /api/users/notices?limit=3&lang=ko 요청 from ::1
[2025-08-19 22:07:52] [info] ➡️ GET /api/exchange-rate 요청 from ::1
[2025-08-19 22:07:55] [info] ➡️ GET /api/exchange-rate 요청 from ::1
[2025-08-19 22:07:55] [info] ➡️ GET /api/users/info 요청 from ::1
[2025-08-19 22:07:55] [info] ➡️ GET /api/platforms?lang=ko 요청 from ::1
[2025-08-19 22:07:55] [info] ➡️ GET /api/users/me/transactions/pending-check?status=pending 요청 from ::1
[2025-08-19 22:08:08] [info] ➡️ GET /api/users/me/transactions/pending-check?status=pending 요청 from ::1
[2025-08-19 22:08:08] [info] ➡️ POST /api/transactions/wallet/transfer 요청 from ::1
[2025-08-19 22:08:11] [info] ➡️ GET /wallet/transfer 요청 from ::1
[2025-08-19 22:08:11] [info] ➡️ GET /api/exchange-rate 요청 from ::1
[2025-08-19 22:08:11] [info] ➡️ GET /api/users/info 요청 from ::1
[2025-08-19 22:08:11] [info] ➡️ GET /api/platforms?lang=ko 요청 from ::1
[2025-08-19 22:08:11] [info] ➡️ GET /api/users/me/transactions/pending-check?status=pending 요청 from ::1
[2025-08-19 22:08:15] [info] ➡️ GET / 요청 from ::1
[2025-08-19 22:08:15] [info] ➡️ GET /api/exchange-rate 요청 from ::1
[2025-08-19 22:08:15] [info] ➡️ GET /api/users/notices?limit=3&lang=ko 요청 from ::1
[2025-08-19 22:08:15] [info] ➡️ GET /api/exchange-rate 요청 from ::1
[2025-08-19 22:08:16] [info] ➡️ GET /api/exchange-rate 요청 from ::1
[2025-08-19 22:08:20] [info] ➡️ POST /api/users/login 요청 from ::1
[2025-08-19 22:08:20] [info] ➡️ GET /api/admin/summary 요청 from ::1
[2025-08-19 22:08:24] [info] ➡️ GET /api/admin/wallet/transfer 요청 from ::1
[2025-08-19 22:08:26] [info] ➡️ PATCH /api/admin/wallet/transfer/133/approve 요청 from ::1
[2025-08-19 22:08:26] [info] ➡️ GET /api/admin/wallet/transfer 요청 from ::1
[2025-08-19 22:19:09] [info] ➡️ GET / 요청 from ::1
[2025-08-19 22:19:10] [info] ➡️ GET /api/exchange-rate 요청 from ::1
[2025-08-19 22:19:10] [info] ➡️ GET /api/users/notices?limit=3&lang=ko 요청 from ::1
[2025-08-19 22:19:11] [info] ➡️ GET /api/exchange-rate 요청 from ::1
[2025-08-19 22:19:12] [info] ➡️ GET /api/exchange-rate 요청 from ::1
[2025-08-19 22:19:20] [info] ➡️ POST /api/users/login 요청 from ::1
[2025-08-19 22:19:20] [info] ➡️ GET /api/exchange-rate 요청 from ::1
[2025-08-19 22:19:20] [info] ➡️ GET /api/users/info 요청 from ::1
[2025-08-19 22:19:20] [info] ➡️ GET /api/users/notices?limit=3&lang=ko 요청 from ::1
[2025-08-19 22:19:21] [info] ➡️ GET /api/exchange-rate 요청 from ::1
[2025-08-19 22:19:24] [info] ➡️ GET /api/exchange-rate 요청 from ::1
[2025-08-19 22:19:24] [info] ➡️ GET /api/users/info 요청 from ::1
[2025-08-19 22:19:24] [info] ➡️ GET /api/platforms?lang=ko 요청 from ::1
[2025-08-19 22:19:24] [info] ➡️ GET /api/users/me/transactions/pending-check?status=pending 요청 from ::1
[2025-08-19 22:19:37] [info] ➡️ GET /api/users/me/transactions/pending-check?status=pending 요청 from ::1
[2025-08-19 22:19:37] [info] ➡️ POST /api/transactions/wallet/transfer 요청 from ::1
[2025-08-19 22:19:39] [info] ➡️ GET /wallet/transfer 요청 from ::1
[2025-08-19 22:19:40] [info] ➡️ GET /api/exchange-rate 요청 from ::1
[2025-08-19 22:19:40] [info] ➡️ GET /api/users/info 요청 from ::1
[2025-08-19 22:19:40] [info] ➡️ GET /api/platforms?lang=ko 요청 from ::1
[2025-08-19 22:19:40] [info] ➡️ GET /api/users/me/transactions/pending-check?status=pending 요청 from ::1
[2025-08-19 22:36:34] [info] ➡️ GET /api/exchange-rate 요청 from ::1
[2025-08-19 22:36:34] [info] ➡️ GET /api/users/info 요청 from ::1
[2025-08-19 22:36:34] [info] ➡️ GET /api/users/me/transactions/pending-check?status=pending 요청 from ::1
[2025-08-19 22:36:36] [info] ➡️ GET /wallet/charge 요청 from ::1
[2025-08-19 22:36:38] [info] ➡️ GET /api/exchange-rate 요청 from ::1
[2025-08-19 22:36:38] [info] ➡️ GET /api/users/info 요청 from ::1
[2025-08-19 22:36:38] [info] ➡️ GET /api/users/me/transactions/pending-check?status=pending 요청 from ::1
[2025-09-29 15:44:05] [info] 🚀 서버 실행 중: http://localhost:3000
[2025-09-29 15:52:42] [info] ➡️ GET / 요청 from 172.18.0.1
[2025-09-29 15:53:10] [info] ➡️ GET / 요청 from 172.18.0.1
[2025-09-29 15:53:12] [info] ➡️ GET / 요청 from 172.18.0.1
[2025-09-29 15:53:13] [info] ➡️ GET / 요청 from 172.18.0.1
[2025-09-30 00:54:38] [info] 🚀 서버 실행 중: http://localhost:3000
[2025-09-30 00:54:45] [info] ➡️ GET / 요청 from ::1
[2025-09-30 00:55:46] [info] ➡️ GET / 요청 from ::1
[2025-09-30 00:55:46] [info] ➡️ GET /api/exchange-rate 요청 from ::1
[2025-09-30 00:55:46] [info] ➡️ GET /api/users/notices?limit=3&lang=ko 요청 from ::1
[2025-09-30 00:55:47] [info] ➡️ GET /api/exchange-rate 요청 from ::1
[2025-09-30 00:58:35] [info] ➡️ GET / 요청 from ::1
[2025-09-30 00:58:35] [info] ➡️ GET /api/exchange-rate 요청 from ::1
[2025-09-30 00:58:35] [info] ➡️ GET /api/users/notices?limit=3&lang=ko 요청 from ::1
[2025-09-30 00:58:36] [info] ➡️ GET /api/exchange-rate 요청 from ::1
[2025-09-30 00:59:00] [info] ➡️ GET / 요청 from ::1
[2025-09-30 00:59:01] [info] ➡️ GET /api/exchange-rate 요청 from ::1
[2025-09-30 00:59:01] [info] ➡️ GET /api/users/notices?limit=3&lang=ko 요청 from ::1
[2025-09-30 00:59:01] [info] ➡️ GET /api/exchange-rate 요청 from ::1
[2025-09-30 00:59:05] [info] ➡️ GET /api/exchange-rate 요청 from ::1
[2025-09-30 00:59:15] [info] ➡️ POST /api/users/login 요청 from ::1
[2025-09-30 00:59:15] [info] ➡️ GET /api/admin/summary 요청 from ::1
[2025-09-30 00:59:17] [info] ➡️ GET /api/platforms?lang=ko 요청 from ::1
[2025-09-30 00:59:17] [info] ➡️ GET /api/admin/users?username=&status=&startDate=&endDate=&warningOnly=false&platform=&referral_id=&page=1&limit=15 요청 from ::1
[2025-09-30 00:59:32] [info] ➡️ GET /api/admin/messages/sent 요청 from ::1
[2025-09-30 00:59:58] [info] ➡️ GET / 요청 from ::1
[2025-09-30 01:00:00] [info] ➡️ GET /api/exchange-rate 요청 from ::1
[2025-09-30 01:00:00] [info] ➡️ GET /api/users/notices?limit=3&lang=ko 요청 from ::1
[2025-09-30 01:00:01] [info] ➡️ GET /api/exchange-rate 요청 from ::1
[2025-09-30 01:04:07] [info] ➡️ GET / 요청 from ::1
[2025-09-30 01:04:07] [info] ➡️ GET /api/exchange-rate 요청 from ::1
[2025-09-30 01:04:07] [info] ➡️ GET /api/users/notices?limit=3&lang=ko 요청 from ::1
[2025-09-30 01:04:08] [info] ➡️ GET /api/exchange-rate 요청 from ::1
[2025-09-30 01:04:09] [info] ➡️ GET /api/exchange-rate 요청 from ::1
[2025-09-30 01:04:14] [info] ➡️ POST /api/users/login 요청 from ::1
[2025-09-30 01:04:18] [info] ➡️ POST /api/users/login 요청 from ::1
[2025-09-30 01:04:21] [info] ➡️ GET /.well-known/appspecific/com.chrome.devtools.json 요청 from ::1
[2025-09-30 01:08:33] [info] ➡️ POST /api/users/login 요청 from ::1
[2025-09-30 01:10:49] [info] ➡️ POST /api/users/login 요청 from ::1
[2025-09-30 01:10:49] [info] ➡️ GET /api/users/info 요청 from ::1
[2025-09-30 01:10:49] [info] ➡️ GET /api/exchange-rate 요청 from ::1
[2025-09-30 01:10:49] [info] ➡️ GET /api/users/notices?limit=3&lang=ko 요청 from ::1
[2025-09-30 01:10:50] [info] ➡️ GET /api/exchange-rate 요청 from ::1
[2025-09-30 01:10:52] [info] ➡️ GET /api/exchange-rate 요청 from ::1
[2025-09-30 01:10:52] [info] ➡️ GET /api/users/info?lang=ko 요청 from ::1
[2025-09-30 01:10:52] [info] ➡️ GET /api/users/info 요청 from ::1
[2025-09-30 01:10:58] [info] ➡️ GET /api/exchange-rate 요청 from ::1
[2025-09-30 01:10:58] [info] ➡️ GET /api/users/me/wallet-history 요청 from ::1
[2025-09-30 01:10:58] [info] ➡️ GET /api/users/me 요청 from ::1
[2025-09-30 01:10:58] [info] ➡️ GET /api/users/info 요청 from ::1
[2025-09-30 01:52:27] [info] ➡️ GET /api/exchange-rate 요청 from ::1
[2025-09-30 01:52:27] [info] ➡️ GET /api/users/info 요청 from ::1
[2025-09-30 01:52:27] [info] ➡️ GET /api/users/notices?limit=3&lang=ko 요청 from ::1
[2025-09-30 01:52:28] [info] ➡️ GET /api/exchange-rate 요청 from ::1
[2025-09-30 01:53:24] [info] ➡️ GET / 요청 from ::1
[2025-09-30 01:53:25] [info] ➡️ GET /users/notices?limit=3&lang=ko 요청 from ::1
[2025-09-30 01:53:25] [info] ➡️ GET /img/ggclub.jpg 요청 from ::1
[2025-09-30 01:53:25] [info] ➡️ GET /img/xpoker.jpg 요청 from ::1
[2025-09-30 01:53:25] [info] ➡️ GET /img/pokerbros.jpg 요청 from ::1
[2025-09-30 01:53:25] [info] ➡️ GET /img/pokernex.jpg 요청 from ::1
[2025-09-30 01:53:25] [info] ➡️ GET /exchange-rates 요청 from ::1
[2025-09-30 01:54:23] [info] ➡️ GET / 요청 from ::1
[2025-09-30 01:54:23] [info] ➡️ GET /api/exchange-rate 요청 from ::1
[2025-09-30 01:54:23] [info] ➡️ GET /api/users/info 요청 from ::1
[2025-09-30 01:54:23] [info] ➡️ GET /api/users/notices?limit=3&lang=ko 요청 from ::1
[2025-09-30 01:54:24] [info] ➡️ GET /api/exchange-rate 요청 from ::1
[2025-09-30 01:54:26] [info] ➡️ GET /.well-known/appspecific/com.chrome.devtools.json 요청 from ::1
[2025-09-30 01:54:59] [info] ➡️ GET / 요청 from ::1
[2025-09-30 01:54:59] [info] ➡️ GET /.well-known/appspecific/com.chrome.devtools.json 요청 from ::1
[2025-09-30 01:55:00] [info] ➡️ GET /api/users/info 요청 from ::1
[2025-09-30 01:55:00] [info] ➡️ GET /api/exchange-rate 요청 from ::1
[2025-09-30 01:55:00] [info] ➡️ GET /api/exchange-rate 요청 from ::1
[2025-09-30 01:55:00] [info] ➡️ GET /api/users/notices?limit=3&lang=ko 요청 from ::1
[2025-09-30 01:56:22] [info] ➡️ GET / 요청 from ::1
[2025-09-30 01:56:22] [info] ➡️ GET /.well-known/appspecific/com.chrome.devtools.json 요청 from ::1
[2025-09-30 01:56:22] [info] ➡️ GET /api/exchange-rate 요청 from ::1
[2025-09-30 01:56:22] [info] ➡️ GET /api/users/notices?limit=3&lang=ko 요청 from ::1
[2025-09-30 01:56:22] [info] ➡️ GET /api/exchange-rate 요청 from ::1
[2025-09-30 01:56:22] [info] ➡️ GET /api/users/info 요청 from ::1
[2025-09-30 01:56:34] [info] ➡️ GET / 요청 from ::1
[2025-09-30 01:56:34] [info] ➡️ GET /.well-known/appspecific/com.chrome.devtools.json 요청 from ::1
[2025-09-30 01:56:35] [info] ➡️ GET /api/exchange-rate 요청 from ::1
[2025-09-30 01:56:35] [info] ➡️ GET /api/users/info 요청 from ::1
[2025-09-30 01:56:35] [info] ➡️ GET /api/exchange-rate 요청 from ::1
[2025-09-30 01:56:35] [info] ➡️ GET /api/users/notices?limit=3&lang=ko 요청 from ::1
[2025-09-30 01:57:10] [info] ➡️ GET / 요청 from ::1
[2025-09-30 01:57:10] [info] ➡️ GET /.well-known/appspecific/com.chrome.devtools.json 요청 from ::1
[2025-09-30 01:57:10] [info] ➡️ GET /api/exchange-rate 요청 from ::1
[2025-09-30 01:57:10] [info] ➡️ GET /api/exchange-rate 요청 from ::1
[2025-09-30 01:57:10] [info] ➡️ GET /api/users/info 요청 from ::1
[2025-09-30 01:57:10] [info] ➡️ GET /api/users/notices?limit=3&lang=ko 요청 from ::1
[2025-09-30 01:59:24] [info] 🚀 서버 실행 중: http://localhost:3000
[2025-09-30 01:59:27] [info] ➡️ GET / 요청 from ::1
[2025-09-30 01:59:27] [info] ➡️ GET /.well-known/appspecific/com.chrome.devtools.json 요청 from ::1
[2025-09-30 01:59:28] [info] ➡️ GET / 요청 from ::1
[2025-09-30 01:59:28] [info] ➡️ GET /.well-known/appspecific/com.chrome.devtools.json 요청 from ::1
[2025-09-30 01:59:29] [info] ➡️ GET /api/exchange-rate 요청 from ::1
[2025-09-30 01:59:29] [info] ➡️ GET /api/users/info 요청 from ::1
[2025-09-30 01:59:29] [info] ➡️ GET /api/users/notices?limit=3&lang=ko 요청 from ::1
[2025-09-30 01:59:29] [info] ➡️ GET /api/exchange-rate 요청 from ::1
[2025-09-30 03:51:59] [info] 🚀 서버 실행 중: http://localhost:3000
[2025-09-30 03:52:01] [info] ➡️ GET /admin/messages/sent 요청 from ::1
[2025-09-30 03:52:01] [info] ➡️ GET /.well-known/appspecific/com.chrome.devtools.json 요청 from ::1
[2025-09-30 03:52:03] [info] ➡️ GET /api/admin/messages/sent 요청 from ::1
[2025-09-30 03:52:56] [info] ➡️ GET /admin/messages/sent 요청 from ::1
[2025-09-30 03:52:56] [info] ➡️ GET /.well-known/appspecific/com.chrome.devtools.json 요청 from ::1
[2025-09-30 03:52:57] [info] ➡️ GET /api/admin/messages/sent?page=1&limit=15&username=&readFilter= 요청 from ::1
[2025-09-30 03:52:59] [info] ➡️ GET /api/admin/messages/sent?page=2&limit=15&username=&readFilter= 요청 from ::1
[2025-09-30 03:53:43] [info] ➡️ GET /admin/messages/sent 요청 from ::1
[2025-09-30 03:53:43] [info] ➡️ GET /.well-known/appspecific/com.chrome.devtools.json 요청 from ::1
[2025-09-30 03:53:44] [info] ➡️ GET /api/admin/messages/sent?page=1&limit=15&username=&readFilter= 요청 from ::1
[2025-09-30 03:54:16] [info] ➡️ GET /admin/messages/sent 요청 from ::1
[2025-09-30 03:54:16] [info] ➡️ GET /.well-known/appspecific/com.chrome.devtools.json 요청 from ::1
[2025-09-30 03:54:16] [info] ➡️ GET /api/admin/messages/sent?page=1&limit=15&username=&readFilter= 요청 from ::1
[2025-09-30 03:55:22] [info] ➡️ GET /admin/messages/sent 요청 from ::1
[2025-09-30 03:55:22] [info] ➡️ GET /.well-known/appspecific/com.chrome.devtools.json 요청 from ::1
[2025-09-30 03:55:22] [info] ➡️ GET /api/admin/messages/sent?page=1&limit=15&username=&readFilter= 요청 from ::1
[2025-09-30 03:55:24] [info] ➡️ GET /api/admin/messages/sent?page=2&limit=15&username=&readFilter= 요청 from ::1
[2025-09-30 03:55:25] [info] ➡️ GET /api/admin/messages/sent?page=1&limit=15&username=&readFilter= 요청 from ::1
[2025-09-30 03:56:48] [info] ➡️ GET /admin/messages/sent 요청 from ::1
[2025-09-30 03:56:48] [info] ➡️ GET /.well-known/appspecific/com.chrome.devtools.json 요청 from ::1
[2025-09-30 03:56:49] [info] ➡️ GET /api/admin/messages/sent?page=1&limit=15&username=&readFilter= 요청 from ::1
[2025-09-30 03:56:50] [info] ➡️ GET /api/admin/notices?page=1&limit=15 요청 from ::1
[2025-09-30 03:57:30] [info] ➡️ GET /admin/notice 요청 from ::1
[2025-09-30 03:57:30] [info] ➡️ GET /.well-known/appspecific/com.chrome.devtools.json 요청 from ::1
[2025-09-30 03:57:31] [info] ➡️ GET /api/admin/notices?page=1&limit=15 요청 from ::1
[2025-09-30 03:59:38] [info] ➡️ GET /admin/notice 요청 from ::1
[2025-09-30 03:59:38] [info] ➡️ GET /.well-known/appspecific/com.chrome.devtools.json 요청 from ::1
[2025-09-30 03:59:39] [info] ➡️ GET /api/admin/notices?page=1&limit=15 요청 from ::1
[2025-09-30 03:59:41] [info] ➡️ GET /admin/notice 요청 from ::1
[2025-09-30 03:59:41] [info] ➡️ GET /.well-known/appspecific/com.chrome.devtools.json 요청 from ::1
[2025-09-30 03:59:42] [info] ➡️ GET /api/admin/notices?page=1&limit=15 요청 from ::1
[2025-09-30 04:00:42] [info] ➡️ GET /admin/notice 요청 from ::1
[2025-09-30 04:00:42] [info] ➡️ GET /.well-known/appspecific/com.chrome.devtools.json 요청 from ::1
[2025-09-30 04:01:32] [info] ➡️ GET /admin/notice 요청 from ::1
[2025-09-30 04:01:32] [info] ➡️ GET /.well-known/appspecific/com.chrome.devtools.json 요청 from ::1
[2025-09-30 04:01:32] [info] ➡️ GET /api/admin/notices?page=1&limit=15 요청 from ::1
[2025-09-30 04:02:43] [info] ➡️ GET /admin/notice 요청 from ::1
[2025-09-30 04:02:43] [info] ➡️ GET /.well-known/appspecific/com.chrome.devtools.json 요청 from ::1
[2025-09-30 04:02:43] [info] ➡️ GET /api/admin/notices?page=1&limit=15 요청 from ::1
[2025-09-30 04:03:21] [info] ➡️ GET /admin/notice 요청 from ::1
[2025-09-30 04:03:21] [info] ➡️ GET /.well-known/appspecific/com.chrome.devtools.json 요청 from ::1
[2025-09-30 04:03:22] [info] ➡️ GET /api/admin/notices?page=1&limit=15 요청 from ::1
[2025-09-30 04:04:13] [info] ➡️ GET /admin/notice 요청 from ::1
[2025-09-30 04:04:13] [info] ➡️ GET /.well-known/appspecific/com.chrome.devtools.json 요청 from ::1
[2025-09-30 04:04:15] [info] ➡️ GET /api/admin/notices?page=1&limit=15 요청 from ::1
[2025-09-30 04:05:11] [info] ➡️ GET /admin/notice 요청 from ::1
[2025-09-30 04:05:11] [info] ➡️ GET /.well-known/appspecific/com.chrome.devtools.json 요청 from ::1
[2025-09-30 04:05:12] [info] ➡️ GET /api/admin/notices?page=1&limit=15 요청 from ::1
[2025-09-30 04:06:44] [info] 🚀 서버 실행 중: http://localhost:3000
[2025-09-30 04:06:48] [info] ➡️ GET /admin/notice 요청 from ::1
[2025-09-30 04:06:48] [info] ➡️ GET /.well-known/appspecific/com.chrome.devtools.json 요청 from ::1
[2025-09-30 04:06:48] [info] ➡️ GET /api/admin/notices?page=1&limit=15 요청 from ::1
[2025-09-30 04:06:52] [info] ➡️ GET /api/admin/notices?page=2&limit=15 요청 from ::1
[2025-09-30 04:06:53] [info] ➡️ GET /api/admin/notices?page=1&limit=15 요청 from ::1
[2025-09-30 04:07:34] [info] ➡️ GET /admin/notice 요청 from ::1
[2025-09-30 04:07:34] [info] ➡️ GET /.well-known/appspecific/com.chrome.devtools.json 요청 from ::1
[2025-09-30 04:07:35] [info] ➡️ GET /api/admin/notices?page=1&limit=15 요청 from ::1
[2025-09-30 04:47:50] [info] 🚀 서버 실행 중: http://localhost:3000
[2025-09-30 04:47:53] [info] ➡️ GET / 요청 from ::1
[2025-09-30 04:47:53] [info] ➡️ GET /.well-known/appspecific/com.chrome.devtools.json 요청 from ::1
[2025-09-30 04:47:55] [info] ➡️ GET /api/exchange-rate 요청 from ::1
[2025-09-30 04:47:55] [info] ➡️ GET /api/exchange-rate 요청 from ::1
[2025-09-30 04:47:55] [info] ➡️ GET /api/users/notices?limit=3&lang=ko 요청 from ::1
[2025-09-30 04:47:58] [info] ➡️ GET /api/exchange-rate 요청 from ::1
[2025-09-30 04:48:10] [info] ➡️ GET /login 요청 from ::1
[2025-09-30 04:48:10] [info] ➡️ GET /.well-known/appspecific/com.chrome.devtools.json 요청 from ::1
[2025-09-30 04:48:11] [info] ➡️ GET /api/exchange-rate 요청 from ::1
[2025-09-30 04:52:49] [info] ➡️ GET /login 요청 from ::1
[2025-09-30 04:52:49] [info] ➡️ GET /.well-known/appspecific/com.chrome.devtools.json 요청 from ::1
[2025-09-30 04:52:49] [info] ➡️ GET /api/exchange-rate 요청 from ::1
[2025-09-30 04:54:16] [info] ➡️ POST /api/auth/forgot 요청 from ::1
[2025-09-30 05:00:14] [info] ➡️ GET /login 요청 from ::1
[2025-09-30 05:00:14] [info] ➡️ GET /.well-known/appspecific/com.chrome.devtools.json 요청 from ::1
[2025-09-30 05:00:16] [info] ➡️ GET /api/exchange-rate 요청 from ::1
[2025-09-30 05:00:30] [info] ➡️ POST /api/auth/forgot 요청 from ::1
[2025-09-30 05:04:11] [info] ➡️ GET /login 요청 from ::1
[2025-09-30 05:04:11] [info] ➡️ GET /.well-known/appspecific/com.chrome.devtools.json 요청 from ::1
[2025-09-30 05:04:11] [info] ➡️ GET /api/exchange-rate 요청 from ::1
[2025-09-30 05:04:22] [info] ➡️ POST /api/auth/forgot 요청 from ::1
[2025-09-30 05:04:54] [info] 🚀 서버 실행 중: http://localhost:3000
[2025-09-30 05:04:58] [info] ➡️ GET /login 요청 from ::1
[2025-09-30 05:04:58] [info] ➡️ GET /.well-known/appspecific/com.chrome.devtools.json 요청 from ::1
[2025-09-30 05:04:59] [info] ➡️ GET /api/exchange-rate 요청 from ::1
[2025-09-30 05:05:09] [info] ➡️ POST /api/auth/forgot 요청 from ::1
[2025-09-30 05:11:03] [info] ➡️ POST /api/auth/forgot 요청 from ::1
[2025-09-30 05:11:10] [info] ➡️ GET /login 요청 from ::1
[2025-09-30 05:11:10] [info] ➡️ GET /.well-known/appspecific/com.chrome.devtools.json 요청 from ::1
[2025-09-30 05:11:11] [info] ➡️ GET /api/exchange-rate 요청 from ::1
[2025-09-30 05:11:29] [info] ➡️ POST /api/auth/forgot 요청 from ::1
[2025-09-30 05:13:55] [info] ➡️ GET /login 요청 from ::1
[2025-09-30 05:13:55] [info] ➡️ GET /.well-known/appspecific/com.chrome.devtools.json 요청 from ::1
[2025-09-30 05:13:56] [info] ➡️ GET /api/exchange-rate 요청 from ::1
[2025-09-30 05:14:04] [info] ➡️ POST /api/auth/forgot 요청 from ::1
[2025-09-30 05:15:57] [info] 🚀 서버 실행 중: http://localhost:3000
[2025-09-30 05:16:04] [info] ➡️ GET /login 요청 from ::1
[2025-09-30 05:16:04] [info] ➡️ GET /.well-known/appspecific/com.chrome.devtools.json 요청 from ::1
[2025-09-30 05:16:05] [info] ➡️ GET /api/exchange-rate 요청 from ::1
[2025-09-30 05:16:13] [info] ➡️ POST /api/auth/forgot 요청 from ::1
[2025-09-30 05:20:09] [info] ➡️ GET /login 요청 from ::1
[2025-09-30 05:20:09] [info] ➡️ GET /.well-known/appspecific/com.chrome.devtools.json 요청 from ::1
[2025-09-30 05:20:10] [info] ➡️ GET /api/exchange-rate 요청 from ::1
[2025-09-30 05:20:31] [info] ➡️ POST /api/auth/forgot 요청 from ::1
[2025-09-30 05:23:55] [info] ➡️ GET /login 요청 from ::1
[2025-09-30 05:23:55] [info] ➡️ GET /.well-known/appspecific/com.chrome.devtools.json 요청 from ::1
[2025-09-30 05:23:56] [info] ➡️ GET /api/exchange-rate 요청 from ::1
[2025-09-30 05:24:08] [info] ➡️ POST /api/auth/forgot 요청 from ::1
[2025-09-30 05:24:44] [info] 🚀 서버 실행 중: http://localhost:3000
[2025-09-30 05:24:46] [info] ➡️ GET /login 요청 from ::1
[2025-09-30 05:24:46] [info] ➡️ GET /.well-known/appspecific/com.chrome.devtools.json 요청 from ::1
[2025-09-30 05:24:46] [info] ➡️ GET /api/exchange-rate 요청 from ::1
[2025-09-30 05:25:07] [info] 🚀 서버 실행 중: http://localhost:3000
[2025-09-30 05:25:09] [info] ➡️ GET /login 요청 from ::1
[2025-09-30 05:25:10] [info] ➡️ GET /.well-known/appspecific/com.chrome.devtools.json 요청 from ::1
[2025-09-30 05:25:11] [info] ➡️ GET /api/exchange-rate 요청 from ::1
[2025-09-30 05:25:17] [info] ➡️ GET /login 요청 from ::1
[2025-09-30 05:25:17] [info] ➡️ GET /.well-known/appspecific/com.chrome.devtools.json 요청 from ::1
[2025-09-30 05:25:18] [info] ➡️ GET /api/exchange-rate 요청 from ::1
[2025-09-30 05:25:54] [info] ➡️ GET /login 요청 from ::1
[2025-09-30 05:25:54] [info] ➡️ GET /.well-known/appspecific/com.chrome.devtools.json 요청 from ::1
[2025-09-30 05:25:55] [info] ➡️ GET /api/exchange-rate 요청 from ::1
[2025-09-30 05:26:03] [info] 🚀 서버 실행 중: http://localhost:3000
[2025-09-30 05:27:57] [info] 🚀 서버 실행 중: http://localhost:3000
[2025-09-30 05:28:06] [info] ➡️ GET /login 요청 from ::1
[2025-09-30 05:28:06] [info] ➡️ GET /.well-known/appspecific/com.chrome.devtools.json 요청 from ::1
[2025-09-30 05:28:07] [info] ➡️ GET /api/exchange-rate 요청 from ::1
[2025-09-30 05:28:22] [info] ➡️ POST /api/auth/forgot 요청 from ::1
[2025-09-30 05:29:26] [info] 🚀 서버 실행 중: http://localhost:3000
[2025-09-30 05:29:26] [info] ➡️ GET /login 요청 from ::1
[2025-09-30 05:29:26] [info] ➡️ GET /.well-known/appspecific/com.chrome.devtools.json 요청 from ::1
[2025-09-30 05:29:27] [info] ➡️ GET /api/exchange-rate 요청 from ::1
[2025-09-30 05:29:39] [info] ➡️ POST /api/auth/forgot 요청 from ::1
[2025-09-30 05:30:33] [info] ➡️ GET /reset-password?token=9c236f8279eec4c13f8ed81c98c2b149d15b330b885ad8c98d55f24f7a75acca 요청 from ::1
[2025-09-30 05:30:33] [info] ➡️ GET /api/auth/reset?token=9c236f8279eec4c13f8ed81c98c2b149d15b330b885ad8c98d55f24f7a75acca 요청 from ::1
[2025-09-30 05:30:49] [info] ➡️ POST /api/auth/reset 요청 from ::1
[2025-09-30 05:30:50] [info] ➡️ GET /api/exchange-rate 요청 from ::1
[2025-09-30 05:30:56] [info] ➡️ POST /api/users/login 요청 from ::1
[2025-09-30 05:30:56] [info] ➡️ GET /api/users/info 요청 from ::1
[2025-09-30 05:30:56] [info] ➡️ GET /api/exchange-rate 요청 from ::1
[2025-09-30 05:30:56] [info] ➡️ GET /api/users/notices?limit=3&lang=ko 요청 from ::1
[2025-09-30 05:30:57] [info] ➡️ GET /api/exchange-rate 요청 from ::1
[2025-09-30 05:33:38] [info] ➡️ GET /login 요청 from ::1
[2025-09-30 05:33:38] [info] ➡️ GET /.well-known/appspecific/com.chrome.devtools.json 요청 from ::1
[2025-09-30 05:33:38] [info] ➡️ GET /api/exchange-rate 요청 from ::1
[2025-09-30 05:33:38] [info] ➡️ GET /api/users/info 요청 from ::1
[2025-09-30 05:36:28] [info] 🚀 서버 실행 중: http://localhost:3000
[2025-09-30 05:36:35] [info] ➡️ GET /login 요청 from ::1
[2025-09-30 05:36:35] [info] ➡️ GET /.well-known/appspecific/com.chrome.devtools.json 요청 from ::1
[2025-09-30 05:36:37] [info] ➡️ GET /api/exchange-rate 요청 from ::1
[2025-09-30 05:36:37] [info] ➡️ GET /api/users/info 요청 from ::1
[2025-09-30 05:36:51] [info] ➡️ POST /api/auth/forgot 요청 from ::1
[2025-09-30 05:37:08] [info] ➡️ GET /reset-password?token=e3f6824a1692dbc40e58a618091c9cf39de53cc29378a765670fad4b8276484c 요청 from ::1
[2025-09-30 05:37:08] [info] ➡️ GET /api/auth/reset?token=e3f6824a1692dbc40e58a618091c9cf39de53cc29378a765670fad4b8276484c 요청 from ::1
[2025-09-30 19:24:36] [info] 🚀 서버 실행 중: http://localhost:3000
[2025-09-30 19:24:51] [info] ➡️ GET / 요청 from ::1
[2025-09-30 19:24:51] [info] ➡️ GET /api/exchange-rate 요청 from ::1
[2025-09-30 19:24:51] [info] ➡️ GET /api/users/notices?limit=3&lang=ko 요청 from ::1
[2025-09-30 19:24:52] [info] ➡️ GET /api/exchange-rate 요청 from ::1
[2025-09-30 19:25:00] [info] ➡️ GET /.well-known/appspecific/com.chrome.devtools.json 요청 from ::1
[2025-09-30 19:25:07] [info] ➡️ GET / 요청 from ::1
[2025-09-30 19:25:07] [info] ➡️ GET /api/exchange-rate 요청 from ::1
[2025-09-30 19:25:07] [info] ➡️ GET /api/users/notices?limit=3&lang=ko 요청 from ::1
[2025-09-30 19:25:08] [info] ➡️ GET /api/exchange-rate 요청 from ::1
[2025-09-30 19:25:09] [info] ➡️ GET / 요청 from ::1
[2025-09-30 19:25:09] [info] ➡️ GET /api/exchange-rate 요청 from ::1
[2025-09-30 19:25:09] [info] ➡️ GET /api/users/notices?limit=3&lang=ko 요청 from ::1
[2025-09-30 19:25:09] [info] ➡️ GET /api/exchange-rate 요청 from ::1
[2025-09-30 19:25:38] [info] 🚀 서버 실행 중: http://localhost:3000
[2025-09-30 19:25:40] [info] ➡️ GET / 요청 from ::1
[2025-09-30 19:25:40] [info] ➡️ GET /api/exchange-rate 요청 from ::1
[2025-09-30 19:25:40] [info] ➡️ GET /api/users/notices?limit=3&lang=ko 요청 from ::1
[2025-09-30 19:25:41] [info] ➡️ GET /api/exchange-rate 요청 from ::1
[2025-09-30 19:25:46] [info] ➡️ GET /.well-known/appspecific/com.chrome.devtools.json 요청 from ::1
[2025-09-30 19:35:58] [info] ➡️ GET /api/exchange-rate 요청 from ::1
[2025-09-30 19:35:59] [info] ➡️ GET /api/platforms?lang=ko 요청 from ::1
[2025-09-30 19:35:59] [info] ➡️ GET /api/exchange-rate 요청 from ::1
[2025-09-30 19:36:15] [info] ➡️ POST /api/auth/send-email-code 요청 from ::1
[2025-09-30 19:36:27] [info] ➡️ POST /api/auth/send-email-code 요청 from ::1
[2025-09-30 19:37:55] [info] ➡️ GET /register 요청 from ::1
[2025-09-30 19:37:58] [info] ➡️ GET /api/exchange-rate 요청 from ::1
[2025-09-30 19:37:58] [info] ➡️ GET /api/platforms?lang=ko 요청 from ::1
[2025-09-30 19:38:09] [info] ➡️ POST /api/auth/send-email-code 요청 from ::1
[2025-09-30 19:38:17] [info] 🚀 서버 실행 중: http://localhost:3000
[2025-09-30 19:38:18] [info] ➡️ GET /register 요청 from ::1
[2025-09-30 19:38:18] [info] ➡️ GET /api/exchange-rate 요청 from ::1
[2025-09-30 19:38:18] [info] ➡️ GET /api/platforms?lang=ko 요청 from ::1
[2025-09-30 19:39:16] [info] ➡️ GET /register 요청 from ::1
[2025-09-30 19:39:16] [info] ➡️ GET /api/exchange-rate 요청 from ::1
[2025-09-30 19:39:16] [info] ➡️ GET /api/platforms?lang=ko 요청 from ::1
[2025-09-30 19:39:25] [info] ➡️ POST /api/auth/send-email-code 요청 from ::1
[2025-09-30 19:39:55] [info] ➡️ POST /api/auth/send-email-code 요청 from ::1
[2025-09-30 19:40:04] [info] ➡️ POST /api/auth/verify-email-code 요청 from ::1
[2025-09-30 19:51:52] [info] ➡️ GET /api/exchange-rate 요청 from ::1
[2025-09-30 19:51:59] [info] ➡️ POST /api/users/login 요청 from ::1
[2025-09-30 19:52:05] [info] ➡️ POST /api/users/login 요청 from ::1
[2025-09-30 19:52:34] [info] ➡️ POST /api/users/login 요청 from ::1
[2025-09-30 19:52:34] [info] ➡️ GET /api/exchange-rate 요청 from ::1
[2025-09-30 19:52:34] [info] ➡️ GET /api/users/info 요청 from ::1
[2025-09-30 19:52:34] [info] ➡️ GET /api/users/notices?limit=3&lang=ko 요청 from ::1
[2025-09-30 19:52:35] [info] ➡️ GET /api/exchange-rate 요청 from ::1
[2025-09-30 19:52:38] [info] ➡️ GET /api/exchange-rate 요청 from ::1
[2025-09-30 19:52:38] [info] ➡️ GET /api/users/me/transactions/pending-check?status=pending 요청 from ::1
[2025-09-30 19:52:38] [info] ➡️ GET /api/users/info 요청 from ::1
[2025-09-30 19:52:38] [info] ➡️ GET /api/platforms?lang=ko 요청 from ::1
[2025-09-30 19:53:05] [info] ➡️ GET /api/users/me/transactions/pending-check?status=pending 요청 from ::1
[2025-09-30 19:53:10] [info] ➡️ GET /.well-known/appspecific/com.chrome.devtools.json 요청 from ::1
[2025-09-30 19:53:19] [info] ➡️ GET /wallet/transfer 요청 from ::1
[2025-09-30 19:53:19] [info] ➡️ GET /.well-known/appspecific/com.chrome.devtools.json 요청 from ::1
[2025-09-30 19:53:19] [info] ➡️ GET /api/exchange-rate 요청 from ::1
[2025-09-30 19:53:19] [info] ➡️ GET /api/users/info 요청 from ::1
[2025-09-30 19:53:19] [info] ➡️ GET /api/platforms?lang=ko 요청 from ::1
[2025-09-30 19:53:19] [info] ➡️ GET /api/users/me/transactions/pending-check?status=pending 요청 from ::1
[2025-09-30 23:42:14] [info] 🚀 서버 실행 중: http://localhost:3000
[2025-09-30 23:43:39] [info] ➡️ GET / 요청 from ::1
[2025-09-30 23:43:39] [info] ➡️ GET /.well-known/appspecific/com.chrome.devtools.json 요청 from ::1
[2025-09-30 23:43:39] [info] ➡️ GET /api/exchange-rate 요청 from ::1
[2025-09-30 23:43:39] [info] ➡️ GET /api/users/notices?limit=3&lang=ko 요청 from ::1
[2025-09-30 23:43:39] [info] ➡️ GET /api/exchange-rate 요청 from ::1
[2025-09-30 23:43:39] [info] ➡️ GET /api/users/info 요청 from ::1
[2025-09-30 23:43:47] [info] ➡️ GET /api/exchange-rate 요청 from ::1
[2025-09-30 23:43:47] [info] ➡️ GET /api/users/info 요청 from ::1
[2025-09-30 23:43:47] [info] ➡️ GET /api/users/messages 요청 from ::1
[2025-09-30 23:43:53] [info] ➡️ GET /messages 요청 from ::1
[2025-09-30 23:43:53] [info] ➡️ GET /.well-known/appspecific/com.chrome.devtools.json 요청 from ::1
[2025-09-30 23:43:54] [info] ➡️ GET /api/exchange-rate 요청 from ::1
[2025-09-30 23:43:54] [info] ➡️ GET /api/users/info 요청 from ::1
[2025-09-30 23:43:54] [info] ➡️ GET /api/users/messages 요청 from ::1
[2025-09-30 23:44:05] [info] ➡️ GET / 요청 from ::1
[2025-09-30 23:44:05] [info] ➡️ GET /.well-known/appspecific/com.chrome.devtools.json 요청 from ::1
[2025-09-30 23:44:06] [info] ➡️ GET /api/exchange-rate 요청 from ::1
[2025-09-30 23:44:06] [info] ➡️ GET /api/exchange-rate 요청 from ::1
[2025-09-30 23:44:06] [info] ➡️ GET /api/users/notices?limit=3&lang=ko 요청 from ::1
[2025-09-30 23:44:10] [info] ➡️ GET /api/exchange-rate 요청 from ::1
[2025-09-30 23:44:13] [info] ➡️ POST /api/users/login 요청 from ::1
[2025-09-30 23:44:59] [info] ➡️ POST /api/users/login 요청 from ::1
[2025-09-30 23:44:59] [info] ➡️ GET /api/exchange-rate 요청 from ::1
[2025-09-30 23:44:59] [info] ➡️ GET /api/users/info 요청 from ::1
[2025-09-30 23:44:59] [info] ➡️ GET /api/users/notices?limit=3&lang=ko 요청 from ::1
[2025-09-30 23:44:59] [info] ➡️ GET /api/exchange-rate 요청 from ::1
[2025-09-30 23:45:04] [info] ➡️ GET /api/exchange-rate 요청 from ::1
[2025-09-30 23:45:04] [info] ➡️ GET /api/users/info 요청 from ::1
[2025-09-30 23:45:04] [info] ➡️ GET /api/users/messages 요청 from ::1
[2025-09-30 23:45:08] [info] ➡️ GET /messages 요청 from ::1
[2025-09-30 23:45:08] [info] ➡️ GET /.well-known/appspecific/com.chrome.devtools.json 요청 from ::1
[2025-09-30 23:45:08] [info] ➡️ GET /api/exchange-rate 요청 from ::1
[2025-09-30 23:45:08] [info] ➡️ GET /api/users/info 요청 from ::1
[2025-09-30 23:45:08] [info] ➡️ GET /api/users/messages 요청 from ::1
[2025-09-30 23:46:43] [info] ➡️ GET /messages 요청 from ::1
[2025-09-30 23:46:43] [info] ➡️ GET /.well-known/appspecific/com.chrome.devtools.json 요청 from ::1
[2025-09-30 23:46:45] [info] ➡️ GET /api/exchange-rate 요청 from ::1
[2025-09-30 23:46:45] [info] ➡️ GET /api/users/info 요청 from ::1
[2025-09-30 23:46:45] [info] ➡️ GET /api/users/messages 요청 from ::1
[2025-09-30 23:46:46] [info] ➡️ GET /messages 요청 from ::1
[2025-09-30 23:46:46] [info] ➡️ GET /.well-known/appspecific/com.chrome.devtools.json 요청 from ::1
[2025-09-30 23:46:46] [info] ➡️ GET /api/exchange-rate 요청 from ::1
[2025-09-30 23:46:46] [info] ➡️ GET /api/users/info 요청 from ::1
[2025-09-30 23:46:46] [info] ➡️ GET /api/users/messages 요청 from ::1
[2025-09-30 23:47:50] [info] ➡️ GET /messages 요청 from ::1
[2025-09-30 23:47:50] [info] ➡️ GET /.well-known/appspecific/com.chrome.devtools.json 요청 from ::1
[2025-09-30 23:47:50] [info] ➡️ GET /api/exchange-rate 요청 from ::1
[2025-09-30 23:47:50] [info] ➡️ GET /api/users/info 요청 from ::1
[2025-09-30 23:47:50] [info] ➡️ GET /api/users/messages 요청 from ::1
[2025-09-30 23:48:18] [info] ➡️ GET /wallet/transfer 요청 from ::1
[2025-09-30 23:49:39] [info] ➡️ GET /messages 요청 from ::1
[2025-09-30 23:49:39] [info] ➡️ GET /.well-known/appspecific/com.chrome.devtools.json 요청 from ::1
[2025-09-30 23:49:39] [info] ➡️ GET /api/exchange-rate 요청 from ::1
[2025-09-30 23:49:39] [info] ➡️ GET /api/users/info 요청 from ::1
[2025-09-30 23:49:39] [info] ➡️ GET /api/users/messages 요청 from ::1
[2025-09-30 23:56:46] [info] ➡️ GET /api/users/messages/11 요청 from ::1
[2025-09-30 23:57:34] [info] ➡️ GET /messages 요청 from ::1
[2025-09-30 23:57:34] [info] ➡️ GET /.well-known/appspecific/com.chrome.devtools.json 요청 from ::1
[2025-09-30 23:57:36] [info] ➡️ GET /api/exchange-rate 요청 from ::1
[2025-09-30 23:57:36] [info] ➡️ GET /api/users/info 요청 from ::1
[2025-09-30 23:57:36] [info] ➡️ GET /api/users/messages 요청 from ::1
[2025-09-30 23:58:31] [info] ➡️ GET /messages 요청 from ::1
[2025-09-30 23:58:31] [info] ➡️ GET /.well-known/appspecific/com.chrome.devtools.json 요청 from ::1
[2025-09-30 23:58:32] [info] ➡️ GET /api/exchange-rate 요청 from ::1
[2025-09-30 23:58:32] [info] ➡️ GET /api/users/info 요청 from ::1
[2025-09-30 23:58:32] [info] ➡️ GET /api/users/messages 요청 from ::1
[2025-09-30 23:59:18] [info] ➡️ GET /messages 요청 from ::1
[2025-09-30 23:59:18] [info] ➡️ GET /.well-known/appspecific/com.chrome.devtools.json 요청 from ::1
[2025-09-30 23:59:18] [info] ➡️ GET /api/exchange-rate 요청 from ::1
[2025-09-30 23:59:18] [info] ➡️ GET /api/users/info 요청 from ::1
[2025-09-30 23:59:18] [info] ➡️ GET /api/users/messages 요청 from ::1
[2025-10-01 00:00:44] [info] ➡️ GET /messages 요청 from ::1
[2025-10-01 00:00:44] [info] ➡️ GET /.well-known/appspecific/com.chrome.devtools.json 요청 from ::1
[2025-10-01 00:00:45] [info] ➡️ GET /api/exchange-rate 요청 from ::1
[2025-10-01 00:00:45] [info] ➡️ GET /api/users/info 요청 from ::1
[2025-10-01 00:00:45] [info] ➡️ GET /api/users/messages 요청 from ::1
[2025-10-01 00:00:51] [info] ➡️ GET /messages 요청 from ::1
[2025-10-01 00:00:51] [info] ➡️ GET /.well-known/appspecific/com.chrome.devtools.json 요청 from ::1
[2025-10-01 00:00:51] [info] ➡️ GET /api/exchange-rate 요청 from ::1
[2025-10-01 00:00:51] [info] ➡️ GET /api/users/info 요청 from ::1
[2025-10-01 00:00:51] [info] ➡️ GET /api/users/messages 요청 from ::1
[2025-10-01 00:03:19] [info] ➡️ GET /messages 요청 from ::1
[2025-10-01 00:03:20] [info] ➡️ GET /.well-known/appspecific/com.chrome.devtools.json 요청 from ::1
[2025-10-01 00:03:21] [info] ➡️ GET /messages 요청 from ::1
[2025-10-01 00:03:21] [info] ➡️ GET /.well-known/appspecific/com.chrome.devtools.json 요청 from ::1
[2025-10-01 00:03:22] [info] ➡️ GET /api/exchange-rate 요청 from ::1
[2025-10-01 00:03:22] [info] ➡️ GET /api/users/info 요청 from ::1
[2025-10-01 00:03:22] [info] ➡️ GET /api/users/messages 요청 from ::1
[2025-10-01 00:03:23] [info] ➡️ GET /messages 요청 from ::1
[2025-10-01 00:03:23] [info] ➡️ GET /.well-known/appspecific/com.chrome.devtools.json 요청 from ::1
[2025-10-01 00:03:23] [info] ➡️ GET /api/exchange-rate 요청 from ::1
[2025-10-01 00:03:23] [info] ➡️ GET /api/users/info 요청 from ::1
[2025-10-01 00:03:23] [info] ➡️ GET /api/users/messages 요청 from ::1
[2025-10-01 00:04:05] [info] ➡️ GET /messages 요청 from ::1
[2025-10-01 00:04:05] [info] ➡️ GET /.well-known/appspecific/com.chrome.devtools.json 요청 from ::1
[2025-10-01 00:04:05] [info] ➡️ GET /api/exchange-rate 요청 from ::1
[2025-10-01 00:04:05] [info] ➡️ GET /api/users/info 요청 from ::1
[2025-10-01 00:04:05] [info] ➡️ GET /api/users/messages 요청 from ::1
[2025-10-01 00:04:36] [info] ➡️ GET /messages 요청 from ::1
[2025-10-01 00:04:36] [info] ➡️ GET /.well-known/appspecific/com.chrome.devtools.json 요청 from ::1
[2025-10-01 00:04:37] [info] ➡️ GET /api/exchange-rate 요청 from ::1
[2025-10-01 00:04:37] [info] ➡️ GET /api/users/info 요청 from ::1
[2025-10-01 00:04:37] [info] ➡️ GET /api/users/messages 요청 from ::1
[2025-10-01 00:04:42] [info] ➡️ GET /messages 요청 from ::1
[2025-10-01 00:04:42] [info] ➡️ GET /.well-known/appspecific/com.chrome.devtools.json 요청 from ::1
[2025-10-01 00:04:43] [info] ➡️ GET /api/exchange-rate 요청 from ::1
[2025-10-01 00:04:43] [info] ➡️ GET /api/users/info 요청 from ::1
[2025-10-01 00:04:43] [info] ➡️ GET /api/users/messages 요청 from ::1
[2025-10-01 00:04:56] [info] ➡️ GET /messages 요청 from ::1
[2025-10-01 00:04:56] [info] ➡️ GET /.well-known/appspecific/com.chrome.devtools.json 요청 from ::1
[2025-10-01 00:04:56] [info] ➡️ GET /api/exchange-rate 요청 from ::1
[2025-10-01 00:04:56] [info] ➡️ GET /api/users/info 요청 from ::1
[2025-10-01 00:04:56] [info] ➡️ GET /api/users/messages 요청 from ::1
[2025-10-01 00:04:57] [info] ➡️ GET /messages 요청 from ::1
[2025-10-01 00:04:57] [info] ➡️ GET /.well-known/appspecific/com.chrome.devtools.json 요청 from ::1
[2025-10-01 00:04:57] [info] ➡️ GET /api/exchange-rate 요청 from ::1
[2025-10-01 00:04:57] [info] ➡️ GET /api/users/info 요청 from ::1
[2025-10-01 00:04:57] [info] ➡️ GET /api/users/messages 요청 from ::1
[2025-10-01 00:05:14] [info] ➡️ GET /messages 요청 from ::1
[2025-10-01 00:05:14] [info] ➡️ GET /.well-known/appspecific/com.chrome.devtools.json 요청 from ::1
[2025-10-01 00:05:15] [info] ➡️ GET /api/exchange-rate 요청 from ::1
[2025-10-01 00:05:15] [info] ➡️ GET /api/users/info 요청 from ::1
[2025-10-01 00:05:15] [info] ➡️ GET /api/users/messages 요청 from ::1
[2025-10-01 00:07:32] [info] ➡️ GET /messages 요청 from ::1
[2025-10-01 00:07:32] [info] ➡️ GET /.well-known/appspecific/com.chrome.devtools.json 요청 from ::1
[2025-10-01 00:07:33] [info] ➡️ GET /api/exchange-rate 요청 from ::1
[2025-10-01 00:07:33] [info] ➡️ GET /api/users/info 요청 from ::1
[2025-10-01 00:07:33] [info] ➡️ GET /api/users/messages 요청 from ::1
[2025-10-01 00:07:56] [info] ➡️ GET /messages 요청 from ::1
[2025-10-01 00:07:56] [info] ➡️ GET /.well-known/appspecific/com.chrome.devtools.json 요청 from ::1
[2025-10-01 00:07:57] [info] ➡️ GET /api/exchange-rate 요청 from ::1
[2025-10-01 00:07:57] [info] ➡️ GET /api/users/info 요청 from ::1
[2025-10-01 00:07:57] [info] ➡️ GET /api/users/messages 요청 from ::1
[2025-10-01 00:08:05] [info] ➡️ GET /messages 요청 from ::1
[2025-10-01 00:08:05] [info] ➡️ GET /.well-known/appspecific/com.chrome.devtools.json 요청 from ::1
[2025-10-01 00:08:05] [info] ➡️ GET /api/exchange-rate 요청 from ::1
[2025-10-01 00:08:05] [info] ➡️ GET /api/users/info 요청 from ::1
[2025-10-01 00:08:05] [info] ➡️ GET /api/users/messages 요청 from ::1
[2025-10-01 00:08:58] [info] ➡️ GET /messages 요청 from ::1
[2025-10-01 00:08:58] [info] ➡️ GET /.well-known/appspecific/com.chrome.devtools.json 요청 from ::1
[2025-10-01 00:09:00] [info] ➡️ GET /api/exchange-rate 요청 from ::1
[2025-10-01 00:09:00] [info] ➡️ GET /api/users/info 요청 from ::1
[2025-10-01 00:09:00] [info] ➡️ GET /api/users/messages 요청 from ::1
[2025-10-01 00:09:17] [info] ➡️ GET /api/exchange-rate 요청 from ::1
[2025-10-01 00:09:17] [info] ➡️ GET /api/users/info 요청 from ::1
[2025-10-01 00:09:17] [info] ➡️ GET /api/users/notices?limit=3&lang=ko 요청 from ::1
[2025-10-01 00:09:17] [info] ➡️ GET /api/exchange-rate 요청 from ::1
[2025-10-01 00:09:21] [info] ➡️ GET /api/exchange-rate 요청 from ::1
[2025-10-01 00:09:21] [info] ➡️ GET /api/users/info 요청 from ::1
[2025-10-01 00:09:21] [info] ➡️ GET /api/users/messages 요청 from ::1
[2025-10-01 00:09:35] [info] ➡️ GET /api/users/messages/11 요청 from ::1
[2025-10-01 00:11:48] [info] ➡️ GET /api/users/messages/18 요청 from ::1
[2025-10-01 00:11:50] [info] ➡️ GET /api/users/messages/20 요청 from ::1
[2025-10-01 00:11:51] [info] ➡️ GET /api/users/messages/17 요청 from ::1
[2025-10-01 00:11:59] [info] ➡️ GET /api/exchange-rate 요청 from ::1
[2025-10-01 00:11:59] [info] ➡️ GET /api/users/info 요청 from ::1
[2025-10-01 00:11:59] [info] ➡️ GET /api/users/notices?limit=3&lang=ko 요청 from ::1
[2025-10-01 00:11:59] [info] ➡️ GET /api/exchange-rate 요청 from ::1
[2025-10-01 00:12:02] [info] ➡️ GET /api/exchange-rate 요청 from ::1
[2025-10-01 00:12:02] [info] ➡️ GET /api/users/info 요청 from ::1
[2025-10-01 00:12:02] [info] ➡️ GET /api/users/messages 요청 from ::1
[2025-10-01 00:12:04] [info] ➡️ GET /api/users/messages/20 요청 from ::1
[2025-10-01 00:12:10] [info] 🚀 서버 실행 중: http://localhost:3000
[2025-10-01 00:12:13] [info] ➡️ GET /api/users/messages/19 요청 from ::1
[2025-10-01 00:12:13] [info] ➡️ GET /messages 요청 from ::1
[2025-10-01 00:12:13] [info] ➡️ GET /.well-known/appspecific/com.chrome.devtools.json 요청 from ::1
[2025-10-01 00:12:13] [info] ➡️ GET /api/exchange-rate 요청 from ::1
[2025-10-01 00:12:13] [info] ➡️ GET /api/users/info 요청 from ::1
[2025-10-01 00:12:13] [info] ➡️ GET /api/users/messages 요청 from ::1
[2025-10-01 00:12:14] [info] ➡️ GET /api/users/messages/18 요청 from ::1
[2025-10-01 00:12:14] [info] ➡️ GET /messages 요청 from ::1
[2025-10-01 00:12:14] [info] ➡️ GET /.well-known/appspecific/com.chrome.devtools.json 요청 from ::1
[2025-10-01 00:12:15] [info] ➡️ GET /api/exchange-rate 요청 from ::1
[2025-10-01 00:12:15] [info] ➡️ GET /api/users/info 요청 from ::1
[2025-10-01 00:12:15] [info] ➡️ GET /api/users/messages 요청 from ::1
[2025-10-01 00:12:15] [info] ➡️ GET /api/users/messages/11 요청 from ::1
[2025-10-01 00:12:22] [info] ➡️ GET /api/users/messages/18 요청 from ::1
[2025-10-01 00:19:26] [info] ➡️ GET /messages 요청 from ::1
[2025-10-01 00:19:26] [info] ➡️ GET /.well-known/appspecific/com.chrome.devtools.json 요청 from ::1
[2025-10-01 00:19:27] [info] ➡️ GET /messages 요청 from ::1
[2025-10-01 00:19:27] [info] ➡️ GET /.well-known/appspecific/com.chrome.devtools.json 요청 from ::1
[2025-10-01 00:19:28] [info] ➡️ GET /api/exchange-rate 요청 from ::1
[2025-10-01 00:19:28] [info] ➡️ GET /api/users/info 요청 from ::1
[2025-10-01 00:19:28] [info] ➡️ GET /api/users/messages 요청 from ::1
[2025-10-01 00:19:29] [info] ➡️ GET /api/users/messages/20 요청 from ::1
[2025-10-01 00:19:34] [info] ➡️ GET /api/users/messages/11 요청 from ::1
[2025-10-01 00:25:34] [info] ➡️ GET /messages 요청 from ::1
[2025-10-01 00:25:34] [info] ➡️ GET /.well-known/appspecific/com.chrome.devtools.json 요청 from ::1
[2025-10-01 00:25:34] [info] ➡️ GET /api/exchange-rate 요청 from ::1
[2025-10-01 00:25:34] [info] ➡️ GET /api/users/info 요청 from ::1
[2025-10-01 00:25:34] [info] ➡️ GET /api/users/messages 요청 from ::1
[2025-10-01 00:25:35] [info] ➡️ GET /api/users/messages/21 요청 from ::1
[2025-10-01 00:25:59] [info] ➡️ GET /api/users/messages/15 요청 from ::1
[2025-10-01 00:26:02] [info] ➡️ GET /api/users/messages/21 요청 from ::1
[2025-10-01 00:29:09] [info] ➡️ GET /messages 요청 from ::1
[2025-10-01 00:29:09] [info] ➡️ GET /.well-known/appspecific/com.chrome.devtools.json 요청 from ::1
[2025-10-01 00:29:10] [info] ➡️ GET /api/exchange-rate 요청 from ::1
[2025-10-01 00:29:10] [info] ➡️ GET /api/users/info 요청 from ::1
[2025-10-01 00:29:10] [info] ➡️ GET /api/users/messages 요청 from ::1
[2025-10-01 00:29:53] [info] ➡️ GET /messages 요청 from ::1
[2025-10-01 00:29:53] [info] ➡️ GET /.well-known/appspecific/com.chrome.devtools.json 요청 from ::1
[2025-10-01 00:29:54] [info] ➡️ GET /api/exchange-rate 요청 from ::1
[2025-10-01 00:29:54] [info] ➡️ GET /api/users/info 요청 from ::1
[2025-10-01 00:29:54] [info] ➡️ GET /api/users/messages 요청 from ::1
[2025-10-01 00:30:29] [info] ➡️ GET /api/exchange-rate 요청 from ::1
[2025-10-01 00:30:29] [info] ➡️ GET /api/users/info 요청 from ::1
[2025-10-01 00:30:29] [info] ➡️ GET /api/exchange-rate 요청 from ::1
[2025-10-01 00:30:29] [info] ➡️ GET /api/users/notices?limit=3&lang=ko 요청 from ::1
[2025-10-01 00:30:32] [info] ➡️ GET /api/exchange-rate 요청 from ::1
[2025-10-01 00:30:32] [info] ➡️ GET /api/users/info 요청 from ::1
[2025-10-01 00:30:32] [info] ➡️ GET /api/users/messages 요청 from ::1
[2025-10-01 00:30:53] [info] ➡️ GET /messages 요청 from ::1
[2025-10-01 00:30:53] [info] ➡️ GET /.well-known/appspecific/com.chrome.devtools.json 요청 from ::1
[2025-10-01 00:30:55] [info] ➡️ GET /api/exchange-rate 요청 from ::1
[2025-10-01 00:30:55] [info] ➡️ GET /api/users/info 요청 from ::1
[2025-10-01 00:30:55] [info] ➡️ GET /api/users/messages 요청 from ::1
[2025-10-01 00:31:57] [info] ➡️ GET /messages 요청 from ::1
[2025-10-01 00:31:57] [info] ➡️ GET /.well-known/appspecific/com.chrome.devtools.json 요청 from ::1
[2025-10-01 00:31:57] [info] ➡️ GET /api/exchange-rate 요청 from ::1
[2025-10-01 00:31:57] [info] ➡️ GET /api/users/info 요청 from ::1
[2025-10-01 00:31:57] [info] ➡️ GET /api/users/messages 요청 from ::1
[2025-10-01 00:32:38] [info] ➡️ GET /messages 요청 from ::1
[2025-10-01 00:32:38] [info] ➡️ GET /.well-known/appspecific/com.chrome.devtools.json 요청 from ::1
[2025-10-01 00:32:38] [info] ➡️ GET /api/exchange-rate 요청 from ::1
[2025-10-01 00:32:38] [info] ➡️ GET /api/users/info 요청 from ::1
[2025-10-01 00:32:38] [info] ➡️ GET /api/users/messages 요청 from ::1
[2025-10-01 00:32:44] [info] ➡️ GET /messages 요청 from ::1
[2025-10-01 00:32:44] [info] ➡️ GET /.well-known/appspecific/com.chrome.devtools.json 요청 from ::1
[2025-10-01 00:32:44] [info] ➡️ GET /api/exchange-rate 요청 from ::1
[2025-10-01 00:32:44] [info] ➡️ GET /api/users/info 요청 from ::1
[2025-10-01 00:32:44] [info] ➡️ GET /api/users/messages 요청 from ::1
[2025-10-01 00:32:45] [info] ➡️ GET /messages 요청 from ::1
[2025-10-01 00:32:45] [info] ➡️ GET /.well-known/appspecific/com.chrome.devtools.json 요청 from ::1
[2025-10-01 00:32:45] [info] ➡️ GET /api/exchange-rate 요청 from ::1
[2025-10-01 00:32:45] [info] ➡️ GET /api/users/info 요청 from ::1
[2025-10-01 00:32:45] [info] ➡️ GET /api/users/messages 요청 from ::1
[2025-10-01 00:34:12] [info] ➡️ GET /messages 요청 from ::1
[2025-10-01 00:34:12] [info] ➡️ GET /.well-known/appspecific/com.chrome.devtools.json 요청 from ::1
[2025-10-01 00:34:12] [info] ➡️ GET /api/exchange-rate 요청 from ::1
[2025-10-01 00:34:12] [info] ➡️ GET /api/users/info 요청 from ::1
[2025-10-01 00:34:12] [info] ➡️ GET /api/users/messages 요청 from ::1
[2025-10-01 00:34:13] [info] ➡️ GET /messages 요청 from ::1
[2025-10-01 00:34:13] [info] ➡️ GET /.well-known/appspecific/com.chrome.devtools.json 요청 from ::1
[2025-10-01 00:34:14] [info] ➡️ GET /api/exchange-rate 요청 from ::1
[2025-10-01 00:34:14] [info] ➡️ GET /api/users/info 요청 from ::1
[2025-10-01 00:34:14] [info] ➡️ GET /api/users/messages 요청 from ::1
[2025-10-01 00:34:14] [info] ➡️ GET /messages 요청 from ::1
[2025-10-01 00:34:14] [info] ➡️ GET /messages 요청 from ::1
[2025-10-01 00:34:14] [info] ➡️ GET /.well-known/appspecific/com.chrome.devtools.json 요청 from ::1
[2025-10-01 00:34:14] [info] ➡️ GET /messages 요청 from ::1
[2025-10-01 00:34:14] [info] ➡️ GET /messages 요청 from ::1
[2025-10-01 00:34:14] [info] ➡️ GET /messages 요청 from ::1
[2025-10-01 00:34:14] [info] ➡️ GET /messages 요청 from ::1
[2025-10-01 00:34:14] [info] ➡️ GET /.well-known/appspecific/com.chrome.devtools.json 요청 from ::1
[2025-10-01 00:34:14] [info] ➡️ GET /.well-known/appspecific/com.chrome.devtools.json 요청 from ::1
[2025-10-01 00:34:14] [info] ➡️ GET /.well-known/appspecific/com.chrome.devtools.json 요청 from ::1
[2025-10-01 00:34:14] [info] ➡️ GET /.well-known/appspecific/com.chrome.devtools.json 요청 from ::1
[2025-10-01 00:34:14] [info] ➡️ GET /api/exchange-rate 요청 from ::1
[2025-10-01 00:34:14] [info] ➡️ GET /api/users/info 요청 from ::1
[2025-10-01 00:34:14] [info] ➡️ GET /api/users/messages 요청 from ::1
[2025-10-01 00:34:22] [info] ➡️ GET /messages 요청 from ::1
[2025-10-01 00:34:22] [info] ➡️ GET /.well-known/appspecific/com.chrome.devtools.json 요청 from ::1
[2025-10-01 00:34:22] [info] ➡️ GET /api/exchange-rate 요청 from ::1
[2025-10-01 00:34:22] [info] ➡️ GET /api/users/info 요청 from ::1
[2025-10-01 00:34:22] [info] ➡️ GET /api/users/messages 요청 from ::1
[2025-10-01 00:34:23] [info] ➡️ GET /messages 요청 from ::1
[2025-10-01 00:34:23] [info] ➡️ GET /.well-known/appspecific/com.chrome.devtools.json 요청 from ::1
[2025-10-01 00:34:24] [info] ➡️ GET /api/exchange-rate 요청 from ::1
[2025-10-01 00:34:24] [info] ➡️ GET /api/users/info 요청 from ::1
[2025-10-01 00:34:24] [info] ➡️ GET /api/users/messages 요청 from ::1
[2025-10-01 00:36:01] [info] ➡️ GET /messages 요청 from ::1
[2025-10-01 00:36:01] [info] ➡️ GET /.well-known/appspecific/com.chrome.devtools.json 요청 from ::1
[2025-10-01 00:36:03] [info] ➡️ GET /api/exchange-rate 요청 from ::1
[2025-10-01 00:36:03] [info] ➡️ GET /api/users/info 요청 from ::1
[2025-10-01 00:36:03] [info] ➡️ GET /api/users/messages 요청 from ::1
[2025-10-01 00:36:04] [info] ➡️ GET /messages 요청 from ::1
[2025-10-01 00:36:04] [info] ➡️ GET /.well-known/appspecific/com.chrome.devtools.json 요청 from ::1
[2025-10-01 00:36:04] [info] ➡️ GET /api/exchange-rate 요청 from ::1
[2025-10-01 00:36:04] [info] ➡️ GET /api/users/info 요청 from ::1
[2025-10-01 00:36:04] [info] ➡️ GET /api/users/messages 요청 from ::1
[2025-10-01 00:36:09] [info] ➡️ GET /messages 요청 from ::1
[2025-10-01 00:36:09] [info] ➡️ GET /.well-known/appspecific/com.chrome.devtools.json 요청 from ::1
[2025-10-01 00:36:10] [info] ➡️ GET /api/exchange-rate 요청 from ::1
[2025-10-01 00:36:10] [info] ➡️ GET /api/users/info 요청 from ::1
[2025-10-01 00:36:10] [info] ➡️ GET /api/users/messages 요청 from ::1
[2025-10-01 01:54:31] [info] 🚀 서버 실행 중: http://localhost:3000
[2025-10-01 01:54:48] [info] ➡️ GET /messages 요청 from ::1
[2025-10-01 01:54:49] [info] ➡️ GET /messages 요청 from ::1
[2025-10-01 01:54:50] [info] ➡️ GET /api/exchange-rate 요청 from ::1
[2025-10-01 01:54:50] [info] ➡️ GET /api/users/info 요청 from ::1
[2025-10-01 01:54:50] [info] ➡️ GET /api/users/messages 요청 from ::1
[2025-10-01 01:54:52] [info] ➡️ GET / 요청 from ::1
[2025-10-01 01:54:53] [info] ➡️ GET /api/users/notices?limit=3&lang=ko 요청 from ::1
[2025-10-01 01:54:53] [info] ➡️ GET /api/exchange-rate 요청 from ::1
[2025-10-01 01:54:53] [info] ➡️ GET /api/exchange-rate 요청 from ::1
[2025-10-01 01:54:55] [info] ➡️ GET /api/exchange-rate 요청 from ::1
[2025-10-01 01:55:06] [info] ➡️ POST /api/users/login 요청 from ::1
[2025-10-01 02:04:33] [info] 🚀 서버 실행 중: http://localhost:3000
[2025-10-01 02:04:36] [info] ➡️ POST /api/users/login 요청 from ::1
[2025-10-01 02:04:36] [info] ➡️ GET /api/exchange-rate 요청 from ::1
[2025-10-01 02:04:36] [info] ➡️ GET /api/users/info 요청 from ::1
[2025-10-01 02:04:36] [info] ➡️ GET /api/users/notices?limit=3&lang=ko 요청 from ::1
[2025-10-01 02:04:38] [info] ➡️ GET /api/exchange-rate 요청 from ::1
[2025-10-01 02:04:38] [info] ➡️ GET /api/exchange-rate 요청 from ::1
[2025-10-01 02:04:38] [info] ➡️ GET /api/users/info 요청 from ::1
[2025-10-01 02:04:38] [info] ➡️ GET /api/users/messages 요청 from ::1
[2025-10-01 02:04:42] [info] ➡️ GET /.well-known/appspecific/com.chrome.devtools.json 요청 from ::1
[2025-10-01 02:04:45] [info] ➡️ GET /api/users/messages/20 요청 from ::1
[2025-10-01 02:14:18] [info] ➡️ GET /exchange-rate 요청 from ::1
[2025-10-01 02:14:18] [info] ➡️ GET /users/notices?limit=3&lang=ko 요청 from ::1
[2025-10-01 02:14:18] [info] ➡️ GET /exchange-rate 요청 from ::1
[2025-10-01 02:17:29] [info] ➡️ GET /exchange-rate 요청 from ::1
[2025-10-01 02:17:29] [info] ➡️ GET /exchange-rate 요청 from ::1
[2025-10-01 02:17:29] [info] ➡️ GET /users/notices?limit=3&lang=ko 요청 from ::1
[2025-10-01 02:17:32] [info] ➡️ GET /exchange-rate 요청 from ::1
[2025-10-01 02:17:32] [info] ➡️ GET /exchange-rate 요청 from ::1
[2025-10-01 02:17:32] [info] ➡️ GET /users/notices?limit=3&lang=ko 요청 from ::1
[2025-10-01 02:18:33] [info] ➡️ GET /exchange-rate 요청 from ::1
[2025-10-01 02:18:33] [info] ➡️ GET /users/notices?limit=3&lang=ko 요청 from ::1
[2025-10-01 02:18:33] [info] ➡️ GET /exchange-rate 요청 from ::1
[2025-10-01 02:20:29] [info] ➡️ GET /messages 요청 from ::1
[2025-10-01 02:20:29] [info] ➡️ GET /.well-known/appspecific/com.chrome.devtools.json 요청 from ::1
[2025-10-01 02:20:30] [info] ➡️ GET /api/exchange-rate 요청 from ::1
[2025-10-01 02:20:30] [info] ➡️ GET /api/users/info 요청 from ::1
[2025-10-01 02:20:30] [info] ➡️ GET /api/users/messages 요청 from ::1
[2025-10-01 02:21:54] [info] ➡️ GET /messages 요청 from ::1
[2025-10-01 02:21:54] [info] ➡️ GET /.well-known/appspecific/com.chrome.devtools.json 요청 from ::1
[2025-10-01 02:21:55] [info] ➡️ GET /api/exchange-rate 요청 from ::1
[2025-10-01 02:21:55] [info] ➡️ GET /api/users/info 요청 from ::1
[2025-10-01 02:21:55] [info] ➡️ GET /api/users/messages 요청 from ::1
[2025-10-01 02:22:58] [info] ➡️ GET /api/users/messages/6 요청 from ::1
[2025-10-01 02:24:13] [info] ➡️ GET /api/exchange-rate 요청 from ::1
[2025-10-01 02:24:13] [info] ➡️ GET /api/users/info 요청 from ::1
[2025-10-01 02:24:13] [info] ➡️ GET /api/users/notices?lang=ko 요청 from ::1
[2025-10-01 02:25:45] [info] ➡️ GET /support/notice 요청 from ::1
[2025-10-01 02:25:45] [info] ➡️ GET /.well-known/appspecific/com.chrome.devtools.json 요청 from ::1
[2025-10-01 02:25:46] [info] ➡️ GET /api/exchange-rate 요청 from ::1
[2025-10-01 02:25:46] [info] ➡️ GET /api/users/info 요청 from ::1
[2025-10-01 02:25:46] [info] ➡️ GET /api/users/notices?lang=ko 요청 from ::1
[2025-10-01 02:26:00] [info] ➡️ GET /api/exchange-rate 요청 from ::1
[2025-10-01 02:26:00] [info] ➡️ GET /api/users/info 요청 from ::1
[2025-10-01 02:26:00] [info] ➡️ GET /api/users/messages 요청 from ::1
[2025-10-01 02:26:10] [info] ➡️ GET /api/exchange-rate 요청 from ::1
[2025-10-01 02:26:10] [info] ➡️ GET /api/users/info 요청 from ::1
[2025-10-01 02:26:10] [info] ➡️ GET /api/users/notices?lang=ko 요청 from ::1
[2025-10-01 02:26:34] [info] ➡️ GET /support/notice 요청 from ::1
[2025-10-01 02:26:34] [info] ➡️ GET /.well-known/appspecific/com.chrome.devtools.json 요청 from ::1
[2025-10-01 02:26:35] [info] ➡️ GET /api/exchange-rate 요청 from ::1
[2025-10-01 02:26:35] [info] ➡️ GET /api/users/info 요청 from ::1
[2025-10-01 02:26:35] [info] ➡️ GET /api/users/notices?lang=ko 요청 from ::1
[2025-10-01 02:26:41] [info] ➡️ GET /api/exchange-rate 요청 from ::1
[2025-10-01 02:26:41] [info] ➡️ GET /api/users/info 요청 from ::1
[2025-10-01 02:26:41] [info] ➡️ GET /api/users/messages 요청 from ::1
[2025-10-01 02:27:10] [info] ➡️ GET /support/notice 요청 from ::1
[2025-10-01 02:27:10] [info] ➡️ GET /.well-known/appspecific/com.chrome.devtools.json 요청 from ::1
[2025-10-01 02:27:10] [info] ➡️ GET /api/exchange-rate 요청 from ::1
[2025-10-01 02:27:10] [info] ➡️ GET /api/users/info 요청 from ::1
[2025-10-01 02:27:10] [info] ➡️ GET /api/users/notices?lang=ko 요청 from ::1
[2025-10-01 02:27:11] [info] ➡️ GET /support/notice 요청 from ::1
[2025-10-01 02:27:11] [info] ➡️ GET /.well-known/appspecific/com.chrome.devtools.json 요청 from ::1
[2025-10-01 02:27:12] [info] ➡️ GET /api/exchange-rate 요청 from ::1
[2025-10-01 02:27:12] [info] ➡️ GET /api/users/info 요청 from ::1
[2025-10-01 02:27:12] [info] ➡️ GET /api/users/notices?lang=ko 요청 from ::1
[2025-10-01 02:28:23] [info] ➡️ GET /support/notice 요청 from ::1
[2025-10-01 02:28:23] [info] ➡️ GET /.well-known/appspecific/com.chrome.devtools.json 요청 from ::1
[2025-10-01 02:28:23] [info] ➡️ GET /api/exchange-rate 요청 from ::1
[2025-10-01 02:28:23] [info] ➡️ GET /api/users/info 요청 from ::1
[2025-10-01 02:28:23] [info] ➡️ GET /api/users/notices?lang=ko 요청 from ::1
[2025-10-01 02:30:17] [info] ➡️ GET /support/notice 요청 from ::1
[2025-10-01 02:30:17] [info] ➡️ GET /.well-known/appspecific/com.chrome.devtools.json 요청 from ::1
[2025-10-01 02:30:17] [info] ➡️ GET /api/exchange-rate 요청 from ::1
[2025-10-01 02:30:17] [info] ➡️ GET /api/users/info 요청 from ::1
[2025-10-01 02:30:17] [info] ➡️ GET /api/users/notices?lang=ko 요청 from ::1
[2025-10-01 02:32:44] [info] ➡️ GET /support/notice 요청 from ::1
[2025-10-01 02:32:44] [info] ➡️ GET /.well-known/appspecific/com.chrome.devtools.json 요청 from ::1
[2025-10-01 02:32:46] [info] ➡️ GET /api/exchange-rate 요청 from ::1
[2025-10-01 02:32:46] [info] ➡️ GET /api/users/info 요청 from ::1
[2025-10-01 02:32:46] [info] ➡️ GET /api/users/notices?lang=ko 요청 from ::1
[2025-10-01 02:33:12] [info] ➡️ GET /support/notice 요청 from ::1
[2025-10-01 02:33:12] [info] ➡️ GET /.well-known/appspecific/com.chrome.devtools.json 요청 from ::1
[2025-10-01 02:33:13] [info] ➡️ GET /api/exchange-rate 요청 from ::1
[2025-10-01 02:33:13] [info] ➡️ GET /api/users/info 요청 from ::1
[2025-10-01 02:33:13] [info] ➡️ GET /api/users/notices?lang=ko 요청 from ::1
[2025-10-01 02:33:19] [info] ➡️ GET /support/notice 요청 from ::1
[2025-10-01 02:33:19] [info] ➡️ GET /.well-known/appspecific/com.chrome.devtools.json 요청 from ::1
[2025-10-01 02:33:20] [info] ➡️ GET /api/exchange-rate 요청 from ::1
[2025-10-01 02:33:20] [info] ➡️ GET /api/users/info 요청 from ::1
[2025-10-01 02:33:20] [info] ➡️ GET /api/users/notices?lang=ko 요청 from ::1
[2025-10-01 02:33:53] [info] ➡️ GET /support/notice 요청 from ::1
[2025-10-01 02:33:53] [info] ➡️ GET /.well-known/appspecific/com.chrome.devtools.json 요청 from ::1
[2025-10-01 02:33:54] [info] ➡️ GET /api/exchange-rate 요청 from ::1
[2025-10-01 02:33:54] [info] ➡️ GET /api/users/info 요청 from ::1
[2025-10-01 02:33:54] [info] ➡️ GET /api/users/notices?lang=ko 요청 from ::1
[2025-10-01 02:34:02] [info] ➡️ GET /api/exchange-rate 요청 from ::1
[2025-10-01 02:34:02] [info] ➡️ GET /api/users/info 요청 from ::1
[2025-10-01 02:34:02] [info] ➡️ GET /api/users/notices/16 요청 from ::1
[2025-10-01 02:34:37] [info] ➡️ GET /api/exchange-rate 요청 from ::1
[2025-10-01 02:34:37] [info] ➡️ GET /api/users/info 요청 from ::1
[2025-10-01 02:34:37] [info] ➡️ GET /api/users/notices/15 요청 from ::1
[2025-10-01 02:37:49] [info] ➡️ GET /support/notice/15 요청 from ::1
[2025-10-01 02:37:49] [info] ➡️ GET /.well-known/appspecific/com.chrome.devtools.json 요청 from ::1
[2025-10-01 02:37:51] [info] ➡️ GET /api/exchange-rate 요청 from ::1
[2025-10-01 02:37:51] [info] ➡️ GET /api/users/info 요청 from ::1
[2025-10-01 02:37:51] [info] ➡️ GET /api/users/notices/15 요청 from ::1
[2025-10-01 02:38:12] [info] ➡️ GET /support/notice/15 요청 from ::1
[2025-10-01 02:38:12] [info] ➡️ GET /.well-known/appspecific/com.chrome.devtools.json 요청 from ::1
[2025-10-01 02:38:13] [info] ➡️ GET /api/exchange-rate 요청 from ::1
[2025-10-01 02:38:13] [info] ➡️ GET /api/users/info 요청 from ::1
[2025-10-01 02:38:13] [info] ➡️ GET /api/users/notices/15 요청 from ::1
[2025-10-01 02:38:21] [info] ➡️ GET /support/notice/15 요청 from ::1
[2025-10-01 02:38:21] [info] ➡️ GET /.well-known/appspecific/com.chrome.devtools.json 요청 from ::1
[2025-10-01 02:38:22] [info] ➡️ GET /api/exchange-rate 요청 from ::1
[2025-10-01 02:38:22] [info] ➡️ GET /api/users/info 요청 from ::1
[2025-10-01 02:38:22] [info] ➡️ GET /api/users/notices/15 요청 from ::1
[2025-10-01 02:40:37] [info] ➡️ GET /support/notice/15 요청 from ::1
[2025-10-01 02:40:37] [info] ➡️ GET /.well-known/appspecific/com.chrome.devtools.json 요청 from ::1
[2025-10-01 02:40:38] [info] ➡️ GET /api/exchange-rate 요청 from ::1
[2025-10-01 02:40:38] [info] ➡️ GET /api/users/info 요청 from ::1
[2025-10-01 02:40:38] [info] ➡️ GET /api/users/notices/15 요청 from ::1
[2025-10-01 02:40:40] [info] ➡️ GET /api/exchange-rate 요청 from ::1
[2025-10-01 02:40:40] [info] ➡️ GET /api/users/info 요청 from ::1
[2025-10-01 02:40:40] [info] ➡️ GET /api/users/notices?lang=ko 요청 from ::1
